,A1,A10,A6,E1,E19P,E19S,E19V,E20P,E20S,E20T,RES,S19,S1M,S1S,S20,S9M,STBY
2020-01-01 00:00:00,1.5854,15.4077,8.8287,0.7852,258.3888,193.3391,34.8135,941.2675,478.031,3501.1943,0.7852,79.8749,79.8749,79.8749,79.8749,79.8749,79.8749
2020-01-01 00:30:00,1.5592,15.3082,8.693,0.7691,256.9642,192.489,34.5462,938.3035,475.7599,3486.6151,0.7691,109.34,109.34,109.34,109.34,109.34,109.34
2020-01-01 01:00:00,1.5505,15.2085,8.6276,0.7456,255.9071,191.9127,34.2493,934.1764,475.8691,3441.7824,0.7456,95.0028,95.0028,95.0028,95.0028,95.0028,95.0028
2020-01-01 01:30:00,1.5519,15.1047,8.6037,0.7028,255.566,190.6085,34.1085,929.9005,473.2399,3436.1316,0.7028,95.8818,95.8818,95.8818,95.8818,95.8818,95.8818
2020-01-01 02:00:00,1.5368,15.1539,8.4892,0.7045,256.8154,190.3352,34.0288,927.7907,473.0192,3425.6254,0.7045,94.4605,94.4605,94.4605,94.4605,94.4605,94.4605
2020-01-01 02:30:00,1.5357,15.1226,8.4735,0.696,258.1458,190.2161,33.7742,925.7648,472.7461,3410.9813,0.696,91.2447,91.2447,91.2447,91.2447,91.2447,91.2447
2020-01-01 03:00:00,1.5416,15.1329,8.7231,0.6783,256.1233,190.1625,33.8465,923.4667,475.2479,3407.2833,0.6783,108.0611,108.0611,108.0611,108.0611,108.0611,108.0611
2020-01-01 03:30:00,1.542,15.3665,8.7353,0.6586,255.5035,190.4723,33.7763,921.7375,477.3019,3384.5111,0.6586,95.5506,95.5506,95.5506,95.5506,95.5506,95.5506
2020-01-01 04:00:00,1.5512,15.7492,8.6996,0.655,256.6277,192.8905,34.2395,930.3976,478.2234,3337.9373,0.655,84.7485,84.7485,84.7485,84.7485,84.7485,84.7485
2020-01-01 04:30:00,1.5733,16.1908,8.7096,0.6616,256.964,193.5619,34.5492,934.3356,481.3547,3322.586,0.6616,105.1781,105.1781,105.1781,105.1781,105.1781,105.1781
2020-01-01 05:00:00,1.6194,16.9672,9.0353,0.6752,261.4018,196.4867,35.2112,942.2096,485.4927,3324.8359,0.6752,182.353,182.353,182.353,182.353,182.353,182.353
2020-01-01 05:30:00,1.6314,17.5311,9.2587,0.6949,263.7445,199.5157,36.0302,947.2486,490.6336,3270.7828,0.6949,201.5661,201.5661,201.5661,201.5661,201.5661,201.5661
2020-01-01 06:00:00,1.6808,18.1858,9.6006,0.7066,269.3698,205.3624,37.2152,959.3141,501.9966,3276.5415,0.7066,182.3701,182.3701,182.3701,182.3701,182.3701,182.3701
2020-01-01 06:30:00,1.6884,18.5799,9.6377,0.7151,266.9074,208.1029,37.783,965.4461,507.6404,3299.8356,0.7151,200.8115,200.8115,200.8115,200.8115,200.8115,200.8115
2020-01-01 07:00:00,1.6876,18.9021,9.4969,0.7369,266.3108,209.0547,37.9229,963.1696,509.7069,3258.9719,0.7369,175.3508,175.3508,175.3508,175.3508,175.3508,175.3508
2020-01-01 07:30:00,1.6281,18.5535,8.6886,0.7561,264.6134,205.7892,37.4988,951.0278,509.9289,3182.5244,0.7561,196.3335,196.3335,196.3335,196.3335,196.3335,196.3335
2020-01-01 08:00:00,1.6184,18.3147,7.1399,0.7776,257.3391,204.9535,37.5304,940.4336,512.0146,3151.3754,0.7776,174.0417,174.0417,174.0417,174.0417,174.0417,174.0417
2020-01-01 08:30:00,1.6031,18.2092,5.6473,0.7767,246.9569,201.939,37.7142,923.5289,509.2828,3125.1653,0.7767,193.6906,193.6906,193.6906,193.6906,193.6906,193.6906
2020-01-01 09:00:00,1.609,18.6236,4.8443,0.7787,236.9878,200.2707,38.1539,911.5903,509.6069,3107.6943,0.7787,178.5041,178.5041,178.5041,178.5041,178.5041,178.5041
2020-01-01 09:30:00,1.6133,18.7854,4.3854,0.7821,234.6027,198.8626,38.5399,899.4608,512.9399,3081.4453,0.7821,190.5376,190.5376,190.5376,190.5376,190.5376,190.5376
2020-01-01 10:00:00,1.6542,19.1889,3.8902,0.7813,233.1601,200.3966,38.5835,902.2017,514.5031,3065.0941,0.7813,165.5863,165.5863,165.5863,165.5863,165.5863,165.5863
2020-01-01 10:30:00,1.6625,19.31,3.6267,0.7857,235.4993,201.2246,38.6641,907.7638,517.0476,3074.6789,0.7857,197.9015,197.9015,197.9015,197.9015,197.9015,197.9015
2020-01-01 11:00:00,1.6701,19.4242,4.071,0.8133,233.9224,202.822,38.7001,906.4734,518.9557,3067.6511,0.8133,189.8063,189.8063,189.8063,189.8063,189.8063,189.8063
2020-01-01 11:30:00,1.6801,19.5848,3.7292,0.8106,235.6814,203.0343,38.6259,913.8516,517.902,3060.1749,0.8106,178.518,178.518,178.518,178.518,178.518,178.518
2020-01-01 12:00:00,1.6848,19.7496,3.6567,0.783,234.4652,202.9708,38.7417,913.7392,518.0054,3071.1166,0.783,167.49,167.49,167.49,167.49,167.49,167.49
2020-01-01 12:30:00,1.6694,19.8418,4.1299,0.7736,237.1919,205.3016,38.6864,922.9553,521.0971,3060.7356,0.7736,196.5712,196.5712,196.5712,196.5712,196.5712,196.5712
2020-01-01 13:00:00,1.6616,19.8596,3.761,0.7516,236.0421,205.2819,38.7404,926.8812,524.3825,3061.2247,0.7516,178.8312,178.8312,178.8312,178.8312,178.8312,178.8312
2020-01-01 13:30:00,1.666,19.9019,3.6087,0.7435,238.4939,206.8683,38.542,933.6979,526.6135,3074.3374,0.7435,159.3013,159.3013,159.3013,159.3013,159.3013,159.3013
2020-01-01 14:00:00,1.6867,19.6932,4.5049,0.7666,245.1247,209.2859,38.624,946.9828,528.1167,3094.1011,0.7666,171.7763,171.7763,171.7763,171.7763,171.7763,171.7763
2020-01-01 14:30:00,1.6805,19.7885,5.1521,0.7782,247.4173,212.2624,38.7465,957.5839,529.355,3068.9644,0.7782,183.2721,183.2721,183.2721,183.2721,183.2721,183.2721
2020-01-01 15:00:00,1.6857,19.7193,5.2934,0.8035,255.4127,213.8241,38.7345,974.1298,528.7359,3065.6056,0.8035,163.5286,163.5286,163.5286,163.5286,163.5286,163.5286
2020-01-01 15:30:00,1.7,19.8246,5.7187,0.837,260.9321,215.2725,38.8228,984.0885,530.2577,3108.7469,0.837,169.5066,169.5066,169.5066,169.5066,169.5066,169.5066
2020-01-01 16:00:00,1.7331,19.8516,7.2575,0.8694,269.536,217.3675,39.0761,995.9224,529.9884,3169.1812,0.8694,154.1538,154.1538,154.1538,154.1538,154.1538,154.1538
2020-01-01 16:30:00,1.7697,20.2457,8.0908,0.9609,277.6254,220.6966,39.8792,1001.5012,527.3611,3213.9627,0.9609,178.1554,178.1554,178.1554,178.1554,178.1554,178.1554
2020-01-01 17:00:00,1.8926,20.6655,8.2913,1.0463,284.1735,223.6627,41.2452,1010.8535,525.639,3290.1629,1.0463,211.1824,211.1824,211.1824,211.1824,211.1824,211.1824
2020-01-01 17:30:00,1.888,20.5033,8.6666,1.1074,284.5724,222.9397,41.2612,1009.5193,523.2862,3294.771,1.1074,204.823,204.823,204.823,204.823,204.823,204.823
2020-01-01 18:00:00,1.8581,19.8539,8.5725,1.1352,282.9175,217.6628,40.4553,1000.8604,508.8847,3271.4459,1.1352,196.5442,196.5442,196.5442,196.5442,196.5442,196.5442
2020-01-01 18:30:00,1.8531,19.4592,8.3827,1.1378,282.4602,216.6438,40.1056,998.7794,504.4959,3287.3209,1.1378,207.4564,207.4564,207.4564,207.4564,207.4564,207.4564
2020-01-01 19:00:00,1.8244,19.0722,8.5372,1.0972,280.3265,215.4343,39.761,998.1394,501.5084,3298.8895,1.0972,201.314,201.314,201.314,201.314,201.314,201.314
2020-01-01 19:30:00,1.8094,18.7462,9.275,1.0588,277.8787,214.1798,39.1496,996.0935,499.5683,3301.9139,1.0588,205.3808,205.3808,205.3808,205.3808,205.3808,205.3808
2020-01-01 20:00:00,1.7749,18.3901,9.0916,1.0433,274.9167,210.9818,38.8313,996.6073,499.3997,3297.6611,1.0433,202.4998,202.4998,202.4998,202.4998,202.4998,202.4998
2020-01-01 20:30:00,1.7476,18.1752,8.9019,1.0288,274.3563,209.0569,38.3002,996.1827,497.8826,3291.3147,1.0288,201.0705,201.0705,201.0705,201.0705,201.0705,201.0705
2020-01-01 21:00:00,1.7017,17.5969,8.8368,0.9848,271.228,206.7622,37.608,994.6174,494.9584,3285.2166,0.9848,225.0914,225.0914,225.0914,225.0914,225.0914,225.0914
2020-01-01 21:30:00,1.6546,17.0853,9.0696,0.946,269.2317,205.0842,37.2131,998.4613,491.7268,3283.7327,0.946,181.0981,181.0981,181.0981,181.0981,181.0981,181.0981
2020-01-01 22:00:00,1.6216,16.4417,8.8846,0.8904,263.7262,202.0863,36.4595,993.732,493.3047,3309.4171,0.8904,208.0752,208.0752,208.0752,208.0752,208.0752,208.0752
2020-01-01 22:30:00,1.5874,16.1954,8.7587,0.8504,259.8935,199.4727,35.6149,985.0796,493.0318,3304.0821,0.8504,212.4668,212.4668,212.4668,212.4668,212.4668,212.4668
2020-01-01 23:00:00,1.5609,15.6827,8.7079,0.8068,260.5157,197.3784,34.8002,984.7189,490.7362,3283.9119,0.8068,190.923,190.923,190.923,190.923,190.923,190.923
2020-01-01 23:30:00,1.5548,15.6587,8.9031,0.7486,256.7686,196.7671,34.3205,981.4309,486.4576,3289.2932,0.7486,194.8489,194.8489,194.8489,194.8489,194.8489,194.8489
2020-01-02 00:00:00,1.5286,15.3525,8.8979,0.7214,251.8532,196.3069,33.9823,987.6508,482.1841,3289.6912,0.7214,222.0062,222.0062,222.0062,222.0062,222.0062,222.0062
2020-01-02 00:30:00,1.521,15.1933,8.8019,0.6893,250.2245,197.1229,33.7326,988.6303,482.1179,3285.0643,0.6893,227.8487,227.8487,227.8487,227.8487,227.8487,227.8487
2020-01-02 01:00:00,1.5062,15.1616,8.7907,0.6677,251.4194,195.9305,33.4369,987.6494,483.2151,3298.2676,0.6677,217.5608,217.5608,217.5608,217.5608,217.5608,217.5608
2020-01-02 01:30:00,1.5182,15.1913,8.7452,0.6557,250.7241,195.9924,33.272,983.9825,483.3971,3282.2012,0.6557,246.3182,246.3182,246.3182,246.3182,246.3182,246.3182
2020-01-02 02:00:00,1.4995,15.4241,8.6963,0.6423,251.4783,198.5316,33.3702,985.2607,483.9429,3272.0353,0.6423,253.3452,253.3452,253.3452,253.3452,253.3452,253.3452
2020-01-02 02:30:00,1.5033,15.5653,8.7415,0.6249,250.7987,199.7302,33.4003,984.6874,488.9298,3294.8387,0.6249,241.3596,241.3596,241.3596,241.3596,241.3596,241.3596
2020-01-02 03:00:00,1.5022,15.7774,9.0264,0.6263,250.7716,203.4604,33.5155,989.7514,494.3044,3307.1253,0.6263,249.1944,249.1944,249.1944,249.1944,249.1944,249.1944
2020-01-02 03:30:00,1.5245,16.1312,9.1784,0.6252,253.7278,208.293,33.8523,992.6999,500.4474,3320.6325,0.6252,244.1619,244.1619,244.1619,244.1619,244.1619,244.1619
2020-01-02 04:00:00,1.554,17.0744,9.3832,0.6367,259.6228,216.166,34.6785,999.8116,516.8536,3376.4853,0.6367,246.5016,246.5016,246.5016,246.5016,246.5016,246.5016
2020-01-02 04:30:00,1.6032,18.0181,9.7963,0.6405,265.3094,222.8845,35.387,1013.3481,531.435,3416.4983,0.6405,224.2062,224.2062,224.2062,224.2062,224.2062,224.2062
2020-01-02 05:00:00,1.6935,19.708,10.3322,0.6762,273.8544,235.8643,37.0379,1042.8427,559.3103,3460.6924,0.6762,225.2587,225.2587,225.2587,225.2587,225.2587,225.2587
2020-01-02 05:30:00,1.7667,21.5087,10.6988,0.697,284.4436,244.6814,38.41,1071.0453,585.3478,3477.576,0.697,224.314,224.314,224.314,224.314,224.314,224.314
2020-01-02 06:00:00,1.9223,23.8582,11.6517,0.7305,304.3766,261.7797,40.4884,1114.7262,634.1448,3532.4786,0.7305,223.6515,223.6515,223.6515,223.6515,223.6515,223.6515
2020-01-02 06:30:00,2.0384,25.6065,12.1577,0.7715,313.6047,273.0528,41.8998,1143.1161,664.4964,3578.183,0.7715,235.2197,235.2197,235.2197,235.2197,235.2197,235.2197
2020-01-02 07:00:00,2.1825,27.8014,12.4809,0.7916,322.6117,283.1326,42.7196,1163.0959,698.9914,3624.698,0.7916,201.7936,201.7936,201.7936,201.7936,201.7936,201.7936
2020-01-02 07:30:00,2.3019,28.4635,12.1417,0.8085,323.302,286.3039,42.6902,1173.9695,724.3755,3645.7279,0.8085,209.575,209.575,209.575,209.575,209.575,209.575
2020-01-02 08:00:00,2.4722,29.5908,10.3527,0.8235,319.2785,290.0143,43.4923,1180.5997,755.3093,3610.1508,0.8235,162.262,162.262,162.262,162.262,162.262,162.262
2020-01-02 08:30:00,2.5671,30.6128,8.7314,0.804,311.3291,291.6048,43.8763,1181.3254,763.0898,3578.96,0.804,179.4236,179.4236,179.4236,179.4236,179.4236,179.4236
2020-01-02 09:00:00,2.7083,30.9178,8.2771,0.7704,305.2003,295.5756,44.257,1185.065,772.178,3593.1316,0.7704,168.7497,168.7497,168.7497,168.7497,168.7497,168.7497
2020-01-02 09:30:00,2.7859,31.5418,7.0602,0.7437,302.2768,295.9611,44.7959,1178.9156,779.5154,3583.416,0.7437,169.9349,169.9349,169.9349,169.9349,169.9349,169.9349
2020-01-02 10:00:00,2.8246,32.2545,5.7716,0.7519,300.9205,296.3367,45.1785,1171.5084,785.8947,3577.319,0.7519,171.9831,171.9831,171.9831,171.9831,171.9831,171.9831
2020-01-02 10:30:00,2.8644,32.6072,5.5436,0.7303,301.7532,296.6203,45.4343,1178.5802,789.1546,3609.0483,0.7303,174.5397,174.5397,174.5397,174.5397,174.5397,174.5397
2020-01-02 11:00:00,2.8183,32.443,5.3675,0.7294,298.6814,296.6312,44.9482,1178.7101,794.4945,3619.6662,0.7294,151.9504,151.9504,151.9504,151.9504,151.9504,151.9504
2020-01-02 11:30:00,2.7996,32.626,5.0469,0.7148,298.5702,297.8633,45.0871,1173.5468,798.9385,3677.4826,0.7148,170.3283,170.3283,170.3283,170.3283,170.3283,170.3283
2020-01-02 12:00:00,2.7431,32.4284,5.042,0.7033,296.0575,299.6062,45.0089,1174.398,797.0099,3680.7608,0.7033,165.4988,165.4988,165.4988,165.4988,165.4988,165.4988
2020-01-02 12:30:00,2.7739,32.8601,5.0655,0.7042,296.8087,301.6564,45.0539,1179.1784,805.4304,3718.4558,0.7042,149.7499,149.7499,149.7499,149.7499,149.7499,149.7499
2020-01-02 13:00:00,2.7791,32.7744,4.8964,0.6955,298.8833,301.6135,45.1158,1185.9631,807.0746,3686.7325,0.6955,171.799,171.799,171.799,171.799,171.799,171.799
2020-01-02 13:30:00,2.76,31.9816,4.9063,0.6772,299.0365,303.9513,45.3359,1188.5665,809.0104,3682.951,0.6772,147.3637,147.3637,147.3637,147.3637,147.3637,147.3637
2020-01-02 14:00:00,2.7382,31.6338,5.0403,0.6593,295.002,304.1052,45.3033,1190.1978,812.1795,3675.1918,0.6593,168.1359,168.1359,168.1359,168.1359,168.1359,168.1359
2020-01-02 14:30:00,2.7031,31.0492,5.0649,0.6692,299.3263,305.4117,45.1593,1196.5735,800.2812,3657.0035,0.6692,167.7987,167.7987,167.7987,167.7987,167.7987,167.7987
2020-01-02 15:00:00,2.653,30.505,5.5185,0.6848,308.5413,306.6906,44.7074,1202.1018,789.722,3659.533,0.6848,197.1274,197.1274,197.1274,197.1274,197.1274,197.1274
2020-01-02 15:30:00,2.5814,29.8385,6.7481,0.7205,321.811,309.3109,44.6899,1207.0421,782.0936,3704.5126,0.7205,152.3761,152.3761,152.3761,152.3761,152.3761,152.3761
2020-01-02 16:00:00,2.5504,29.4147,8.0915,0.7806,329.1791,308.5021,44.8817,1210.8331,773.6522,3732.686,0.7806,169.6152,169.6152,169.6152,169.6152,169.6152,169.6152
2020-01-02 16:30:00,2.5017,28.7379,9.1354,0.8557,336.0508,306.2152,45.0408,1210.9983,759.763,3770.4902,0.8557,176.4116,176.4116,176.4116,176.4116,176.4116,176.4116
2020-01-02 17:00:00,2.4783,27.8794,9.7362,0.9749,339.9336,301.3584,45.9628,1211.4769,743.1466,3794.4114,0.9749,205.9845,205.9845,205.9845,205.9845,205.9845,205.9845
2020-01-02 17:30:00,2.4089,26.708,10.009,1.0623,338.3921,295.3918,45.5099,1197.1939,716.4889,3778.8604,1.0623,211.8081,211.8081,211.8081,211.8081,211.8081,211.8081
2020-01-02 18:00:00,2.2967,24.9812,9.9171,1.0781,332.6115,281.4445,44.6861,1176.0386,650.0452,3778.2903,1.0781,220.7511,220.7511,220.7511,220.7511,220.7511,220.7511
2020-01-02 18:30:00,2.2174,24.437,9.5104,1.1019,331.8186,276.461,44.1574,1166.6629,637.2463,3778.2371,1.1019,206.2639,206.2639,206.2639,206.2639,206.2639,206.2639
2020-01-02 19:00:00,2.1199,23.5975,9.4396,1.1042,329.9806,269.9797,43.4135,1152.8518,628.8553,3787.3415,1.1042,226.3468,226.3468,226.3468,226.3468,226.3468,226.3468
2020-01-02 19:30:00,2.0642,23.1902,9.4318,1.0928,327.7879,265.4075,42.8146,1151.7211,619.9418,3758.5456,1.0928,203.2643,203.2643,203.2643,203.2643,203.2643,203.2643
2020-01-02 20:00:00,2.0025,22.4889,9.2894,1.0748,322.3235,261.2004,42.1292,1139.261,610.1637,3807.237,1.0748,224.8657,224.8657,224.8657,224.8657,224.8657,224.8657
2020-01-02 20:30:00,1.9573,21.9611,8.8297,1.065,320.8393,255.6335,41.6642,1133.3159,604.1952,3802.12,1.065,205.7569,205.7569,205.7569,205.7569,205.7569,205.7569
2020-01-02 21:00:00,1.8862,21.1881,8.889,1.035,313.4696,249.1085,40.9312,1126.7483,589.9868,3793.5164,1.035,205.8931,205.8931,205.8931,205.8931,205.8931,205.8931
2020-01-02 21:30:00,1.8011,20.3971,8.7216,0.9889,311.3503,244.5998,40.266,1124.272,586.171,3786.5094,0.9889,219.5856,219.5856,219.5856,219.5856,219.5856,219.5856
2020-01-02 22:00:00,1.7214,19.447,8.3478,0.9223,304.726,238.5418,38.7613,1117.0759,577.6667,3767.4585,0.9223,218.8787,218.8787,218.8787,218.8787,218.8787,218.8787
2020-01-02 22:30:00,1.6757,18.7294,8.2362,0.8687,297.1966,235.8287,37.9633,1103.6263,570.109,3754.8076,0.8687,212.4275,212.4275,212.4275,212.4275,212.4275,212.4275
2020-01-02 23:00:00,1.6391,18.1135,8.1016,0.8138,293.7297,231.3216,37.06,1101.018,561.5734,3734.1255,0.8138,204.4883,204.4883,204.4883,204.4883,204.4883,204.4883
2020-01-02 23:30:00,1.6079,17.6529,8.1882,0.7544,290.7268,228.8252,36.5633,1097.9743,560.6431,3700.8686,0.7544,208.0776,208.0776,208.0776,208.0776,208.0776,208.0776
2020-01-03 00:00:00,1.5724,17.359,7.8748,0.7497,285.4727,225.7285,35.9035,1100.3965,553.2609,3794.8149,0.7497,210.1903,210.1903,210.1903,210.1903,210.1903,210.1903
2020-01-03 00:30:00,1.5644,17.1622,7.8749,0.72,284.1696,224.0026,35.2941,1096.3194,542.588,3777.1368,0.72,196.8822,196.8822,196.8822,196.8822,196.8822,196.8822
2020-01-03 01:00:00,1.5434,16.9746,7.8909,0.6832,282.2849,221.0246,34.8419,1083.6804,539.6583,3768.983,0.6832,132.8044,132.8044,132.8044,132.8044,132.8044,132.8044
2020-01-03 01:30:00,1.5432,16.8148,7.9034,0.6525,281.7508,219.3893,34.785,1080.4699,535.2113,3770.469,0.6525,91.5931,91.5931,91.5931,91.5931,91.5931,91.5931
2020-01-03 02:00:00,1.556,16.7905,7.9233,0.6498,277.8965,217.241,34.6312,1068.0183,534.9394,3741.7352,0.6498,95.219,95.219,95.219,95.219,95.219,95.219
2020-01-03 02:30:00,1.5582,16.7618,8.0,0.6397,279.6806,216.694,34.5798,1062.1705,531.4459,3739.512,0.6397,93.2313,93.2313,93.2313,93.2313,93.2313,93.2313
2020-01-03 03:00:00,1.5411,16.9381,8.5384,0.6354,279.5628,218.4612,34.8334,1064.542,535.3685,3756.8614,0.6354,112.7868,112.7868,112.7868,112.7868,112.7868,112.7868
2020-01-03 03:30:00,1.5754,17.274,8.3532,0.63,278.7071,221.3109,35.0774,1064.3177,544.1585,3757.857,0.63,102.5393,102.5393,102.5393,102.5393,102.5393,102.5393
2020-01-03 04:00:00,1.5975,18.329,8.4109,0.6375,281.9949,228.4463,35.8635,1077.1962,558.2441,3800.7134,0.6375,98.4741,98.4741,98.4741,98.4741,98.4741,98.4741
2020-01-03 04:30:00,1.65,18.8813,8.8918,0.6497,287.7701,233.9378,36.7203,1090.9169,572.4639,3860.4065,0.6497,105.1162,105.1162,105.1162,105.1162,105.1162,105.1162
2020-01-03 05:00:00,1.7448,20.7467,9.6563,0.6764,297.6264,246.3821,38.2223,1114.3876,597.5144,3907.0108,0.6764,107.997,107.997,107.997,107.997,107.997,107.997
2020-01-03 05:30:00,1.8095,22.3638,10.0298,0.7153,307.4998,254.92,39.49,1140.443,624.9265,3898.3818,0.7153,99.478,99.478,99.478,99.478,99.478,99.478
2020-01-03 06:00:00,1.9307,24.7264,10.9577,0.753,322.6429,270.0953,41.5846,1172.6152,668.3688,3957.3118,0.753,109.0386,109.0386,109.0386,109.0386,109.0386,109.0386
2020-01-03 06:30:00,2.082,26.3599,11.6214,0.7852,332.3998,279.9979,42.7721,1195.455,696.816,3989.4939,0.7852,95.4936,95.4936,95.4936,95.4936,95.4936,95.4936
2020-01-03 07:00:00,2.2213,28.3811,13.1444,0.8293,340.3777,290.9382,43.9617,1210.0497,728.2659,3982.0122,0.8293,78.0074,78.0074,78.0074,78.0074,78.0074,78.0074
2020-01-03 07:30:00,2.3188,29.1685,13.2881,0.8386,338.0096,292.7479,43.9631,1210.6968,743.235,3970.888,0.8386,43.6788,43.6788,43.6788,43.6788,43.6788,43.6788
2020-01-03 08:00:00,2.5093,30.1733,11.4767,0.8482,335.3723,295.6687,44.5842,1217.3877,764.0014,3938.9761,0.8482,49.7858,49.7858,49.7858,49.7858,49.7858,49.7858
2020-01-03 08:30:00,2.6159,30.5431,9.758,0.8006,328.9672,297.2145,45.0805,1210.2097,775.7166,3882.1419,0.8006,31.6927,31.6927,31.6927,31.6927,31.6927,31.6927
2020-01-03 09:00:00,2.7329,30.7714,8.4686,0.7721,319.9178,299.4246,45.3586,1207.6382,782.2176,3833.772,0.7721,60.3672,60.3672,60.3672,60.3672,60.3672,60.3672
2020-01-03 09:30:00,2.798,31.358,7.7631,0.7679,317.2733,300.3144,45.5975,1202.2607,792.5703,3842.809,0.7679,44.6895,44.6895,44.6895,44.6895,44.6895,44.6895
2020-01-03 10:00:00,2.8544,32.1681,7.0587,0.7547,318.3423,298.9702,45.5954,1195.5341,791.3865,3840.1622,0.7547,48.927,48.927,48.927,48.927,48.927,48.927
2020-01-03 10:30:00,2.8609,32.5345,6.1831,0.7166,312.5111,298.044,45.9531,1207.0336,789.6112,3881.7765,0.7166,56.9085,56.9085,56.9085,56.9085,56.9085,56.9085
2020-01-03 11:00:00,2.8607,32.3876,6.0178,0.7131,307.7256,298.4054,45.9271,1201.3775,792.813,3924.3004,0.7131,40.6121,40.6121,40.6121,40.6121,40.6121,40.6121
2020-01-03 11:30:00,2.8329,32.3753,5.6365,0.6976,307.7983,299.5542,45.9386,1207.1379,801.8257,3975.4367,0.6976,54.0911,54.0911,54.0911,54.0911,54.0911,54.0911
2020-01-03 12:00:00,2.753,32.1185,5.6255,0.6827,308.7469,300.5819,45.6984,1208.4424,802.5744,3965.5004,0.6827,35.1502,35.1502,35.1502,35.1502,35.1502,35.1502
2020-01-03 12:30:00,2.7439,32.2933,5.6273,0.6794,312.7697,302.0014,45.8947,1205.3455,807.6797,3911.1889,0.6794,54.7522,54.7522,54.7522,54.7522,54.7522,54.7522
2020-01-03 13:00:00,2.7442,32.4848,5.4244,0.6715,312.2276,302.9186,45.9498,1211.6561,810.0335,3878.5614,0.6715,46.4834,46.4834,46.4834,46.4834,46.4834,46.4834
2020-01-03 13:30:00,2.731,31.8368,5.2696,0.6716,307.2829,305.3336,46.0306,1217.7901,812.3818,3887.0077,0.6716,54.375,54.375,54.375,54.375,54.375,54.375
2020-01-03 14:00:00,2.697,31.4019,5.4865,0.6653,306.3996,305.3199,45.8163,1222.4991,807.5036,3898.197,0.6653,30.56,30.56,30.56,30.56,30.56,30.56
2020-01-03 14:30:00,2.6694,30.6888,5.9358,0.6745,308.3451,305.4075,45.7473,1220.8138,788.5959,3903.8516,0.6745,61.3195,61.3195,61.3195,61.3195,61.3195,61.3195
2020-01-03 15:00:00,2.6166,29.9335,6.2713,0.6775,306.9507,305.7594,45.3885,1212.852,781.4279,3894.6667,0.6775,27.8616,27.8616,27.8616,27.8616,27.8616,27.8616
2020-01-03 15:30:00,2.5577,29.338,6.8163,0.7122,314.4057,305.7737,45.2448,1220.2632,774.4059,3947.8356,0.7122,67.3013,67.3013,67.3013,67.3013,67.3013,67.3013
2020-01-03 16:00:00,2.5181,28.6273,7.7766,0.7689,322.4284,304.2522,45.2603,1233.4313,763.4786,3990.502,0.7689,43.4822,43.4822,43.4822,43.4822,43.4822,43.4822
2020-01-03 16:30:00,2.4967,28.2018,9.183,0.8516,331.7937,302.7135,45.3309,1235.5964,757.4289,4012.1725,0.8516,54.1445,54.1445,54.1445,54.1445,54.1445,54.1445
2020-01-03 17:00:00,2.4872,27.8302,9.8545,0.9823,337.9482,300.0489,46.2522,1223.8049,747.5135,4045.9628,0.9823,87.6038,87.6038,87.6038,87.6038,87.6038,87.6038
2020-01-03 17:30:00,2.4222,26.6185,9.982,1.0753,337.8554,296.025,45.904,1209.9039,726.0664,4084.7587,1.0753,96.9891,96.9891,96.9891,96.9891,96.9891,96.9891
2020-01-03 18:00:00,2.2952,25.188,9.6407,1.0773,332.011,281.723,44.8725,1200.0145,657.2948,4071.8528,1.0773,102.6941,102.6941,102.6941,102.6941,102.6941,102.6941
2020-01-03 18:30:00,2.2395,24.7396,9.7397,1.1012,325.7025,276.0009,44.1888,1188.6882,645.4389,4057.9067,1.1012,114.425,114.425,114.425,114.425,114.425,114.425
2020-01-03 19:00:00,2.1455,23.7299,9.8139,1.0934,323.294,270.417,43.6162,1177.5978,630.1996,4060.7374,1.0934,99.1695,99.1695,99.1695,99.1695,99.1695,99.1695
2020-01-03 19:30:00,2.0829,22.9948,9.7225,1.0642,317.6948,267.8329,43.2888,1166.5765,622.9621,4018.6368,1.0642,104.0484,104.0484,104.0484,104.0484,104.0484,104.0484
2020-01-03 20:00:00,2.0243,22.1221,9.4835,1.0486,313.386,263.666,42.5774,1153.167,614.9597,3996.5501,1.0486,100.4184,100.4184,100.4184,100.4184,100.4184,100.4184
2020-01-03 20:30:00,1.9617,21.6621,9.3418,1.0354,310.7802,258.0272,41.9975,1145.8296,608.5151,3996.2813,1.0354,102.9488,102.9488,102.9488,102.9488,102.9488,102.9488
2020-01-03 21:00:00,1.8798,20.8934,9.4257,1.0041,304.7213,250.7841,41.2802,1130.8601,597.7581,3996.72,1.0041,106.9886,106.9886,106.9886,106.9886,106.9886,106.9886
2020-01-03 21:30:00,1.819,20.2077,9.4914,0.977,303.983,246.5825,40.7221,1134.1809,592.755,4014.8315,0.977,104.7723,104.7723,104.7723,104.7723,104.7723,104.7723
2020-01-03 22:00:00,1.7589,19.2116,9.1892,0.9375,296.6682,239.5137,39.6128,1122.7669,584.8397,4009.4361,0.9375,98.6497,98.6497,98.6497,98.6497,98.6497,98.6497
2020-01-03 22:30:00,1.6996,18.5351,8.9057,0.8945,289.6186,236.2733,38.4787,1112.1821,578.2055,4007.3285,0.8945,113.1081,113.1081,113.1081,113.1081,113.1081,113.1081
2020-01-03 23:00:00,1.6572,17.6208,8.6659,0.8288,285.5427,231.3799,37.4612,1097.6683,563.8776,3998.4443,0.8288,96.4671,96.4671,96.4671,96.4671,96.4671,96.4671
2020-01-03 23:30:00,1.6112,17.1247,8.6575,0.7765,284.4124,228.4362,36.6722,1087.8638,561.099,3988.3326,0.7765,115.0379,115.0379,115.0379,115.0379,115.0379,115.0379
2020-01-04 00:00:00,1.5825,16.6574,8.3346,0.7398,272.4766,219.2943,35.3421,1068.0574,528.9165,3558.4743,0.7398,57.0666,57.0666,57.0666,57.0666,57.0666,57.0666
2020-01-04 00:30:00,1.5523,16.5368,8.2408,0.7078,269.3881,216.4081,34.8622,1063.735,524.1062,3557.2518,0.7078,85.8771,85.8771,85.8771,85.8771,85.8771,85.8771
2020-01-04 01:00:00,1.5343,16.3466,8.0855,0.6724,264.8387,214.331,34.4888,1056.577,520.1983,3528.32,0.6724,71.76,71.76,71.76,71.76,71.76,71.76
2020-01-04 01:30:00,1.528,16.3986,8.1603,0.6579,263.9155,211.5932,34.1534,1053.6989,513.6034,3505.514,0.6579,72.4574,72.4574,72.4574,72.4574,72.4574,72.4574
2020-01-04 02:00:00,1.5238,16.2299,8.1086,0.6357,264.5917,209.3875,34.1664,1050.0005,511.5748,3494.5365,0.6357,89.594,89.594,89.594,89.594,89.594,89.594
2020-01-04 02:30:00,1.5237,16.1394,8.2243,0.632,263.1603,209.318,33.8661,1044.7929,512.4866,3459.4,0.632,68.8399,68.8399,68.8399,68.8399,68.8399,68.8399
2020-01-04 03:00:00,1.5182,15.9857,8.2428,0.6319,263.3538,209.6768,33.7919,1037.1572,514.7572,3467.368,0.6319,66.8272,66.8272,66.8272,66.8272,66.8272,66.8272
2020-01-04 03:30:00,1.5158,16.0686,8.3249,0.626,263.0764,209.9016,33.7631,1039.1157,514.1296,3469.5902,0.626,68.5851,68.5851,68.5851,68.5851,68.5851,68.5851
2020-01-04 04:00:00,1.5393,16.3524,8.2791,0.6279,262.84,212.5545,34.3339,1042.4485,514.8093,3431.218,0.6279,79.9826,79.9826,79.9826,79.9826,79.9826,79.9826
2020-01-04 04:30:00,1.5552,16.4242,8.4255,0.6326,267.5625,215.2707,34.7137,1043.9769,519.0968,3425.8828,0.6326,58.3016,58.3016,58.3016,58.3016,58.3016,58.3016
2020-01-04 05:00:00,1.6017,16.7975,8.5007,0.6532,273.9323,219.5527,35.5859,1061.68,524.8518,3460.8826,0.6532,80.0024,80.0024,80.0024,80.0024,80.0024,80.0024
2020-01-04 05:30:00,1.6243,17.236,8.953,0.6792,277.5045,222.5003,36.1967,1063.7096,530.3574,3471.5087,0.6792,67.6073,67.6073,67.6073,67.6073,67.6073,67.6073
2020-01-04 06:00:00,1.6736,18.3833,8.6863,0.6972,283.3813,228.5739,37.5638,1075.7125,543.7918,3488.2896,0.6972,78.2328,78.2328,78.2328,78.2328,78.2328,78.2328
2020-01-04 06:30:00,1.7137,19.0612,8.7346,0.7157,285.7791,231.3414,38.2712,1080.6505,550.4212,3531.5402,0.7157,68.0369,68.0369,68.0369,68.0369,68.0369,68.0369
2020-01-04 07:00:00,1.7476,19.5846,8.5779,0.7434,285.676,234.7697,38.7506,1079.1056,560.2364,3534.7212,0.7434,59.8449,59.8449,59.8449,59.8449,59.8449,59.8449
2020-01-04 07:30:00,1.7422,20.0536,7.9856,0.7583,281.7915,232.1226,38.5064,1081.1023,560.0543,3499.1303,0.7583,24.0348,24.0348,24.0348,24.0348,24.0348,24.0348
2020-01-04 08:00:00,1.8192,20.3903,7.0206,0.8071,275.7722,232.8405,38.666,1078.9305,562.7998,3506.3865,0.8071,40.7479,40.7479,40.7479,40.7479,40.7479,40.7479
2020-01-04 08:30:00,1.8858,20.4621,5.6272,0.8195,267.7613,231.746,38.8995,1068.5376,566.0687,3517.4516,0.8195,61.368,61.368,61.368,61.368,61.368,61.368
2020-01-04 09:00:00,1.9668,20.8673,4.8729,0.8199,258.5508,230.9359,39.1588,1059.9744,574.8187,3550.1485,0.8199,46.3203,46.3203,46.3203,46.3203,46.3203,46.3203
2020-01-04 09:30:00,2.0458,21.0531,4.2793,0.8178,255.7679,230.6351,39.5461,1053.5708,576.9593,3517.2793,0.8178,65.7626,65.7626,65.7626,65.7626,65.7626,65.7626
2020-01-04 10:00:00,2.1138,21.4606,3.9306,0.7984,256.8891,230.6136,39.7838,1056.3834,576.3385,3543.3144,0.7984,32.4344,32.4344,32.4344,32.4344,32.4344,32.4344
2020-01-04 10:30:00,2.1103,21.6504,3.8152,0.7914,252.7525,230.0986,39.7478,1066.3022,580.504,3533.4463,0.7914,58.7523,58.7523,58.7523,58.7523,58.7523,58.7523
2020-01-04 11:00:00,2.1171,21.6423,3.7486,0.7851,248.8406,229.4783,39.7393,1060.5823,581.1015,3535.3362,0.7851,64.9638,64.9638,64.9638,64.9638,64.9638,64.9638
2020-01-04 11:30:00,2.1102,21.6272,3.6828,0.7667,248.4286,230.2817,39.6936,1065.0574,581.333,3569.6754,0.7667,32.2976,32.2976,32.2976,32.2976,32.2976,32.2976
2020-01-04 12:00:00,2.1019,21.6026,3.6866,0.7725,248.1922,229.3449,39.504,1063.624,578.4843,3582.3625,0.7725,52.2335,52.2335,52.2335,52.2335,52.2335,52.2335
2020-01-04 12:30:00,2.0791,21.5081,3.5536,0.7689,250.147,229.7817,39.7448,1060.6573,576.5335,3542.7603,0.7689,50.3971,50.3971,50.3971,50.3971,50.3971,50.3971
2020-01-04 13:00:00,2.0477,21.7126,3.5309,0.7681,252.8092,229.1327,39.521,1065.142,567.2851,3523.8428,0.7681,29.0756,29.0756,29.0756,29.0756,29.0756,29.0756
2020-01-04 13:30:00,2.0425,21.5505,3.6184,0.7501,250.8142,229.1601,39.7044,1065.2138,567.274,3519.0638,0.7501,57.7437,57.7437,57.7437,57.7437,57.7437,57.7437
2020-01-04 14:00:00,2.0201,21.4201,3.7551,0.7281,250.2413,228.8494,39.5054,1057.5947,559.8449,3519.4274,0.7281,47.5323,47.5323,47.5323,47.5323,47.5323,47.5323
2020-01-04 14:30:00,2.0175,21.1354,4.0945,0.7486,254.5368,230.4505,39.6796,1067.1767,553.3772,3517.172,0.7486,30.0536,30.0536,30.0536,30.0536,30.0536,30.0536
2020-01-04 15:00:00,2.0,21.0348,4.65,0.7549,259.0455,232.6988,39.7218,1071.5842,555.7373,3530.6005,0.7549,41.0698,41.0698,41.0698,41.0698,41.0698,41.0698
2020-01-04 15:30:00,1.9751,21.0052,5.7181,0.7764,268.1374,234.1312,39.5469,1089.345,557.9315,3537.8644,0.7764,32.9705,32.9705,32.9705,32.9705,32.9705,32.9705
2020-01-04 16:00:00,1.9797,20.9749,6.7848,0.8289,274.048,235.6221,39.63,1096.1254,554.6523,3569.4533,0.8289,33.1953,33.1953,33.1953,33.1953,33.1953,33.1953
2020-01-04 16:30:00,2.0142,21.338,7.9564,0.9094,281.5281,237.8127,40.0845,1108.4523,553.1299,3583.8497,0.9094,41.0212,41.0212,41.0212,41.0212,41.0212,41.0212
2020-01-04 17:00:00,2.103,21.4821,9.0069,1.0014,289.987,240.1056,41.3475,1112.1524,552.9314,3606.0236,1.0014,80.0116,80.0116,80.0116,80.0116,80.0116,80.0116
2020-01-04 17:30:00,2.0989,21.5089,9.3691,1.0713,288.6055,240.5285,41.6388,1109.1627,551.3727,3600.2504,1.0713,70.4444,70.4444,70.4444,70.4444,70.4444,70.4444
2020-01-04 18:00:00,2.0595,21.3097,9.2598,1.0682,288.3907,237.9124,41.2617,1101.0098,545.0761,3615.8886,1.0682,65.0794,65.0794,65.0794,65.0794,65.0794,65.0794
2020-01-04 18:30:00,2.03,20.8832,8.8997,1.0616,285.5298,235.2206,40.9307,1097.7677,539.3949,3615.1925,1.0616,87.0792,87.0792,87.0792,87.0792,87.0792,87.0792
2020-01-04 19:00:00,1.9762,20.4152,8.9893,1.0658,286.4888,232.8539,40.6054,1091.2495,536.247,3620.5357,1.0658,73.6486,73.6486,73.6486,73.6486,73.6486,73.6486
2020-01-04 19:30:00,1.9365,19.941,9.0273,1.0368,281.2583,230.725,40.3582,1089.552,531.6696,3611.0025,1.0368,78.0456,78.0456,78.0456,78.0456,78.0456,78.0456
2020-01-04 20:00:00,1.9057,19.6692,8.8055,1.0081,279.197,227.5314,39.7541,1083.8576,527.1604,3576.8355,1.0081,87.3665,87.3665,87.3665,87.3665,87.3665,87.3665
2020-01-04 20:30:00,1.8786,19.5034,8.8658,0.9989,279.8065,225.9881,39.5335,1075.3089,525.6834,3576.8502,0.9989,78.1497,78.1497,78.1497,78.1497,78.1497,78.1497
2020-01-04 21:00:00,1.7942,19.2594,9.0228,0.9813,274.1684,221.5508,38.9542,1070.1494,521.8935,3569.7465,0.9813,70.6818,70.6818,70.6818,70.6818,70.6818,70.6818
2020-01-04 21:30:00,1.7482,18.695,8.8734,0.9536,272.9783,219.6658,38.3626,1065.2837,520.2342,3578.7857,0.9536,87.2656,87.2656,87.2656,87.2656,87.2656,87.2656
2020-01-04 22:00:00,1.688,18.0156,8.5755,0.9235,269.3351,215.2086,37.4922,1055.7986,512.5744,3572.3875,0.9235,67.7494,67.7494,67.7494,67.7494,67.7494,67.7494
2020-01-04 22:30:00,1.6321,17.493,8.7406,0.8842,264.8473,212.1331,36.6132,1051.3755,508.0857,3574.7268,0.8842,67.8316,67.8316,67.8316,67.8316,67.8316,67.8316
2020-01-04 23:00:00,1.6011,16.7928,9.0113,0.8441,258.2657,207.3059,35.8077,1038.8991,501.1743,3571.7769,0.8441,87.3922,87.3922,87.3922,87.3922,87.3922,87.3922
2020-01-04 23:30:00,1.5875,16.563,8.9944,0.7791,257.2177,204.4364,35.4854,1035.1238,499.0699,3542.7663,0.7791,78.2484,78.2484,78.2484,78.2484,78.2484,78.2484
2020-01-05 00:00:00,1.5407,15.9353,8.5155,0.7516,257.1018,200.7323,33.6003,993.5924,489.3058,3842.37,0.7516,80.4209,80.4209,80.4209,80.4209,80.4209,80.4209
2020-01-05 00:30:00,1.5319,15.7341,8.4173,0.7148,256.0252,198.91299999999998,33.1509,986.2452,489.4856,3818.59,0.7148,97.6843,97.6843,97.6843,97.6843,97.6843,97.6843
2020-01-05 01:00:00,1.5145,15.5027,8.5801,0.6812,253.1676,198.0155,32.6667,985.7403,488.8943,3789.16,0.6812,59.4902,59.4902,59.4902,59.4902,59.4902,59.4902
2020-01-05 01:30:00,1.5143,15.4447,8.4532,0.6636,253.2534,196.9783,32.3379,984.6956,488.6973,3775.62,0.6636,99.7901,99.7901,99.7901,99.7901,99.7901,99.7901
2020-01-05 02:00:00,1.5127,15.3844,8.4953,0.6494,254.4959,195.8924,32.0328,982.888,485.5685,3779.93,0.6494,110.8321,110.8321,110.8321,110.8321,110.8321,110.8321
2020-01-05 02:30:00,1.5124,15.4103,8.4152,0.6371,253.2822,195.8961,32.0282,977.922,487.5812,3752.26,0.6371,64.303,64.303,64.303,64.303,64.303,64.303
2020-01-05 03:00:00,1.5049,15.435,8.4503,0.6359,253.5434,195.7173,32.0637,974.3764,489.3261,3728.74,0.6359,102.1649,102.1649,102.1649,102.1649,102.1649,102.1649
2020-01-05 03:30:00,1.5036,15.5473,8.6153,0.6268,253.0584,197.0562,31.9692,970.9963,489.0586,3693.79,0.6268,83.4319,83.4319,83.4319,83.4319,83.4319,83.4319
2020-01-05 04:00:00,1.5143,15.6917,8.6039,0.6375,256.2658,199.7223,32.4903,970.1587,489.7782,3691.69,0.6375,102.0508,102.0508,102.0508,102.0508,102.0508,102.0508
2020-01-05 04:30:00,1.5308,15.842,8.6827,0.6342,258.5543,200.3906,32.9102,972.9673,487.9298,3694.84,0.6342,76.556,76.556,76.556,76.556,76.556,76.556
2020-01-05 05:00:00,1.5575,16.1925,8.7989,0.6483,259.595,202.033,33.876,974.1119,486.5824,3707.19,0.6483,103.6307,103.6307,103.6307,103.6307,103.6307,103.6307
2020-01-05 05:30:00,1.587,16.6129,8.8844,0.6829999999999999,260.9587,203.1702,34.6443,973.5045,485.1115,3708.01,0.6829999999999999,100.4724,100.4724,100.4724,100.4724,100.4724,100.4724
2020-01-05 06:00:00,1.6271,17.19,9.0525,0.7111,262.5612,207.3398,35.8764,980.582,493.5474,3734.24,0.7111,86.9058,86.9058,86.9058,86.9058,86.9058,86.9058
2020-01-05 06:30:00,1.6722,17.6262,9.2055,0.7403,262.7083,209.1167,36.7095,982.8033,496.5763,3753.13,0.7403,91.8642,91.8642,91.8642,91.8642,91.8642,91.8642
2020-01-05 07:00:00,1.6665,17.9325,9.1112,0.7863,263.8689,211.5465,37.1979,980.8632,500.5188,3760.96,0.7863,86.5064,86.5064,86.5064,86.5064,86.5064,86.5064
2020-01-05 07:30:00,1.6219999999999999,17.7386,8.6664,0.8112,260.5474,209.734,36.592,976.2361,497.2884,3712.34,0.8112,75.4276,75.4276,75.4276,75.4276,75.4276,75.4276
2020-01-05 08:00:00,1.6474,18.0165,7.6442,0.8357,255.6709,209.23,37.0788,965.5538,497.4982,3695.99,0.8357,56.5494,56.5494,56.5494,56.5494,56.5494,56.5494
2020-01-05 08:30:00,1.6580000000000001,18.3943,6.3377,0.8273,248.6528,206.6909,37.2998,951.3881,500.2707,3647.38,0.8273,64.7316,64.7316,64.7316,64.7316,64.7316,64.7316
2020-01-05 09:00:00,1.7257,18.5472,5.4896,0.8279,243.6368,205.5819,37.6658,939.0782,506.06300000000005,3582.17,0.8279,93.4202,93.4202,93.4202,93.4202,93.4202,93.4202
2020-01-05 09:30:00,1.787,18.9959,5.329,0.8096,238.7615,205.3254,37.6776,939.9236,508.3252,3532.29,0.8096,86.954,86.954,86.954,86.954,86.954,86.954
2020-01-05 10:00:00,1.8461,19.296,5.1733,0.828,242.1742,206.31799999999998,37.9127,940.1726,508.4011,3489.93,0.828,67.0579,67.0579,67.0579,67.0579,67.0579,67.0579
2020-01-05 10:30:00,1.8659999999999999,19.48,5.0373,0.8216,239.9141,207.0312,38.0525,936.4143,510.5927,3509.73,0.8216,71.8623,71.8623,71.8623,71.8623,71.8623,71.8623
2020-01-05 11:00:00,1.8577,19.7611,4.3621,0.8216,241.3481,209.7189,37.9714,938.7783,512.9584,3516.18,0.8216,104.6516,104.6516,104.6516,104.6516,104.6516,104.6516
2020-01-05 11:30:00,1.8693,19.9921,4.8397,0.7958,242.325,209.78900000000002,37.9661,939.3635,513.6255,3534.99,0.7958,94.4894,94.4894,94.4894,94.4894,94.4894,94.4894
2020-01-05 12:00:00,1.8643,19.9488,4.7711,0.782,242.7991,209.2194,37.9136,938.3693,513.7277,3586.59,0.782,55.5134,55.5134,55.5134,55.5134,55.5134,55.5134
2020-01-05 12:30:00,1.8402,20.0023,3.883,0.7789,243.2019,208.8297,37.8799,939.575,514.6669999999999,3571.17,0.7789,94.4925,94.4925,94.4925,94.4925,94.4925,94.4925
2020-01-05 13:00:00,1.8187,19.8765,4.1352,0.7691,241.8542,208.9912,37.8256,943.5396,518.0913,3547.94,0.7691,70.6637,70.6637,70.6637,70.6637,70.6637,70.6637
2020-01-05 13:30:00,1.8193,19.7445,4.0861,0.7626,243.6662,210.0326,37.8439,949.3997,518.4069999999999,3527.05,0.7626,81.347,81.347,81.347,81.347,81.347,81.347
2020-01-05 14:00:00,1.8198,19.8527,3.7460000000000004,0.7707,243.4116,211.6005,37.9103,952.1759,518.0988,3518.62,0.7707,85.7171,85.7171,85.7171,85.7171,85.7171,85.7171
2020-01-05 14:30:00,1.8019,19.5773,3.7674,0.7702,243.1794,213.4767,37.8636,960.2103,515.2568,3544.81,0.7702,58.5011,58.5011,58.5011,58.5011,58.5011,58.5011
2020-01-05 15:00:00,1.7874,19.5352,4.1247,0.7954,245.4612,215.7138,37.701,972.2064,514.0189,3518.84,0.7954,78.0461,78.0461,78.0461,78.0461,78.0461,78.0461
2020-01-05 15:30:00,1.7979,19.5322,4.769,0.8208,254.0136,218.597,37.6549,984.8476,512.6104,3560.25,0.8208,41.0986,41.0986,41.0986,41.0986,41.0986,41.0986
2020-01-05 16:00:00,1.8159,19.4938,5.9541,0.8786,263.8379,221.1079,37.7082,998.9607,512.0377,3644.0,0.8786,73.7209,73.7209,73.7209,73.7209,73.7209,73.7209
2020-01-05 16:30:00,1.871,20.0377,7.4422,0.9626,272.8411,223.903,38.1983,1014.16,512.4502,3704.23,0.9626,76.9197,76.9197,76.9197,76.9197,76.9197,76.9197
2020-01-05 17:00:00,1.9689,20.6086,8.6013,1.0729,279.5727,227.0677,39.6596,1022.32,512.5257,3742.6,1.0729,113.2336,113.2336,113.2336,113.2336,113.2336,113.2336
2020-01-05 17:30:00,2.0125,20.7553,9.005,1.1643,281.1813,226.7962,39.8023,1020.9,510.0191,3765.37,1.1643,102.4075,102.4075,102.4075,102.4075,102.4075,102.4075
2020-01-05 18:00:00,1.9809,20.5227,8.8291,1.2043,281.184,224.1733,39.6133,1011.11,502.8419,3789.71,1.2043,108.0065,108.0065,108.0065,108.0065,108.0065,108.0065
2020-01-05 18:30:00,1.9447,20.3302,8.822000000000001,1.2023,278.8801,221.6466,39.2718,1011.06,500.7459,3797.91,1.2023,124.2237,124.2237,124.2237,124.2237,124.2237,124.2237
2020-01-05 19:00:00,1.9156,19.7545,8.9727,1.1936,277.9448,218.8789,38.8784,1012.18,496.0998,3806.59,1.1936,95.7452,95.7452,95.7452,95.7452,95.7452,95.7452
2020-01-05 19:30:00,1.8909,19.3242,8.9329,1.1709,277.2866,217.1385,38.6656,1012.47,495.1876,3808.79,1.1709,116.6573,116.6573,116.6573,116.6573,116.6573,116.6573
2020-01-05 20:00:00,1.8404,19.0328,8.8117,1.1393,273.5041,214.1874,38.1884,1009.27,493.10900000000004,3810.57,1.1393,111.7633,111.7633,111.7633,111.7633,111.7633,111.7633
2020-01-05 20:30:00,1.8116,18.7079,8.6656,1.0815,272.1462,212.3454,37.8197,1001.92,491.9444,3806.43,1.0815,75.0167,75.0167,75.0167,75.0167,75.0167,75.0167
2020-01-05 21:00:00,1.7463,18.4079,8.7392,1.0622,267.8573,211.205,37.1757,995.9763,489.4201,3811.08,1.0622,114.7842,114.7842,114.7842,114.7842,114.7842,114.7842
2020-01-05 21:30:00,1.6808,17.815,8.4474,1.0125,266.7795,209.9759,36.6444,996.3858,490.2071,3835.22,1.0125,103.9078,103.9078,103.9078,103.9078,103.9078,103.9078
2020-01-05 22:00:00,1.6427,17.2655,8.2211,0.9272,265.7103,208.0126,35.637,989.212,488.3725,3846.87,0.9272,102.1801,102.1801,102.1801,102.1801,102.1801,102.1801
2020-01-05 22:30:00,1.6173,16.9477,8.2085,0.8688,263.5906,206.1343,34.7643,988.0865,487.9681,3828.18,0.8688,110.4154,110.4154,110.4154,110.4154,110.4154,110.4154
2020-01-05 23:00:00,1.5865,16.445,8.0554,0.8215,261.4673,203.1709,34.2504,988.7317,485.8128,3837.01,0.8215,92.8415,92.8415,92.8415,92.8415,92.8415,92.8415
2020-01-05 23:30:00,1.5663,16.2382,8.0871,0.7839,259.296,201.4483,33.7017,991.9291,486.5003,3840.61,0.7839,95.4227,95.4227,95.4227,95.4227,95.4227,95.4227
2020-01-06 00:00:00,1.5515,16.1829,7.8144,0.758,251.9721,197.7134,32.2867,1011.73,473.1359,3494.29,0.758,196.822,196.822,196.822,196.822,196.822,196.822
2020-01-06 00:30:00,1.5505,16.1526,7.8473,0.7108,252.6329,197.6935,31.910999999999998,1012.09,475.3713,3479.77,0.7108,211.516,211.516,211.516,211.516,211.516,211.516
2020-01-06 01:00:00,1.5442,16.1887,7.8962,0.6898,252.5137,198.4902,31.6746,1006.96,475.2711,3476.68,0.6898,191.2919,191.2919,191.2919,191.2919,191.2919,191.2919
2020-01-06 01:30:00,1.5423,16.2107,7.7749,0.6683,252.6979,198.9807,31.5784,1003.59,473.4057,3457.5,0.6683,217.0236,217.0236,217.0236,217.0236,217.0236,217.0236
2020-01-06 02:00:00,1.5423,16.425,7.8909,0.6655,252.5038,200.5697,31.5403,1004.7,477.1029,3451.77,0.6655,182.3826,182.3826,182.3826,182.3826,182.3826,182.3826
2020-01-06 02:30:00,1.5358,16.5326,8.1228,0.6539,253.668,202.1236,31.6244,1007.93,483.43199999999996,3450.55,0.6539,216.7496,216.7496,216.7496,216.7496,216.7496,216.7496
2020-01-06 03:00:00,1.5731,17.1069,8.5264,0.6554,253.542,206.4475,31.8172,1013.92,489.4514,3436.33,0.6554,207.5831,207.5831,207.5831,207.5831,207.5831,207.5831
2020-01-06 03:30:00,1.5811,17.6645,8.738,0.6534,256.7765,210.8024,32.2058,1018.09,498.1056,3420.78,0.6534,191.1707,191.1707,191.1707,191.1707,191.1707,191.1707
2020-01-06 04:00:00,1.6193,18.6222,8.9931,0.6665,263.1147,219.0514,33.4477,1027.17,514.2402,3450.29,0.6665,203.8866,203.8866,203.8866,203.8866,203.8866,203.8866
2020-01-06 04:30:00,1.6578,19.5795,9.476,0.6836,268.9762,225.57299999999998,34.4995,1040.76,528.0477,3477.38,0.6836,237.6217,237.6217,237.6217,237.6217,237.6217,237.6217
2020-01-06 05:00:00,1.758,21.3487,10.1001,0.7266,279.7295,238.9301,35.7546,1063.38,555.0093,3510.93,0.7266,295.1768,295.1768,295.1768,295.1768,295.1768,295.1768
2020-01-06 05:30:00,1.8489,23.1479,10.812000000000001,0.7704,289.2963,250.9858,37.0456,1094.14,567.1468,3550.52,0.7704,318.3779,318.3779,318.3779,318.3779,318.3779,318.3779
2020-01-06 06:00:00,2.0308,25.9635,12.0546,0.8283,305.8655,267.54400000000004,39.0766,1143.11,604.6990000000001,3633.54,0.8283,300.5796,300.5796,300.5796,300.5796,300.5796,300.5796
2020-01-06 06:30:00,2.1595,28.4589,13.3877,0.8877,317.3017,279.0902,40.413000000000004,1169.5,628.0788,3688.03,0.8877,305.6084,305.6084,305.6084,305.6084,305.6084,305.6084
2020-01-06 07:00:00,2.3597,30.8466,15.4883,0.9275,325.5898,292.4848,41.4838,1194.8,656.1472,3709.95,0.9275,297.9529,297.9529,297.9529,297.9529,297.9529,297.9529
2020-01-06 07:30:00,2.529,33.2491,16.1217,0.9211,331.7584,298.2895,41.7769,1203.93,676.12,3708.48,0.9211,276.3502,276.3502,276.3502,276.3502,276.3502,276.3502
2020-01-06 08:00:00,2.7739,34.7783,15.0449,0.8819,334.9442,305.0639,42.5919,1208.3,696.3769,3700.85,0.8819,289.3233,289.3233,289.3233,289.3233,289.3233,289.3233
2020-01-06 08:30:00,2.9002,35.5194,13.0988,0.8328,332.3598,306.9059,42.9336,1212.92,708.7415,3671.83,0.8328,300.1555,300.1555,300.1555,300.1555,300.1555,300.1555
2020-01-06 09:00:00,2.9883,35.4984,11.2523,0.7873,331.2118,308.6351,43.0292,1222.28,718.3093,3609.55,0.7873,315.6221,315.6221,315.6221,315.6221,315.6221,315.6221
2020-01-06 09:30:00,3.0681,35.6689,9.6812,0.7562,327.9823,308.1169,43.174,1221.76,729.6529,3595.46,0.7562,306.4517,306.4517,306.4517,306.4517,306.4517,306.4517
2020-01-06 10:00:00,3.0529,36.1634,7.9916,0.7456,327.2829,310.0434,43.2709,1221.87,735.3328,3608.54,0.7456,344.0719,344.0719,344.0719,344.0719,344.0719,344.0719
2020-01-06 10:30:00,3.0521,36.3438,7.3791,0.7367,321.6127,309.1237,43.4938,1228.78,741.9972,3624.09,0.7367,337.1553,337.1553,337.1553,337.1553,337.1553,337.1553
2020-01-06 11:00:00,3.0654,36.428000000000004,6.9175,0.7063,319.7183,310.0178,43.4005,1227.63,744.2701,3625.64,0.7063,308.6535,308.6535,308.6535,308.6535,308.6535,308.6535
2020-01-06 11:30:00,3.0133,35.946,5.9534,0.6979,320.3409,311.0446,43.4265,1227.91,743.7891,3622.51,0.6979,301.6142,301.6142,301.6142,301.6142,301.6142,301.6142
2020-01-06 12:00:00,2.9387,35.7122,5.9459,0.6759,318.1214,312.0174,43.156000000000006,1225.77,739.5268,3614.13,0.6759,279.2256,279.2256,279.2256,279.2256,279.2256,279.2256
2020-01-06 12:30:00,2.9344,35.7255,5.7884,0.6706,319.8007,312.6046,43.2417,1234.41,739.4654,3603.21,0.6706,308.9736,308.9736,308.9736,308.9736,308.9736,308.9736
2020-01-06 13:00:00,2.929,35.7829,5.6568,0.6491,322.8118,312.7533,42.9571,1232.73,743.4694,3597.43,0.6491,310.3781,310.3781,310.3781,310.3781,310.3781,310.3781
2020-01-06 13:30:00,2.8992,35.2633,5.8776,0.6513,325.9415,313.0344,43.0248,1231.24,743.8676,3556.43,0.6513,212.2134,212.2134,212.2134,212.2134,212.2134,212.2134
2020-01-06 14:00:00,2.8554,34.7427,5.7620000000000005,0.6551,322.8279,312.1425,42.8765,1229.63,743.6855,3555.93,0.6551,195.7506,195.7506,195.7506,195.7506,195.7506,195.7506
2020-01-06 14:30:00,2.8354,33.9365,6.2314,0.6486,320.3163,312.9052,42.8067,1234.31,736.4727,3527.77,0.6486,180.5159,180.5159,180.5159,180.5159,180.5159,180.5159
2020-01-06 15:00:00,2.804,33.1473,6.6235,0.6576,321.5583,312.6464,42.4176,1240.22,728.4153,3509.15,0.6576,175.2808,175.2808,175.2808,175.2808,175.2808,175.2808
2020-01-06 15:30:00,2.7234,32.2755,7.8541,0.6993,327.2521,313.123,42.2201,1253.02,721.2518,3565.59,0.6993,180.2443,180.2443,180.2443,180.2443,180.2443,180.2443
2020-01-06 16:00:00,2.6654,30.8235,9.6162,0.7644,330.5121,312.8464,42.3558,1257.1,716.7886,3644.01,0.7644,431.6251,431.6251,431.6251,431.6251,431.6251,431.6251
2020-01-06 16:30:00,2.6147,30.0129,10.5936,0.8494,332.6955,310.7744,42.2805,1261.28,701.1826,3699.08,0.8494,449.7682,449.7682,449.7682,449.7682,449.7682,449.7682
2020-01-06 17:00:00,2.5627,29.219,11.5916,0.9908,341.4679,305.8022,43.1652,1250.49,687.8412,3701.27,0.9908,481.921,481.921,481.921,481.921,481.921,481.921
2020-01-06 17:30:00,2.5082,28.3515,11.4816,1.1108,341.6346,300.7344,43.2793,1238.32,663.8960000000001,3704.47,1.1108,471.5808,471.5808,471.5808,471.5808,471.5808,471.5808
2020-01-06 18:00:00,2.3461,26.4531,10.9419,1.1485,339.1124,287.0398,42.5578,1219.16,609.4692,3648.13,1.1485,505.6351,505.6351,505.6351,505.6351,505.6351,505.6351
2020-01-06 18:30:00,2.2512,25.5809,10.8978,1.1681,334.0457,281.4582,42.1003,1212.02,595.8329,3650.39,1.1681,486.2051,486.2051,486.2051,486.2051,486.2051,486.2051
2020-01-06 19:00:00,2.1444,24.686999999999998,10.9933,1.1635,329.4988,275.4225,41.7911,1204.06,586.2724,3624.65,1.1635,492.7524,492.7524,492.7524,492.7524,492.7524,492.7524
2020-01-06 19:30:00,2.0983,24.0564,11.0121,1.1847,324.877,271.3554,41.5083,1194.87,578.127,3624.54,1.1847,490.2834,490.2834,490.2834,490.2834,490.2834,490.2834
2020-01-06 20:00:00,2.0465,23.1267,10.8446,1.1475,316.897,266.6951,40.8123,1176.72,572.3346,3604.91,1.1475,493.9661,493.9661,493.9661,493.9661,493.9661,493.9661
2020-01-06 20:30:00,1.9682,22.368000000000002,10.5133,1.1093,310.6442,260.3038,40.0983,1168.47,566.2249,3592.8,1.1093,497.0873,497.0873,497.0873,497.0873,497.0873,497.0873
2020-01-06 21:00:00,1.8895,21.4967,10.0403,1.0693,303.494,252.9605,39.356,1167.34,559.1896,3607.88,1.0693,482.7766,482.7766,482.7766,482.7766,482.7766,482.7766
2020-01-06 21:30:00,1.8237,20.5389,9.4855,1.0398,298.2221,248.7836,38.5427,1168.23,553.4089,3588.65,1.0398,500.1443,500.1443,500.1443,500.1443,500.1443,500.1443
2020-01-06 22:00:00,1.7632,19.8516,9.3255,0.9654,291.2276,243.2627,37.1688,1148.59,548.0596,3584.73,0.9654,486.8534,486.8534,486.8534,486.8534,486.8534,486.8534
2020-01-06 22:30:00,1.7161,19.2414,9.0058,0.8976,287.1811,238.8235,36.3134,1131.41,541.6135,3582.77,0.8976,452.0431,452.0431,452.0431,452.0431,452.0431,452.0431
2020-01-06 23:00:00,1.6732,18.5067,8.8773,0.8483,280.8225,235.1251,35.4279,1120.12,539.8629,3548.29,0.8483,331.6217,331.6217,331.6217,331.6217,331.6217,331.6217
2020-01-06 23:30:00,1.6319,17.9538,8.8145,0.8038,279.0616,229.3389,34.7135,1118.63,534.0676,3544.96,0.8038,295.2678,295.2678,295.2678,295.2678,295.2678,295.2678
2020-01-07 00:00:00,1.6079,17.7192,8.5637,0.7647,295.7429,232.4074,36.2006,1152.16,579.1080000000001,4082.65,0.7647,217.6522,217.6522,217.6522,217.6522,217.6522,217.6522
2020-01-07 00:30:00,1.6008,17.57,8.533999999999999,0.7404,293.9058,230.3033,35.7752,1146.53,578.3505,4064.98,0.7404,213.9885,213.9885,213.9885,213.9885,213.9885,213.9885
2020-01-07 01:00:00,1.5821,17.5167,8.4193,0.7240000000000001,290.4973,228.4519,35.5885,1140.33,567.0196,4045.7,0.7240000000000001,215.3707,215.3707,215.3707,215.3707,215.3707,215.3707
2020-01-07 01:30:00,1.5731,17.4316,8.4985,0.7047,284.4137,226.0123,35.3331,1132.76,560.4096,4051.14,0.7047,222.5893,222.5893,222.5893,222.5893,222.5893,222.5893
2020-01-07 02:00:00,1.5821,17.3971,8.4013,0.6913,284.9008,224.2779,35.4663,1132.27,558.6707,4046.46,0.6913,209.8976,209.8976,209.8976,209.8976,209.8976,209.8976
2020-01-07 02:30:00,1.5881,17.2979,8.5254,0.6799,283.7078,223.8849,35.2669,1125.03,559.1828,4016.54,0.6799,208.2417,208.2417,208.2417,208.2417,208.2417,208.2417
2020-01-07 03:00:00,1.5942,17.5426,8.7518,0.6835,284.6876,225.6149,35.4096,1124.24,563.3236,3994.32,0.6835,213.2237,213.2237,213.2237,213.2237,213.2237,213.2237
2020-01-07 03:30:00,1.5951,18.0114,9.0083,0.6836,287.0454,228.25400000000002,35.7281,1125.17,570.7644,4009.76,0.6836,213.8496,213.8496,213.8496,213.8496,213.8496,213.8496
2020-01-07 04:00:00,1.6361,19.198,9.0223,0.7023,292.2399,235.8368,36.9002,1130.18,580.1201,4040.23,0.7023,218.5359,218.5359,218.5359,218.5359,218.5359,218.5359
2020-01-07 04:30:00,1.6846,20.093,9.5741,0.7091,297.5441,241.5483,37.5357,1142.59,589.24,4075.41,0.7091,194.3039,194.3039,194.3039,194.3039,194.3039,194.3039
2020-01-07 05:00:00,1.7854,21.7497,10.4104,0.7531,306.8875,255.0023,39.2377,1178.42,624.1485,4090.82,0.7531,143.0082,143.0082,143.0082,143.0082,143.0082,143.0082
2020-01-07 05:30:00,1.8718,23.7717,10.955,0.7941,320.5853,265.6079,40.7763,1205.85,652.236,4114.71,0.7941,161.9331,161.9331,161.9331,161.9331,161.9331,161.9331
2020-01-07 06:00:00,2.0806,26.8731,12.8508,0.8457,336.5802,280.6473,43.2573,1244.99,699.4669,4168.49,0.8457,153.9335,153.9335,153.9335,153.9335,153.9335,153.9335
2020-01-07 06:30:00,2.2265,29.1562,14.4799,0.9129999999999999,352.1827,294.1887,44.6178,1272.53,730.0477,4221.11,0.9129999999999999,166.2786,166.2786,166.2786,166.2786,166.2786,166.2786
2020-01-07 07:00:00,2.4227,31.788,16.625999999999998,0.981,359.4764,308.2792,45.8373,1295.94,756.4496,4248.94,0.981,165.8052,165.8052,165.8052,165.8052,165.8052,165.8052
2020-01-07 07:30:00,2.6210000000000004,34.0223,17.6292,0.9624,367.8514,313.5199,46.2594,1305.02,784.1071,4239.49,0.9624,131.2945,131.2945,131.2945,131.2945,131.2945,131.2945
2020-01-07 08:00:00,2.8406,35.6683,17.1163,0.9412,373.2334,322.1077,47.074,1317.24,806.1373,4209.73,0.9412,129.5189,129.5189,129.5189,129.5189,129.5189,129.5189
2020-01-07 08:30:00,2.9924,36.2069,15.6182,0.8709,367.0669,325.3063,47.4251,1315.67,816.2717,4191.42,0.8709,122.1812,122.1812,122.1812,122.1812,122.1812,122.1812
2020-01-07 09:00:00,3.1152,36.6554,14.0984,0.8189,362.9526,326.5098,47.5758,1315.44,823.8981,4176.62,0.8189,134.2654,134.2654,134.2654,134.2654,134.2654,134.2654
2020-01-07 09:30:00,3.2005,37.2638,12.6235,0.7957,359.12199999999996,327.5019,47.8291,1318.07,832.5741,4159.89,0.7957,138.3212,138.3212,138.3212,138.3212,138.3212,138.3212
2020-01-07 10:00:00,3.2567,37.7808,11.5669,0.7746,354.9987,329.0409,47.7251,1307.72,840.9764,4123.46,0.7746,137.3945,137.3945,137.3945,137.3945,137.3945,137.3945
2020-01-07 10:30:00,3.2576,38.2371,10.8239,0.7444,348.99,327.9411,47.4909,1315.48,839.6169,4165.06,0.7444,127.0814,127.0814,127.0814,127.0814,127.0814,127.0814
2020-01-07 11:00:00,3.2381,37.8442,9.9336,0.7241,344.2413,327.4147,47.5794,1312.3,850.2521,4130.73,0.7241,124.1961,124.1961,124.1961,124.1961,124.1961,124.1961
2020-01-07 11:30:00,3.1641,37.5613,9.4428,0.7238,340.7481,326.6818,47.2246,1307.68,854.1944,4149.9,0.7238,128.5261,128.5261,128.5261,128.5261,128.5261,128.5261
2020-01-07 12:00:00,3.0994,37.4814,9.3964,0.715,339.4216,327.5151,47.1082,1305.58,850.8536,4177.45,0.715,128.5356,128.5356,128.5356,128.5356,128.5356,128.5356
2020-01-07 12:30:00,3.127,37.2923,9.0747,0.6995,342.7086,328.8402,47.423,1307.04,852.0046,4189.46,0.6995,126.9547,126.9547,126.9547,126.9547,126.9547,126.9547
2020-01-07 13:00:00,3.0869999999999997,37.1035,8.5317,0.6877,337.6926,326.2305,47.2762,1307.57,855.0673,4232.19,0.6877,133.1486,133.1486,133.1486,133.1486,133.1486,133.1486
2020-01-07 13:30:00,3.0589,36.6201,8.1908,0.684,337.2658,325.0087,47.17100000000001,1308.54,852.1251,4150.75,0.684,119.0718,119.0718,119.0718,119.0718,119.0718,119.0718
2020-01-07 14:00:00,3.0241,35.9553,8.4577,0.6806,333.3298,322.6546,46.9057,1297.87,846.6821,4153.65,0.6806,119.4109,119.4109,119.4109,119.4109,119.4109,119.4109
2020-01-07 14:30:00,2.9701,35.1561,8.7928,0.6833,336.5352,323.318,46.8486,1292.16,834.4131,4113.42,0.6833,119.1439,119.1439,119.1439,119.1439,119.1439,119.1439
2020-01-07 15:00:00,2.9113,33.977,8.4925,0.7102,338.4025,323.1467,46.4126,1292.34,826.7663,4102.52,0.7102,122.6003,122.6003,122.6003,122.6003,122.6003,122.6003
2020-01-07 15:30:00,2.8341,32.7753,9.6277,0.7381,346.6238,324.1485,46.309,1300.33,816.5951,4144.84,0.7381,133.5036,133.5036,133.5036,133.5036,133.5036,133.5036
2020-01-07 16:00:00,2.7858,31.8337,10.3257,0.8152,351.9421,322.175,46.3578,1303.66,804.5488,4207.03,0.8152,238.2604,238.2604,238.2604,238.2604,238.2604,238.2604
2020-01-07 16:30:00,2.7163,30.8704,11.0903,0.9157,357.9281,320.4474,46.3,1299.01,791.9929,4267.82,0.9157,265.0453,265.0453,265.0453,265.0453,265.0453,265.0453
2020-01-07 17:00:00,2.6455,30.2465,11.8569,1.0584,358.3706,316.9707,47.3049,1296.37,775.1273,4282.04,1.0584,290.1951,290.1951,290.1951,290.1951,290.1951,290.1951
2020-01-07 17:30:00,2.5707,29.1712,11.9042,1.1473,359.4479,310.8336,47.258,1285.67,747.2056,4273.91,1.1473,286.1402,286.1402,286.1402,286.1402,286.1402,286.1402
2020-01-07 18:00:00,2.4455,27.4971,11.9119,1.1989,355.2224,297.2317,46.0836,1268.98,681.0112,4261.47,1.1989,294.1606,294.1606,294.1606,294.1606,294.1606,294.1606
2020-01-07 18:30:00,2.3605,26.3892,11.8331,1.2127,355.4935,292.9663,45.528999999999996,1267.32,666.6898,4244.41,1.2127,299.2605,299.2605,299.2605,299.2605,299.2605,299.2605
2020-01-07 19:00:00,2.2608,25.7517,11.5757,1.2036,352.8804,285.3907,44.9468,1259.54,656.8359,4246.74,1.2036,287.0784,287.0784,287.0784,287.0784,287.0784,287.0784
2020-01-07 19:30:00,2.1787,25.1968,11.5003,1.1874,347.9805,281.2375,44.3427,1251.36,651.5512,4296.41,1.1874,294.0129,294.0129,294.0129,294.0129,294.0129,294.0129
2020-01-07 20:00:00,2.1,24.1457,11.2098,1.1793,340.9843,275.6087,43.7283,1238.14,643.6163,4342.65,1.1793,286.8504,286.8504,286.8504,286.8504,286.8504,286.8504
2020-01-07 20:30:00,2.0167,23.3888,10.9345,1.136,336.2963,269.8116,42.9899,1228.74,639.4587,4330.32,1.136,295.1032,295.1032,295.1032,295.1032,295.1032,295.1032
2020-01-07 21:00:00,1.9284,22.4009,10.2427,1.0874,328.9723,262.6235,42.3396,1218.14,628.659,4326.37,1.0874,291.9408,291.9408,291.9408,291.9408,291.9408,291.9408
2020-01-07 21:30:00,1.8336,21.4215,9.955,1.0243,323.7639,258.7386,41.4831,1224.94,622.1681,4238.36,1.0243,258.6371,258.6371,258.6371,258.6371,258.6371,258.6371
2020-01-07 22:00:00,1.7484,20.6775,9.1683,0.9536,312.7446,252.4548,40.0351,1218.94,612.4516,4160.61,0.9536,196.1966,196.1966,196.1966,196.1966,196.1966,196.1966
2020-01-07 22:30:00,1.6865,19.9525,8.7035,0.8976,306.8696,249.3927,39.0617,1208.28,608.7582,4133.22,0.8976,200.1723,200.1723,200.1723,200.1723,200.1723,200.1723
2020-01-07 23:00:00,1.6526,19.3469,8.568999999999999,0.8309,298.3871,244.1368,37.7438,1182.79,598.4892,4110.56,0.8309,190.9113,190.9113,190.9113,190.9113,190.9113,190.9113
2020-01-07 23:30:00,1.6249,18.9,8.3642,0.7685,295.6817,239.4961,37.08,1175.7,589.9507,4115.84,0.7685,189.4074,189.4074,189.4074,189.4074,189.4074,189.4074
2020-01-08 00:00:00,1.5915,18.4299,8.3993,0.7538,293.0353,234.097,36.2774,1168.53,572.5254,3998.1,0.7538,51.3906,51.3906,51.3906,51.3906,51.3906,51.3906
2020-01-08 00:30:00,1.5755,18.2276,8.3649,0.7385,290.1357,232.2111,35.7765,1164.67,573.4284,3957.49,0.7385,50.3889,50.3889,50.3889,50.3889,50.3889,50.3889
2020-01-08 01:00:00,1.5545,18.1267,8.3842,0.7122,285.9049,229.3566,35.4816,1157.05,561.1193,3923.92,0.7122,49.3627,49.3627,49.3627,49.3627,49.3627,49.3627
2020-01-08 01:30:00,1.5478,18.0241,8.3212,0.6795,283.5904,226.8468,35.2254,1146.75,559.9834,3938.89,0.6795,50.8026,50.8026,50.8026,50.8026,50.8026,50.8026
2020-01-08 02:00:00,1.5452,17.7567,8.4391,0.6646,283.8109,224.7247,35.0648,1140.32,555.9717,3892.27,0.6646,45.1816,45.1816,45.1816,45.1816,45.1816,45.1816
2020-01-08 02:30:00,1.5457,17.5937,8.3846,0.6587,280.7689,224.0949,35.0292,1141.48,552.4258,3870.08,0.6587,47.2507,47.2507,47.2507,47.2507,47.2507,47.2507
2020-01-08 03:00:00,1.5536,17.7555,8.4461,0.6561,284.2388,225.582,35.0337,1142.98,554.265,3865.75,0.6561,44.7146,44.7146,44.7146,44.7146,44.7146,44.7146
2020-01-08 03:30:00,1.5706,18.229,8.4297,0.6483,286.95599999999996,229.5559,35.287,1143.4,563.5546,3862.52,0.6483,56.8019,56.8019,56.8019,56.8019,56.8019,56.8019
2020-01-08 04:00:00,1.5838,19.4054,8.5567,0.6448,291.8375,236.4905,36.1214,1145.99,579.5457,3888.0,0.6448,54.6815,54.6815,54.6815,54.6815,54.6815,54.6815
2020-01-08 04:30:00,1.6384,20.0558,9.1097,0.6653,296.7539,242.62400000000002,37.0811,1161.59,594.1317,3931.2,0.6653,43.7938,43.7938,43.7938,43.7938,43.7938,43.7938
2020-01-08 05:00:00,1.7447,21.9005,9.9813,0.7001,305.3925,254.7658,38.6061,1187.92,613.3622,4000.99,0.7001,53.3685,53.3685,53.3685,53.3685,53.3685,53.3685
2020-01-08 05:30:00,1.8506,23.5921,10.7837,0.7534,320.4076,264.7913,39.8656,1223.36,630.6975,4037.01,0.7534,54.4982,54.4982,54.4982,54.4982,54.4982,54.4982
2020-01-08 06:00:00,2.0145,26.5942,12.3261,0.7928,340.6894,283.0475,41.9631,1276.19,672.6079,4057.55,0.7928,59.2036,59.2036,59.2036,59.2036,59.2036,59.2036
2020-01-08 06:30:00,2.1416,29.1049,13.789000000000001,0.8429,351.6634,296.4406,43.3842,1306.36,709.9336,4101.9,0.8429,49.1331,49.1331,49.1331,49.1331,49.1331,49.1331
2020-01-08 07:00:00,2.364,31.908,15.9368,0.9095,363.0047,308.1329,44.8403,1324.88,743.4989999999999,4141.99,0.9095,51.4994,51.4994,51.4994,51.4994,51.4994,51.4994
2020-01-08 07:30:00,2.5558,33.9628,16.8421,0.8849,372.2769,317.0207,45.0655,1331.72,767.4106,4152.5,0.8849,42.8297,42.8297,42.8297,42.8297,42.8297,42.8297
2020-01-08 08:00:00,2.7635,35.5151,16.3317,0.8553,376.0097,323.079,45.842,1347.24,790.7895,4140.76,0.8553,42.7227,42.7227,42.7227,42.7227,42.7227,42.7227
2020-01-08 08:30:00,2.9111,36.4152,15.1734,0.8235,376.6895,327.9767,46.4131,1355.43,805.2658,4105.42,0.8235,42.6924,42.6924,42.6924,42.6924,42.6924,42.6924
2020-01-08 09:00:00,2.9844,36.6712,13.3207,0.7814,377.4368,330.5227,46.7918,1352.1,819.497,4036.21,0.7814,35.3112,35.3112,35.3112,35.3112,35.3112,35.3112
2020-01-08 09:30:00,3.0915,37.2088,12.8252,0.768,377.6565,333.7716,47.1306,1349.97,828.738,4067.67,0.768,42.0018,42.0018,42.0018,42.0018,42.0018,42.0018
2020-01-08 10:00:00,3.1655,37.6126,12.1224,0.7622,375.0072,335.2536,47.3152,1355.44,833.2926,4052.02,0.7622,41.2899,41.2899,41.2899,41.2899,41.2899,41.2899
2020-01-08 10:30:00,3.2185,37.7663,12.241,0.748,373.3256,335.038,47.4699,1354.35,830.1218,4068.36,0.748,41.8746,41.8746,41.8746,41.8746,41.8746,41.8746
2020-01-08 11:00:00,3.2201,37.6201,11.2789,0.7516,366.0927,334.0809,46.9347,1357.98,832.0655,4076.91,0.7516,39.8653,39.8653,39.8653,39.8653,39.8653,39.8653
2020-01-08 11:30:00,3.1701,37.2481,10.4392,0.7456,363.0395,332.7227,46.9912,1353.92,833.5845,4097.8,0.7456,36.67,36.67,36.67,36.67,36.67,36.67
2020-01-08 12:00:00,3.0974,37.3797,9.9965,0.7242,357.3407,331.0831,46.7552,1337.29,829.4636,4125.02,0.7242,31.2067,31.2067,31.2067,31.2067,31.2067,31.2067
2020-01-08 12:30:00,3.0622,37.1619,9.8991,0.6964,359.2249,330.6806,46.7425,1330.73,834.0413,4113.31,0.6964,30.6674,30.6674,30.6674,30.6674,30.6674,30.6674
2020-01-08 13:00:00,3.0536,36.6884,9.7641,0.6972,358.9066,329.6797,46.3708,1337.44,838.0989999999999,4119.1,0.6972,32.0993,32.0993,32.0993,32.0993,32.0993,32.0993
2020-01-08 13:30:00,3.0198,36.069,9.4357,0.6932,350.9112,329.2162,46.4655,1332.94,836.5503,4043.75,0.6932,27.203000000000003,27.203000000000003,27.203000000000003,27.203000000000003,27.203000000000003,27.203000000000003
2020-01-08 14:00:00,3.0024,35.5882,9.1314,0.6972,345.5779,325.8819,46.3193,1313.73,828.5547,4017.48,0.6972,28.2673,28.2673,28.2673,28.2673,28.2673,28.2673
2020-01-08 14:30:00,2.9563,34.492,9.1224,0.6924,340.3173,325.3788,46.0731,1313.62,817.4753,3967.63,0.6924,25.5515,25.5515,25.5515,25.5515,25.5515,25.5515
2020-01-08 15:00:00,2.8869,33.4872,9.4275,0.7137,344.5245,324.0845,45.7739,1308.24,803.4146,3921.08,0.7137,28.3242,28.3242,28.3242,28.3242,28.3242,28.3242
2020-01-08 15:30:00,2.8316,32.2371,10.0889,0.7575,347.8507,322.7977,45.6639,1307.55,789.5599,3910.47,0.7575,30.2139,30.2139,30.2139,30.2139,30.2139,30.2139
2020-01-08 16:00:00,2.7892,31.5249,10.9167,0.8401,348.9036,320.2586,45.9224,1303.3,786.8561,3936.79,0.8401,24.2586,24.2586,24.2586,24.2586,24.2586,24.2586
2020-01-08 16:30:00,2.7444,31.1329,11.2092,0.9264,355.1691,320.3119,46.1449,1303.2,772.5389,4002.56,0.9264,31.627,31.627,31.627,31.627,31.627,31.627
2020-01-08 17:00:00,2.6929,30.2239,11.5477,1.0327,358.6031,316.7244,47.28,1301.16,760.1965,4015.02,1.0327,43.7711,43.7711,43.7711,43.7711,43.7711,43.7711
2020-01-08 17:30:00,2.6119,29.0343,11.6851,1.1023,357.9587,311.7766,47.1021,1288.56,734.6735,4031.35,1.1023,36.6419,36.6419,36.6419,36.6419,36.6419,36.6419
2020-01-08 18:00:00,2.4413,27.4411,11.3734,1.1505,352.1578,297.6029,46.0187,1274.88,673.4019999999999,4009.69,1.1505,43.063,43.063,43.063,43.063,43.063,43.063
2020-01-08 18:30:00,2.3443,26.7257,11.1828,1.1795,350.2981,290.7376,45.1685,1275.35,657.7067,4012.25,1.1795,42.9491,42.9491,42.9491,42.9491,42.9491,42.9491
2020-01-08 19:00:00,2.2507,25.8821,10.9863,1.149,340.1762,285.1995,44.783,1263.86,644.4143,3991.8,1.149,35.9763,35.9763,35.9763,35.9763,35.9763,35.9763
2020-01-08 19:30:00,2.1694,25.068,10.6288,1.1496,333.9186,282.0262,44.2732,1251.45,636.5599,4034.84,1.1496,40.3926,40.3926,40.3926,40.3926,40.3926,40.3926
2020-01-08 20:00:00,2.0828,24.2162,10.4988,1.1383,329.3525,276.5625,43.5035,1243.4,629.8567,4051.6,1.1383,41.6979,41.6979,41.6979,41.6979,41.6979,41.6979
2020-01-08 20:30:00,1.9902,23.3407,10.2782,1.1141,329.80400000000003,271.1728,43.2246,1236.12,622.1257,4009.29,1.1141,38.3442,38.3442,38.3442,38.3442,38.3442,38.3442
2020-01-08 21:00:00,1.9114,22.2057,9.662,1.0549,322.5913,262.2832,42.49,1227.29,608.6871,4019.95,1.0549,43.7565,43.7565,43.7565,43.7565,43.7565,43.7565
2020-01-08 21:30:00,1.8246,21.099,9.734,1.0062,317.9323,259.4816,41.7036,1220.53,599.349,4028.16,1.0062,42.891000000000005,42.891000000000005,42.891000000000005,42.891000000000005,42.891000000000005,42.891000000000005
2020-01-08 22:00:00,1.757,20.2332,9.2861,0.9377,309.2541,253.4948,40.0766,1205.12,598.6515,4006.72,0.9377,43.5021,43.5021,43.5021,43.5021,43.5021,43.5021
2020-01-08 22:30:00,1.7069,19.7148,9.0429,0.8809999999999999,304.7741,249.5239,39.0282,1194.02,596.0037,3983.89,0.8809999999999999,47.0247,47.0247,47.0247,47.0247,47.0247,47.0247
2020-01-08 23:00:00,1.6485,18.9092,9.1907,0.8248,297.6063,244.1062,37.8765,1183.59,591.1292,3958.63,0.8248,49.6769,49.6769,49.6769,49.6769,49.6769,49.6769
2020-01-08 23:30:00,1.6219999999999999,18.3709,9.1197,0.7816,294.0724,239.2605,37.0737,1176.83,581.9205,3911.49,0.7816,48.7901,48.7901,48.7901,48.7901,48.7901,48.7901
2020-01-09 00:00:00,1.5813,17.7736,8.3081,0.7362,292.3142,235.4212,36.097,1159.51,584.5251,3987.09,0.7362,57.7224,57.7224,57.7224,57.7224,57.7224,57.7224
2020-01-09 00:30:00,1.5705,17.6399,8.3056,0.7139,290.8754,233.7895,35.6609,1150.72,582.5863,3977.51,0.7139,55.2154,55.2154,55.2154,55.2154,55.2154,55.2154
2020-01-09 01:00:00,1.546,17.3632,8.274,0.6841,288.9729,232.4606,35.229,1142.57,576.6012,3978.85,0.6841,54.1038,54.1038,54.1038,54.1038,54.1038,54.1038
2020-01-09 01:30:00,1.5341,17.1443,8.1544,0.6692,287.7463,228.9931,35.0507,1134.02,573.1943,3962.26,0.6692,57.4945,57.4945,57.4945,57.4945,57.4945,57.4945
2020-01-09 02:00:00,1.5334,17.1788,8.0476,0.6603,287.92400000000004,226.6657,34.8938,1129.48,568.3867,3967.04,0.6603,50.7698,50.7698,50.7698,50.7698,50.7698,50.7698
2020-01-09 02:30:00,1.5333,17.1061,8.0749,0.6464,285.1909,226.1666,34.7148,1122.65,571.4381,4046.53,0.6464,57.9884,57.9884,57.9884,57.9884,57.9884,57.9884
2020-01-09 03:00:00,1.5423,17.1922,8.283999999999999,0.6377,283.3897,228.5349,34.9661,1123.8,574.2566,4080.53,0.6377,50.0358,50.0358,50.0358,50.0358,50.0358,50.0358
2020-01-09 03:30:00,1.5519999999999998,17.5843,8.476,0.6431,284.6869,231.8869,35.161,1127.3,581.5718,4069.61,0.6431,52.0613,52.0613,52.0613,52.0613,52.0613,52.0613
2020-01-09 04:00:00,1.5822,18.6258,8.719,0.6459999999999999,289.6798,238.7288,36.0202,1134.26,593.7575,4102.38,0.6459999999999999,53.553999999999995,53.553999999999995,53.553999999999995,53.553999999999995,53.553999999999995,53.553999999999995
2020-01-09 04:30:00,1.6304,19.2221,9.4125,0.6599,294.8937,245.7826,36.7987,1152.45,608.8016,4177.45,0.6599,55.5456,55.5456,55.5456,55.5456,55.5456,55.5456
2020-01-09 05:00:00,1.7319,21.1001,9.9702,0.6963,308.5961,256.3785,38.7527,1180.01,634.0673,4261.68,0.6963,56.9932,56.9932,56.9932,56.9932,56.9932,56.9932
2020-01-09 05:30:00,1.8165,22.9489,10.7417,0.7485,317.8844,267.8538,40.2811,1206.0,663.452,4321.02,0.7485,51.6932,51.6932,51.6932,51.6932,51.6932,51.6932
2020-01-09 06:00:00,2.0058,25.8809,12.3661,0.7917,340.0997,286.0289,42.376999999999995,1248.23,716.9822,4398.66,0.7917,51.9268,51.9268,51.9268,51.9268,51.9268,51.9268
2020-01-09 06:30:00,2.1478,28.1782,13.8923,0.8383,348.8089,298.3807,44.1066,1280.96,745.403,4459.25,0.8383,58.1731,58.1731,58.1731,58.1731,58.1731,58.1731
2020-01-09 07:00:00,2.3144,31.0689,15.6631,0.8885,357.9903,312.6601,45.3476,1299.66,769.6236,4486.79,0.8885,50.4149,50.4149,50.4149,50.4149,50.4149,50.4149
2020-01-09 07:30:00,2.4951,33.1459,16.7655,0.8884,369.4293,320.351,45.6067,1309.16,797.9129,4496.16,0.8884,32.8892,32.8892,32.8892,32.8892,32.8892,32.8892
2020-01-09 08:00:00,2.7472,34.8152,16.0801,0.8583,372.4045,326.4629,46.338,1327.4,817.8975,4464.64,0.8583,30.3527,30.3527,30.3527,30.3527,30.3527,30.3527
2020-01-09 08:30:00,2.9024,35.8675,14.9501,0.8314,371.7444,328.9866,46.4928,1338.02,833.845,4392.74,0.8314,27.6189,27.6189,27.6189,27.6189,27.6189,27.6189
2020-01-09 09:00:00,3.023,36.3205,13.9185,0.7942,367.6236,331.9506,46.586999999999996,1345.36,852.7845,4429.01,0.7942,27.9546,27.9546,27.9546,27.9546,27.9546,27.9546
2020-01-09 09:30:00,3.1138,36.7146,13.5606,0.7642,369.6109,334.6997,46.9441,1345.75,860.1555,4458.3,0.7642,30.6648,30.6648,30.6648,30.6648,30.6648,30.6648
2020-01-09 10:00:00,3.1858,37.3902,12.4293,0.7612,365.1062,334.6725,47.2128,1346.25,866.9448,4488.5,0.7612,24.6924,24.6924,24.6924,24.6924,24.6924,24.6924
2020-01-09 10:30:00,3.2088,37.4349,11.8815,0.7559999999999999,352.4086,333.8834,47.5167,1348.82,865.3266,4516.17,0.7559999999999999,29.7011,29.7011,29.7011,29.7011,29.7011,29.7011
2020-01-09 11:00:00,3.1858,37.4805,11.3346,0.7568,345.6956,333.8608,47.3182,1337.43,857.5635,4429.63,0.7568,31.3949,31.3949,31.3949,31.3949,31.3949,31.3949
2020-01-09 11:30:00,3.14,37.2508,10.6057,0.7405,345.7576,333.3645,46.8387,1330.19,858.1154,4459.97,0.7405,32.2855,32.2855,32.2855,32.2855,32.2855,32.2855
2020-01-09 12:00:00,3.0851,37.0666,10.0514,0.7346,345.7543,331.3697,46.7321,1317.44,851.4587,4476.45,0.7346,27.2251,27.2251,27.2251,27.2251,27.2251,27.2251
2020-01-09 12:30:00,3.0951,36.4443,9.5074,0.722,343.7847,330.4816,46.7798,1309.9,852.6252,4503.94,0.722,35.7395,35.7395,35.7395,35.7395,35.7395,35.7395
2020-01-09 13:00:00,3.0906,36.57,8.8206,0.722,341.774,328.8413,46.9111,1314.82,847.512,4491.18,0.722,33.3762,33.3762,33.3762,33.3762,33.3762,33.3762
2020-01-09 13:30:00,3.0628,36.4061,9.1078,0.7101,342.9843,327.2771,46.946000000000005,1313.26,848.1098,4491.7,0.7101,32.0095,32.0095,32.0095,32.0095,32.0095,32.0095
2020-01-09 14:00:00,3.0335,35.7664,9.4705,0.7112,341.3805,325.3288,46.6361,1310.92,839.9612,4402.76,0.7112,29.1662,29.1662,29.1662,29.1662,29.1662,29.1662
2020-01-09 14:30:00,2.9811,34.7601,9.7062,0.6907,344.6448,321.8768,46.1617,1305.2,832.2143,4304.83,0.6907,30.1482,30.1482,30.1482,30.1482,30.1482,30.1482
2020-01-09 15:00:00,2.9221,33.6754,9.6806,0.7017,348.6092,319.9589,45.8694,1289.49,826.3373,4229.81,0.7017,28.4939,28.4939,28.4939,28.4939,28.4939,28.4939
2020-01-09 15:30:00,2.861,32.715,10.2229,0.736,346.1758,318.9125,45.5449,1288.68,811.2188,4190.85,0.736,28.8588,28.8588,28.8588,28.8588,28.8588,28.8588
2020-01-09 16:00:00,2.7913,31.6829,10.7002,0.8098,352.87199999999996,316.765,45.7252,1293.89,803.7127,4235.18,0.8098,25.9482,25.9482,25.9482,25.9482,25.9482,25.9482
2020-01-09 16:30:00,2.7742,30.9343,11.4343,0.8742,360.895,317.6357,45.958999999999996,1292.89,789.5126,4276.21,0.8742,40.2567,40.2567,40.2567,40.2567,40.2567,40.2567
2020-01-09 17:00:00,2.6981,30.5117,12.1188,0.9955,363.9066,315.0795,46.9004,1283.7,774.7402,4292.52,0.9955,54.2533,54.2533,54.2533,54.2533,54.2533,54.2533
2020-01-09 17:30:00,2.5936,29.2356,12.4187,1.0901,362.8726,311.3287,46.8599,1274.8,750.1917,4322.14,1.0901,49.1873,49.1873,49.1873,49.1873,49.1873,49.1873
2020-01-09 18:00:00,2.4514,27.414,12.1159,1.1473,358.6682,296.8867,45.8704,1259.74,677.7439999999999,4298.9,1.1473,50.0589,50.0589,50.0589,50.0589,50.0589,50.0589
2020-01-09 18:30:00,2.3646,26.5152,11.9977,1.1681,355.1977,289.591,45.2983,1252.44,665.6194,4275.94,1.1681,56.416000000000004,56.416000000000004,56.416000000000004,56.416000000000004,56.416000000000004,56.416000000000004
2020-01-09 19:00:00,2.2753,25.6398,11.9689,1.1781,347.2723,283.1303,45.1894,1241.19,653.0991,4241.59,1.1781,54.9954,54.9954,54.9954,54.9954,54.9954,54.9954
2020-01-09 19:30:00,2.201,24.8297,11.9715,1.1807,344.1682,278.8456,44.6617,1231.28,641.0078,4238.08,1.1807,52.1337,52.1337,52.1337,52.1337,52.1337,52.1337
2020-01-09 20:00:00,2.1006,23.7989,11.6579,1.157,335.7768,274.8276,44.1369,1222.75,629.1198,4227.15,1.157,54.4478,54.4478,54.4478,54.4478,54.4478,54.4478
2020-01-09 20:30:00,2.0114,23.2341,11.0282,1.1335,331.721,268.3621,43.4185,1213.01,618.7928,4210.64,1.1335,46.2925,46.2925,46.2925,46.2925,46.2925,46.2925
2020-01-09 21:00:00,1.9317,22.3603,10.6943,1.0914,325.4571,262.2676,42.6879,1206.05,613.5804,4208.23,1.0914,45.4905,45.4905,45.4905,45.4905,45.4905,45.4905
2020-01-09 21:30:00,1.8542,21.6481,10.297,1.0421,320.0547,257.2962,41.8183,1207.74,609.0729,4206.29,1.0421,54.2653,54.2653,54.2653,54.2653,54.2653,54.2653
2020-01-09 22:00:00,1.7733,20.6238,9.6421,0.9691,313.6853,250.1145,40.4729,1192.31,603.2551,4194.18,0.9691,51.0005,51.0005,51.0005,51.0005,51.0005,51.0005
2020-01-09 22:30:00,1.7262,20.165,9.337,0.9164,307.5874,247.3277,39.4808,1179.11,597.7364,4163.73,0.9164,50.2603,50.2603,50.2603,50.2603,50.2603,50.2603
2020-01-09 23:00:00,1.6935,19.6929,8.9905,0.858,304.0208,242.2576,38.3963,1165.99,587.4443,4136.56,0.858,54.8719,54.8719,54.8719,54.8719,54.8719,54.8719
2020-01-09 23:30:00,1.6687,19.0419,8.7241,0.8162,301.4583,237.9178,37.3974,1154.63,585.839,4133.05,0.8162,54.6208,54.6208,54.6208,54.6208,54.6208,54.6208
2020-01-10 00:00:00,1.6401,18.6677,8.754,0.7941,297.9155,233.7789,36.4236,1152.09,575.8613,4174.83,0.7941,52.5077,52.5077,52.5077,52.5077,52.5077,52.5077
2020-01-10 00:30:00,1.6224,18.5104,8.7286,0.7712,294.2464,232.674,35.9604,1140.47,574.754,4146.69,0.7712,58.331,58.331,58.331,58.331,58.331,58.331
2020-01-10 01:00:00,1.6074,18.3946,8.7766,0.7494,292.9775,229.6156,35.5582,1137.68,569.5598,4149.55,0.7494,55.1987,55.1987,55.1987,55.1987,55.1987,55.1987
2020-01-10 01:30:00,1.6124,18.2045,8.7247,0.7369,290.9148,226.1071,35.351,1135.5,564.7982,4132.91,0.7369,48.826,48.826,48.826,48.826,48.826,48.826
2020-01-10 02:00:00,1.5985,18.0974,8.8196,0.7158,288.2062,225.2547,35.3665,1132.56,562.31,4103.94,0.7158,57.2426,57.2426,57.2426,57.2426,57.2426,57.2426
2020-01-10 02:30:00,1.6285,18.1485,8.7815,0.6989,283.9827,225.024,35.2106,1125.1,559.4278,4082.45,0.6989,60.016000000000005,60.016000000000005,60.016000000000005,60.016000000000005,60.016000000000005,60.016000000000005
2020-01-10 03:00:00,1.6153,18.3784,9.0,0.6979,286.373,227.3705,35.3899,1123.55,566.0907,4098.43,0.6979,64.8186,64.8186,64.8186,64.8186,64.8186,64.8186
2020-01-10 03:30:00,1.6214,18.8759,9.2423,0.7023,286.0305,231.1992,35.7231,1120.76,576.8908,4091.65,0.7023,57.5055,57.5055,57.5055,57.5055,57.5055,57.5055
2020-01-10 04:00:00,1.6701,19.8522,9.3896,0.7036,291.4325,238.9162,36.9128,1128.79,594.6127,4106.88,0.7036,67.2415,67.2415,67.2415,67.2415,67.2415,67.2415
2020-01-10 04:30:00,1.7199,20.5899,9.8595,0.7128,296.0827,244.7382,37.6609,1142.04,606.1057,4158.27,0.7128,65.9343,65.9343,65.9343,65.9343,65.9343,65.9343
2020-01-10 05:00:00,1.8183,22.4899,10.6063,0.7637,309.1634,257.2098,39.469,1168.98,626.9687,4204.08,0.7637,54.6488,54.6488,54.6488,54.6488,54.6488,54.6488
2020-01-10 05:30:00,1.9065,24.3972,11.4472,0.7954,321.9878,267.6003,40.9301,1196.15,647.6812,4263.23,0.7954,63.861000000000004,63.861000000000004,63.861000000000004,63.861000000000004,63.861000000000004,63.861000000000004
2020-01-10 06:00:00,2.1265,27.4158,12.9236,0.8689,338.8331,284.738,43.2363,1235.94,691.778,4334.31,0.8689,62.566,62.566,62.566,62.566,62.566,62.566
2020-01-10 06:30:00,2.2840000000000003,29.7161,14.2905,0.9249,350.1847,296.8961,44.7038,1264.77,724.7144,4348.21,0.9249,65.0034,65.0034,65.0034,65.0034,65.0034,65.0034
2020-01-10 07:00:00,2.4535,32.086,16.7044,0.9790000000000001,364.0204,308.0223,45.9381,1285.14,753.578,4359.28,0.9790000000000001,51.6927,51.6927,51.6927,51.6927,51.6927,51.6927
2020-01-10 07:30:00,2.6607,33.9185,17.3829,0.9668,373.3473,314.1188,46.0043,1286.72,782.076,4330.44,0.9668,36.7588,36.7588,36.7588,36.7588,36.7588,36.7588
2020-01-10 08:00:00,2.8725,35.4776,16.5968,0.9319,372.5974,318.5768,46.6275,1291.49,797.6018,4301.2,0.9319,35.5599,35.5599,35.5599,35.5599,35.5599,35.5599
2020-01-10 08:30:00,3.0131,36.3094,14.9051,0.8674,364.9917,320.7412,46.9311,1292.22,811.44,4269.88,0.8674,34.5639,34.5639,34.5639,34.5639,34.5639,34.5639
2020-01-10 09:00:00,3.1059,36.2498,12.3769,0.8182,355.0503,321.281,47.0347,1286.34,817.8897,4272.56,0.8182,35.1669,35.1669,35.1669,35.1669,35.1669,35.1669
2020-01-10 09:30:00,3.1751,36.4958,10.4066,0.7874,349.5159,319.2216,47.3243,1283.96,828.7721,4306.15,0.7874,40.8973,40.8973,40.8973,40.8973,40.8973,40.8973
2020-01-10 10:00:00,3.1932,36.88,9.1392,0.7594,343.6617,319.2559,47.2915,1277.64,828.8081,4296.61,0.7594,41.0176,41.0176,41.0176,41.0176,41.0176,41.0176
2020-01-10 10:30:00,3.2148,36.8826,8.6151,0.7182,335.8376,316.3928,47.3085,1277.36,827.3388,4316.32,0.7182,36.574,36.574,36.574,36.574,36.574,36.574
2020-01-10 11:00:00,3.2025,36.3677,7.6122,0.7016,330.3576,315.9424,47.2845,1269.08,832.2924,4319.71,0.7016,39.4475,39.4475,39.4475,39.4475,39.4475,39.4475
2020-01-10 11:30:00,3.1139,35.819,6.9473,0.6897,323.5079,314.1117,47.0888,1260.73,834.5514,4308.31,0.6897,42.1567,42.1567,42.1567,42.1567,42.1567,42.1567
2020-01-10 12:00:00,3.0151,35.9093,6.2551,0.6856,317.2413,311.9924,46.928999999999995,1256.15,830.5599,4305.65,0.6856,41.114,41.114,41.114,41.114,41.114,41.114
2020-01-10 12:30:00,2.9892,35.5186,6.1728,0.6792,318.0924,311.5958,46.8433,1255.8,834.6974,4292.94,0.6792,40.7789,40.7789,40.7789,40.7789,40.7789,40.7789
2020-01-10 13:00:00,2.9593,35.9756,5.9552,0.6584,318.0926,310.9747,46.6442,1254.02,835.9886,4334.74,0.6584,46.0533,46.0533,46.0533,46.0533,46.0533,46.0533
2020-01-10 13:30:00,2.9476,35.7509,5.8244,0.6413,318.6415,310.6515,46.7225,1255.69,831.3726,4307.64,0.6413,26.3121,26.3121,26.3121,26.3121,26.3121,26.3121
2020-01-10 14:00:00,2.886,34.7929,6.1273,0.6383,319.6293,310.0372,46.4984,1256.97,826.637,4267.25,0.6383,42.7881,42.7881,42.7881,42.7881,42.7881,42.7881
2020-01-10 14:30:00,2.8427,34.0416,6.7513,0.6257,319.9587,310.6373,46.2851,1267.16,812.9545,4237.27,0.6257,35.3148,35.3148,35.3148,35.3148,35.3148,35.3148
2020-01-10 15:00:00,2.7919,32.9266,6.7982,0.6441,323.3166,312.4206,45.9592,1262.6,805.4765,4232.4,0.6441,36.1895,36.1895,36.1895,36.1895,36.1895,36.1895
2020-01-10 15:30:00,2.7082,31.6495,7.6162,0.6924,328.975,313.0339,45.8083,1261.61,797.1344,4271.32,0.6924,37.7604,37.7604,37.7604,37.7604,37.7604,37.7604
2020-01-10 16:00:00,2.6493,30.63,9.2573,0.7465,338.5337,310.7584,45.8466,1264.43,791.5277,4318.53,0.7465,32.3307,32.3307,32.3307,32.3307,32.3307,32.3307
2020-01-10 16:30:00,2.6109,29.6918,10.397,0.8356,345.9042,309.4136,45.7677,1271.68,780.5599,4348.03,0.8356,31.3878,31.3878,31.3878,31.3878,31.3878,31.3878
2020-01-10 17:00:00,2.6161,29.3071,10.9989,0.9535,352.7556,306.4433,46.4555,1269.22,768.6569,4342.55,0.9535,46.4191,46.4191,46.4191,46.4191,46.4191,46.4191
2020-01-10 17:30:00,2.5271,28.0667,11.1565,1.0556,352.7825,301.5893,46.5338,1256.08,743.4109,4378.15,1.0556,47.013999999999996,47.013999999999996,47.013999999999996,47.013999999999996,47.013999999999996,47.013999999999996
2020-01-10 18:00:00,2.3975,26.5075,11.0173,1.0931,350.2783,287.1803,45.4424,1236.45,671.4132,4335.73,1.0931,54.1113,54.1113,54.1113,54.1113,54.1113,54.1113
2020-01-10 18:30:00,2.3062,25.7269,10.5279,1.1101,347.8399,282.4734,44.9821,1229.8,656.5957,4306.47,1.1101,54.2315,54.2315,54.2315,54.2315,54.2315,54.2315
2020-01-10 19:00:00,2.2098,24.7647,10.415999999999999,1.0993,341.3601,276.5736,44.5705,1218.61,642.6583,4286.44,1.0993,51.0836,51.0836,51.0836,51.0836,51.0836,51.0836
2020-01-10 19:30:00,2.1447,24.1213,10.3558,1.0818,336.6428,273.9084,44.2375,1206.51,633.7553,4298.25,1.0818,50.3966,50.3966,50.3966,50.3966,50.3966,50.3966
2020-01-10 20:00:00,2.0703,23.2376,10.2782,1.0912,331.2324,268.6943,43.2586,1195.05,624.6035,4324.9,1.0912,51.9014,51.9014,51.9014,51.9014,51.9014,51.9014
2020-01-10 20:30:00,2.0015,22.6862,9.8434,1.0625,325.0144,263.4636,42.9749,1186.72,619.106,4324.46,1.0625,49.1645,49.1645,49.1645,49.1645,49.1645,49.1645
2020-01-10 21:00:00,1.9188,21.8168,9.6803,1.0516,316.4828,254.0035,42.1714,1184.44,606.1413,4342.0,1.0516,55.4948,55.4948,55.4948,55.4948,55.4948,55.4948
2020-01-10 21:30:00,1.8435,21.173000000000002,9.9214,1.0078,312.3982,248.9622,41.2398,1188.44,599.4216,4312.72,1.0078,47.6303,47.6303,47.6303,47.6303,47.6303,47.6303
2020-01-10 22:00:00,1.7702,20.4643,9.5036,0.966,305.5964,242.2632,39.9767,1172.31,593.2404,4299.38,0.966,51.8461,51.8461,51.8461,51.8461,51.8461,51.8461
2020-01-10 22:30:00,1.7096,19.6785,8.9604,0.9176,300.1975,238.2123,38.8826,1161.26,590.5882,4288.04,0.9176,48.5699,48.5699,48.5699,48.5699,48.5699,48.5699
2020-01-10 23:00:00,1.6504,18.9642,8.6695,0.8577,293.4699,232.9107,37.6183,1145.05,579.0933,4267.69,0.8577,45.6254,45.6254,45.6254,45.6254,45.6254,45.6254
2020-01-10 23:30:00,1.6141,18.4055,8.4645,0.8112,284.8322,228.5548,36.829,1135.6,571.1305,4191.78,0.8112,49.7545,49.7545,49.7545,49.7545,49.7545,49.7545
2020-01-11 00:00:00,1.5858,17.9338,8.4141,0.7877,287.5725,224.7287,35.923,1101.3,564.8532,4123.24,0.7877,51.5068,51.5068,51.5068,51.5068,51.5068,51.5068
2020-01-11 00:30:00,1.5629,17.6456,8.0911,0.7484,285.0412,222.5561,35.2762,1095.59,556.8778,4124.18,0.7484,54.5727,54.5727,54.5727,54.5727,54.5727,54.5727
2020-01-11 01:00:00,1.5546,17.4228,8.1951,0.7071,285.4019,220.6368,34.8716,1089.76,555.1483,4122.77,0.7071,52.7945,52.7945,52.7945,52.7945,52.7945,52.7945
2020-01-11 01:30:00,1.54,17.2607,8.1032,0.6846,279.49,217.4499,34.5838,1081.78,545.134,4128.17,0.6846,52.9598,52.9598,52.9598,52.9598,52.9598,52.9598
2020-01-11 02:00:00,1.5345,17.207,8.1806,0.6739,279.666,215.5679,34.4929,1074.78,543.0936,4090.07,0.6739,45.3282,45.3282,45.3282,45.3282,45.3282,45.3282
2020-01-11 02:30:00,1.5308,17.0459,8.1539,0.6592,276.4242,214.5938,34.3654,1068.73,543.7707,4073.61,0.6592,56.7921,56.7921,56.7921,56.7921,56.7921,56.7921
2020-01-11 03:00:00,1.5374,17.0806,8.408,0.644,275.5052,214.1305,34.3412,1060.95,540.7447,4076.31,0.644,57.1231,57.1231,57.1231,57.1231,57.1231,57.1231
2020-01-11 03:30:00,1.5219999999999998,17.3517,8.6523,0.6377,275.1277,214.7998,34.2621,1056.31,544.1823,4063.45,0.6377,56.2997,56.2997,56.2997,56.2997,56.2997,56.2997
2020-01-11 04:00:00,1.5404,17.634,8.61,0.6376,277.7841,218.1165,34.7794,1060.31,541.7554,4042.02,0.6376,51.2016,51.2016,51.2016,51.2016,51.2016,51.2016
2020-01-11 04:30:00,1.5608,17.8931,8.514,0.6567,280.7345,219.7754,35.306,1068.82,542.8037,4055.82,0.6567,54.6863,54.6863,54.6863,54.6863,54.6863,54.6863
2020-01-11 05:00:00,1.5909,18.3552,8.6664,0.6859,285.0789,223.3632,36.1653,1077.58,549.3374,4041.59,0.6859,57.56,57.56,57.56,57.56,57.56,57.56
2020-01-11 05:30:00,1.6325,18.6074,8.7612,0.7034,285.8461,224.5412,36.946999999999996,1081.17,553.9652,4088.42,0.7034,49.6211,49.6211,49.6211,49.6211,49.6211,49.6211
2020-01-11 06:00:00,1.6987,19.378,8.892000000000001,0.7318,290.7964,230.1091,38.6544,1081.2,564.8385,4092.78,0.7318,54.2021,54.2021,54.2021,54.2021,54.2021,54.2021
2020-01-11 06:30:00,1.7626,20.0511,8.9856,0.767,295.6903,232.787,39.3694,1087.75,577.9018,4099.89,0.767,49.8437,49.8437,49.8437,49.8437,49.8437,49.8437
2020-01-11 07:00:00,1.7927,20.858,8.7422,0.8043,296.8719,235.1033,39.7034,1088.71,581.4424,4087.87,0.8043,43.5188,43.5188,43.5188,43.5188,43.5188,43.5188
2020-01-11 07:30:00,1.7707,21.0702,8.3149,0.8399,293.4688,232.0779,39.4873,1079.91,577.3422,4079.13,0.8399,28.7263,28.7263,28.7263,28.7263,28.7263,28.7263
2020-01-11 08:00:00,1.8432,21.6944,7.0145,0.8746,289.3698,232.7135,39.942,1070.23,583.2118,4056.37,0.8746,34.1729,34.1729,34.1729,34.1729,34.1729,34.1729
2020-01-11 08:30:00,1.9001,22.1144,5.5456,0.8571,276.4847,230.6219,40.0365,1056.4,586.3767,3987.64,0.8571,35.0023,35.0023,35.0023,35.0023,35.0023,35.0023
2020-01-11 09:00:00,1.9916,22.4546,4.8342,0.8577,266.7084,229.2225,40.2163,1048.78,594.0472,3957.43,0.8577,34.0887,34.0887,34.0887,34.0887,34.0887,34.0887
2020-01-11 09:30:00,2.069,22.2996,4.3448,0.8457,263.1389,228.0556,40.4127,1034.87,594.3056,3926.05,0.8457,30.7552,30.7552,30.7552,30.7552,30.7552,30.7552
2020-01-11 10:00:00,2.1382,22.5302,4.0119,0.8320000000000001,260.7468,228.9621,40.7223,1034.15,593.1824,3909.6,0.8320000000000001,34.8161,34.8161,34.8161,34.8161,34.8161,34.8161
2020-01-11 10:30:00,2.1487,22.5781,3.9222,0.815,261.5448,228.7386,40.8066,1031.45,589.737,3904.43,0.815,33.9808,33.9808,33.9808,33.9808,33.9808,33.9808
2020-01-11 11:00:00,2.1729,22.8871,3.8452,0.8178,260.0443,228.7912,40.6407,1028.74,592.6245,3902.02,0.8178,38.0219,38.0219,38.0219,38.0219,38.0219,38.0219
2020-01-11 11:30:00,2.1732,22.7175,3.9047,0.7954,255.9343,227.247,40.7205,1028.31,587.3915,3910.84,0.7954,38.3592,38.3592,38.3592,38.3592,38.3592,38.3592
2020-01-11 12:00:00,2.1533,22.0864,3.8238,0.7687,254.7723,227.7323,40.6301,1032.4,576.854,3914.54,0.7687,24.8967,24.8967,24.8967,24.8967,24.8967,24.8967
2020-01-11 12:30:00,2.1249,21.8324,3.6319999999999997,0.7806,257.1922,227.8583,40.4321,1031.46,578.8922,3957.02,0.7806,36.3961,36.3961,36.3961,36.3961,36.3961,36.3961
2020-01-11 13:00:00,2.0943,21.5836,3.7985,0.7674,256.1202,227.3988,40.2958,1035.32,568.9014,3974.04,0.7674,29.897,29.897,29.897,29.897,29.897,29.897
2020-01-11 13:30:00,2.0541,21.5076,3.801,0.7492,257.7566,227.0791,40.2017,1029.36,569.7654,3976.46,0.7492,34.7588,34.7588,34.7588,34.7588,34.7588,34.7588
2020-01-11 14:00:00,2.035,21.1966,3.7486,0.7445,258.6745,226.8389,40.1254,1033.05,561.6148,3949.35,0.7445,28.4942,28.4942,28.4942,28.4942,28.4942,28.4942
2020-01-11 14:30:00,2.03,21.2573,3.84,0.7487,259.3477,227.4436,40.2026,1038.44,559.9773,3962.39,0.7487,30.0734,30.0734,30.0734,30.0734,30.0734,30.0734
2020-01-11 15:00:00,1.9989,20.9295,3.8728,0.7538,262.1372,230.0298,40.0325,1043.1,559.3455,3979.33,0.7538,27.7452,27.7452,27.7452,27.7452,27.7452,27.7452
2020-01-11 15:30:00,1.9851,20.9129,4.6161,0.787,267.4155,233.2277,39.9428,1055.07,557.8533,3985.24,0.787,32.8594,32.8594,32.8594,32.8594,32.8594,32.8594
2020-01-11 16:00:00,1.9749,20.9691,5.6841,0.8347,277.9902,234.5784,39.9698,1068.01,556.6683,4066.55,0.8347,32.2939,32.2939,32.2939,32.2939,32.2939,32.2939
2020-01-11 16:30:00,1.9966,21.1938,7.2517,0.9082,289.14799999999997,236.0403,40.3285,1080.3,558.7169,4117.81,0.9082,29.2517,29.2517,29.2517,29.2517,29.2517,29.2517
2020-01-11 17:00:00,2.0854,21.5732,8.788,1.0064,299.3959,238.7763,41.7848,1087.67,555.7473,4154.35,1.0064,51.9939,51.9939,51.9939,51.9939,51.9939,51.9939
2020-01-11 17:30:00,2.1191,21.9159,9.4489,1.0693,302.3467,239.5605,42.3037,1088.27,559.8254,4175.97,1.0693,48.4061,48.4061,48.4061,48.4061,48.4061,48.4061
2020-01-11 18:00:00,2.0951,21.612,9.2372,1.0748,301.3239,236.7131,42.0551,1079.64,550.0571,4139.48,1.0748,46.0374,46.0374,46.0374,46.0374,46.0374,46.0374
2020-01-11 18:30:00,2.0627,21.2713,9.0685,1.0838,301.0212,235.2316,41.81,1080.21,548.5944,4152.47,1.0838,51.3047,51.3047,51.3047,51.3047,51.3047,51.3047
2020-01-11 19:00:00,2.024,20.8143,9.3129,1.0852,299.1975,232.1033,41.4818,1074.62,543.3431,4141.75,1.0852,54.2949,54.2949,54.2949,54.2949,54.2949,54.2949
2020-01-11 19:30:00,1.9839,20.6293,9.5552,1.0662,296.4159,229.9011,41.1748,1070.17,540.1443,4131.41,1.0662,44.9191,44.9191,44.9191,44.9191,44.9191,44.9191
2020-01-11 20:00:00,1.9538,20.4205,9.3423,1.0611,292.9579,227.2442,40.8066,1065.95,534.202,4113.1,1.0611,48.5805,48.5805,48.5805,48.5805,48.5805,48.5805
2020-01-11 20:30:00,1.9080000000000001,20.1343,9.3733,1.0414,290.2778,225.3387,40.6131,1056.07,531.911,4106.85,1.0414,52.0386,52.0386,52.0386,52.0386,52.0386,52.0386
2020-01-11 21:00:00,1.8337,19.7896,9.5528,1.0256,285.6731,222.4735,39.8804,1042.47,531.1969,4117.43,1.0256,51.3425,51.3425,51.3425,51.3425,51.3425,51.3425
2020-01-11 21:30:00,1.7717,19.1938,9.4314,1.0111,282.426,218.8383,39.3121,1036.26,531.7344,4107.53,1.0111,52.0365,52.0365,52.0365,52.0365,52.0365,52.0365
2020-01-11 22:00:00,1.7289,18.5027,9.1539,0.9719,279.0787,217.3692,38.2485,1025.48,529.2993,4096.76,0.9719,47.0885,47.0885,47.0885,47.0885,47.0885,47.0885
2020-01-11 22:30:00,1.6784,18.0003,8.9085,0.9295,277.6882,214.4388,37.4609,1019.84,527.0992,4093.53,0.9295,54.086999999999996,54.086999999999996,54.086999999999996,54.086999999999996,54.086999999999996,54.086999999999996
2020-01-11 23:00:00,1.6506,17.4083,8.8931,0.8914,274.0387,210.4796,36.6352,1011.05,520.2022,4066.54,0.8914,49.3963,49.3963,49.3963,49.3963,49.3963,49.3963
2020-01-11 23:30:00,1.6225,17.2354,8.9351,0.8329,271.0263,207.3767,35.9845,1009.33,519.4732,4055.21,0.8329,48.4688,48.4688,48.4688,48.4688,48.4688,48.4688
2020-01-12 00:00:00,1.5913,16.9846,8.3767,0.7923,267.4955,203.6843,35.0006,1019.1,506.7291,3989.24,0.7923,45.475,45.475,45.475,45.475,45.475,45.475
2020-01-12 00:30:00,1.57,16.7532,8.2633,0.7667,266.9544,202.3704,34.6434,1016.53,505.1197,3955.12,0.7667,49.5614,49.5614,49.5614,49.5614,49.5614,49.5614
2020-01-12 01:00:00,1.5558,16.6273,8.3833,0.7433,265.8991,200.4806,34.222,1021.3,503.4728,3930.74,0.7433,50.3393,50.3393,50.3393,50.3393,50.3393,50.3393
2020-01-12 01:30:00,1.5384,16.5844,8.2957,0.7265,265.2605,199.6875,34.0015,1016.99,502.8661,3910.13,0.7265,47.1295,47.1295,47.1295,47.1295,47.1295,47.1295
2020-01-12 02:00:00,1.5455,16.5357,8.3419,0.7027,265.7412,199.0276,33.9902,1012.93,503.1321,3893.05,0.7027,54.5732,54.5732,54.5732,54.5732,54.5732,54.5732
2020-01-12 02:30:00,1.5451,16.5668,8.2744,0.6933,263.7536,199.5021,34.0315,1009.46,500.3899,3882.27,0.6933,46.645,46.645,46.645,46.645,46.645,46.645
2020-01-12 03:00:00,1.5456,16.6147,8.5017,0.6916,263.3912,199.7671,33.909,1008.98,501.4959,3874.67,0.6916,59.6942,59.6942,59.6942,59.6942,59.6942,59.6942
2020-01-12 03:30:00,1.5375,16.673,8.4455,0.69,265.6086,200.4266,33.8286,1009.25,503.1728,3839.51,0.69,51.2276,51.2276,51.2276,51.2276,51.2276,51.2276
2020-01-12 04:00:00,1.5416,16.7533,8.3024,0.6979,265.379,202.9556,34.297,1008.18,504.3351,3812.03,0.6979,50.8772,50.8772,50.8772,50.8772,50.8772,50.8772
2020-01-12 04:30:00,1.569,16.7683,8.4496,0.6951,267.4463,203.5931,34.7628,1012.77,508.8033,3823.3,0.6951,54.2748,54.2748,54.2748,54.2748,54.2748,54.2748
2020-01-12 05:00:00,1.6017,17.2211,8.4651,0.7096,271.0977,206.5399,35.6829,1012.74,512.4625,3789.17,0.7096,54.9493,54.9493,54.9493,54.9493,54.9493,54.9493
2020-01-12 05:30:00,1.6368,17.5878,8.6174,0.7393,272.4609,208.9325,36.4874,1018.88,512.8897,3760.8,0.7393,57.3375,57.3375,57.3375,57.3375,57.3375,57.3375
2020-01-12 06:00:00,1.6844,18.177,8.9094,0.7572,275.2323,211.5225,37.9595,1021.67,519.1713,3735.8,0.7572,47.7832,47.7832,47.7832,47.7832,47.7832,47.7832
2020-01-12 06:30:00,1.7134,18.5754,9.3685,0.8084,276.8656,213.6586,38.6644,1028.65,524.8607,3741.31,0.8084,51.8685,51.8685,51.8685,51.8685,51.8685,51.8685
2020-01-12 07:00:00,1.7197,18.8901,9.2134,0.8432,278.2568,216.4279,39.2583,1025.75,527.4312,3728.81,0.8432,43.6597,43.6597,43.6597,43.6597,43.6597,43.6597
2020-01-12 07:30:00,1.6963,18.7739,8.6619,0.8901,274.0358,214.3426,38.686,1013.32,527.3315,3686.34,0.8901,29.7901,29.7901,29.7901,29.7901,29.7901,29.7901
2020-01-12 08:00:00,1.7280000000000002,19.0114,7.501,0.902,268.6661,213.7215,38.6009,1001.88,530.5724,3660.49,0.902,24.4017,24.4017,24.4017,24.4017,24.4017,24.4017
2020-01-12 08:30:00,1.764,19.1093,6.3052,0.9229,262.5156,212.3608,38.8214,992.0962,530.319,3610.09,0.9229,31.7594,31.7594,31.7594,31.7594,31.7594,31.7594
2020-01-12 09:00:00,1.8165,19.5337,5.5313,0.9273,260.2953,212.8913,39.2871,989.3598,529.7766,3599.55,0.9273,30.2913,30.2913,30.2913,30.2913,30.2913,30.2913
2020-01-12 09:30:00,1.8548,19.7089,5.2257,0.9294,262.1764,213.3145,39.4897,989.3995,531.2175,3612.11,0.9294,34.2974,34.2974,34.2974,34.2974,34.2974,34.2974
2020-01-12 10:00:00,1.9064,19.9265,4.5916,0.9063,258.4284,213.2625,39.7269,986.9261,531.9396,3615.26,0.9063,27.631999999999998,27.631999999999998,27.631999999999998,27.631999999999998,27.631999999999998,27.631999999999998
2020-01-12 10:30:00,1.92,19.7882,4.0248,0.8894,255.3884,212.2155,39.7487,978.9837,535.28,3599.04,0.8894,30.2205,30.2205,30.2205,30.2205,30.2205,30.2205
2020-01-12 11:00:00,1.8974,20.0799,3.8051,0.8819,249.9484,212.0426,39.4554,968.7905,538.6507,3619.34,0.8819,31.4141,31.4141,31.4141,31.4141,31.4141,31.4141
2020-01-12 11:30:00,1.8809,19.9809,3.8459,0.8615,249.5107,211.1016,39.2274,967.7445,540.7407,3601.09,0.8615,28.0603,28.0603,28.0603,28.0603,28.0603,28.0603
2020-01-12 12:00:00,1.8902,19.8254,3.6072,0.8545,252.6033,211.8809,39.2875,972.9835,539.4254,3615.53,0.8545,32.5708,32.5708,32.5708,32.5708,32.5708,32.5708
2020-01-12 12:30:00,1.8869,19.8247,3.7375,0.8605,255.5984,214.1045,39.2105,984.2087,539.599,3617.26,0.8605,25.7092,25.7092,25.7092,25.7092,25.7092,25.7092
2020-01-12 13:00:00,1.875,19.7556,3.8274,0.8538,258.0717,213.9911,39.1797,992.5344,538.9251,3621.18,0.8538,28.3113,28.3113,28.3113,28.3113,28.3113,28.3113
2020-01-12 13:30:00,1.8541,19.7231,3.9261,0.8551,260.0095,215.6176,39.0752,998.9191,541.3424,3654.04,0.8551,23.4957,23.4957,23.4957,23.4957,23.4957,23.4957
2020-01-12 14:00:00,1.8362,19.6148,3.7255,0.8609,260.0596,215.7511,39.013000000000005,1005.39,541.3262,3649.65,0.8609,25.3363,25.3363,25.3363,25.3363,25.3363,25.3363
2020-01-12 14:30:00,1.8392,19.5933,4.0019,0.8604,263.1531,215.8632,38.8907,1005.53,540.8653,3639.18,0.8604,26.5471,26.5471,26.5471,26.5471,26.5471,26.5471
2020-01-12 15:00:00,1.8466,19.5621,4.1698,0.8867,262.5276,217.6377,38.6987,1014.13,540.8826,3643.2,0.8867,25.3449,25.3449,25.3449,25.3449,25.3449,25.3449
2020-01-12 15:30:00,1.8547,19.5242,4.8457,0.8867,270.0325,220.8546,38.9209,1024.3,543.5668,3660.69,0.8867,22.3558,22.3558,22.3558,22.3558,22.3558,22.3558
2020-01-12 16:00:00,1.8663,19.5339,6.0192,0.9435,277.5376,223.3819,39.0545,1034.45,545.9304,3719.4,0.9435,24.7604,24.7604,24.7604,24.7604,24.7604,24.7604
2020-01-12 16:30:00,1.9031,20.0454,7.6326,1.0144,289.6463,226.6868,39.5495,1047.49,544.2196,3793.38,1.0144,26.4324,26.4324,26.4324,26.4324,26.4324,26.4324
2020-01-12 17:00:00,1.9878,20.7449,8.8525,1.1072,298.22900000000004,230.0984,40.9527,1060.35,546.1269,3842.39,1.1072,47.2886,47.2886,47.2886,47.2886,47.2886,47.2886
2020-01-12 17:30:00,2.0368,20.8997,9.371,1.1958,303.2266,231.47099999999998,41.5994,1065.89,545.3034,3871.74,1.1958,50.0258,50.0258,50.0258,50.0258,50.0258,50.0258
2020-01-12 18:00:00,2.0147,20.7261,9.2432,1.2349,301.6244,229.0651,41.2947,1062.11,539.8933,3843.51,1.2349,39.2886,39.2886,39.2886,39.2886,39.2886,39.2886
2020-01-12 18:30:00,1.9861,20.4369,9.1626,1.2459,298.0034,228.2849,41.0351,1060.67,538.3226,3833.22,1.2459,49.1628,49.1628,49.1628,49.1628,49.1628,49.1628
2020-01-12 19:00:00,1.9432,20.0891,9.2546,1.2012,295.363,224.9872,40.7275,1060.61,538.1428,3853.48,1.2012,48.647,48.647,48.647,48.647,48.647,48.647
2020-01-12 19:30:00,1.9151,19.8415,9.363,1.1975,295.7469,222.773,40.3719,1063.8,534.8183,3882.64,1.1975,43.0921,43.0921,43.0921,43.0921,43.0921,43.0921
2020-01-12 20:00:00,1.8765,19.4027,9.1108,1.1829,295.1289,220.7364,39.6004,1061.06,533.0146,3874.92,1.1829,56.5111,56.5111,56.5111,56.5111,56.5111,56.5111
2020-01-12 20:30:00,1.8269,19.0724,8.8743,1.1533,292.9455,220.1514,39.2578,1061.62,532.1176,3878.51,1.1533,53.2088,53.2088,53.2088,53.2088,53.2088,53.2088
2020-01-12 21:00:00,1.7882,18.8635,8.972999999999999,1.1103,288.3696,218.0115,38.7662,1065.08,528.5485,3874.46,1.1103,45.516999999999996,45.516999999999996,45.516999999999996,45.516999999999996,45.516999999999996,45.516999999999996
2020-01-12 21:30:00,1.7205,18.4768,8.7628,1.0521,289.3674,217.2789,38.1777,1064.37,526.9504,3880.09,1.0521,45.8384,45.8384,45.8384,45.8384,45.8384,45.8384
2020-01-12 22:00:00,1.683,18.1663,8.5508,0.9731,287.2556,214.7353,37.3021,1056.39,526.3851,3880.96,0.9731,54.7113,54.7113,54.7113,54.7113,54.7113,54.7113
2020-01-12 22:30:00,1.6369999999999998,17.686,8.4737,0.9184,286.2399,212.392,36.6414,1056.27,526.5431,3862.97,0.9184,51.4105,51.4105,51.4105,51.4105,51.4105,51.4105
2020-01-12 23:00:00,1.6072,17.1623,8.4426,0.8581,284.1608,209.7634,35.9146,1051.58,522.3805,3857.99,0.8581,55.7126,55.7126,55.7126,55.7126,55.7126,55.7126
2020-01-12 23:30:00,1.5858,17.0265,8.6034,0.7885,283.11400000000003,208.1619,35.2232,1046.68,523.3849,3883.78,0.7885,51.2623,51.2623,51.2623,51.2623,51.2623,51.2623
2020-01-13 00:00:00,1.5664,16.7952,8.4001,0.7635,284.89099999999996,207.8592,34.4737,1050.38,531.8431,3935.07,0.7635,57.3226,57.3226,57.3226,57.3226,57.3226,57.3226
2020-01-13 00:30:00,1.5524,16.6906,8.4088,0.7416,288.7404,207.7733,34.0366,1052.52,531.6589,3935.52,0.7416,63.9524,63.9524,63.9524,63.9524,63.9524,63.9524
2020-01-13 01:00:00,1.5363,16.7639,8.4029,0.6994,286.392,208.0489,33.8089,1059.0,531.2981,3952.25,0.6994,58.5233,58.5233,58.5233,58.5233,58.5233,58.5233
2020-01-13 01:30:00,1.5338,16.7842,8.2183,0.6728,288.1136,208.4676,33.7278,1056.7,531.3649,3989.22,0.6728,58.9645,58.9645,58.9645,58.9645,58.9645,58.9645
2020-01-13 02:00:00,1.5429,16.9196,8.3478,0.6659999999999999,286.3674,210.12400000000002,33.841,1059.42,532.54,4009.73,0.6659999999999999,57.256,57.256,57.256,57.256,57.256,57.256
2020-01-13 02:30:00,1.5458,17.0007,8.2281,0.6529,288.0294,210.8979,33.8734,1056.69,534.4565,4011.13,0.6529,56.7883,56.7883,56.7883,56.7883,56.7883,56.7883
2020-01-13 03:00:00,1.5543,17.2869,8.3995,0.6404,290.41,215.1438,34.0805,1061.77,544.3281,4014.01,0.6404,61.1465,61.1465,61.1465,61.1465,61.1465,61.1465
2020-01-13 03:30:00,1.5741,17.6729,8.8288,0.6511,292.3806,219.88400000000001,34.4493,1071.51,556.1123,4004.23,0.6511,52.9206,52.9206,52.9206,52.9206,52.9206,52.9206
2020-01-13 04:00:00,1.6113,18.816,8.9499,0.6607,294.5282,228.4142,35.5356,1084.77,574.7427,4051.09,0.6607,79.1135,79.1135,79.1135,79.1135,79.1135,79.1135
2020-01-13 04:30:00,1.6594,19.7018,9.4107,0.6863,302.8904,235.3424,36.2186,1102.83,592.6748,4112.4,0.6863,117.4613,117.4613,117.4613,117.4613,117.4613,117.4613
2020-01-13 05:00:00,1.755,21.4719,10.267000000000001,0.7318,312.9977,248.5912,38.3467,1134.54,621.861,4160.3,0.7318,115.7968,115.7968,115.7968,115.7968,115.7968,115.7968
2020-01-13 05:30:00,1.8531,23.6367,10.8194,0.7772,323.7332,260.3883,39.7759,1173.3,650.8304,4229.92,0.7772,110.4918,110.4918,110.4918,110.4918,110.4918,110.4918
2020-01-13 06:00:00,2.0764,26.6572,12.799000000000001,0.8316,342.62800000000004,277.1146,42.3963,1215.69,695.6885,4303.51,0.8316,116.4148,116.4148,116.4148,116.4148,116.4148,116.4148
2020-01-13 06:30:00,2.2176,29.423000000000002,14.5593,0.9135,350.8188,292.8193,44.0035,1248.56,728.355,4366.32,0.9135,114.2696,114.2696,114.2696,114.2696,114.2696,114.2696
2020-01-13 07:00:00,2.4138,32.4401,16.6659,0.9504,361.7408,306.6171,45.2071,1276.31,768.2356,4413.73,0.9504,104.2274,104.2274,104.2274,104.2274,104.2274,104.2274
2020-01-13 07:30:00,2.5721,34.5336,17.6763,0.9353,369.9272,313.0596,45.4083,1286.75,794.1763,4438.64,0.9353,92.3085,92.3085,92.3085,92.3085,92.3085,92.3085
2020-01-13 08:00:00,2.8211,36.3997,17.1197,0.8796,373.8239,316.7456,46.1566,1296.63,810.2889,4404.25,0.8796,90.3245,90.3245,90.3245,90.3245,90.3245,90.3245
2020-01-13 08:30:00,2.9385,37.2021,14.9094,0.841,364.9843,318.3078,46.4766,1294.45,821.3321,4370.72,0.841,92.15799999999999,92.15799999999999,92.15799999999999,92.15799999999999,92.15799999999999,92.15799999999999
2020-01-13 09:00:00,3.0345,36.9202,12.8412,0.7756,355.6264,319.3648,46.7777,1299.35,831.0568,4323.41,0.7756,89.8115,89.8115,89.8115,89.8115,89.8115,89.8115
2020-01-13 09:30:00,3.0936,37.062,10.3508,0.7606,351.6088,319.1746,47.0201,1296.17,841.307,4292.78,0.7606,92.01799999999999,92.01799999999999,92.01799999999999,92.01799999999999,92.01799999999999,92.01799999999999
2020-01-13 10:00:00,3.1383,37.6085,8.9381,0.745,340.7881,318.9857,47.1289,1295.17,841.9117,4286.22,0.745,87.8017,87.8017,87.8017,87.8017,87.8017,87.8017
2020-01-13 10:30:00,3.1735,37.6362,8.4643,0.6977,339.51300000000003,318.8443,47.239,1302.68,846.3116,4329.11,0.6977,91.8304,91.8304,91.8304,91.8304,91.8304,91.8304
2020-01-13 11:00:00,3.1208,37.2817,8.3934,0.6946,338.751,320.1637,47.1516,1294.88,854.2268,4640.52,0.6946,97.8306,97.8306,97.8306,97.8306,97.8306,97.8306
2020-01-13 11:30:00,3.0754,37.034,8.0494,0.6903,334.2473,320.3177,47.2295,1301.44,855.1482,4645.6,0.6903,93.8734,93.8734,93.8734,93.8734,93.8734,93.8734
2020-01-13 12:00:00,2.9974,37.0235,8.5809,0.6906,341.851,321.2363,46.9888,1293.4,843.0242,4659.53,0.6906,90.8385,90.8385,90.8385,90.8385,90.8385,90.8385
2020-01-13 12:30:00,3.0479,36.8717,8.9178,0.6794,343.2116,323.02299999999997,46.9637,1299.36,846.4546,4607.69,0.6794,89.6828,89.6828,89.6828,89.6828,89.6828,89.6828
2020-01-13 13:00:00,3.0221,36.7449,9.0119,0.6763,346.2609,322.7995,46.7947,1301.68,847.3786,4558.74,0.6763,88.8492,88.8492,88.8492,88.8492,88.8492,88.8492
2020-01-13 13:30:00,2.9757,36.5659,9.1498,0.6883,343.965,322.3941,46.7921,1298.1,846.1839,4448.66,0.6883,88.4846,88.4846,88.4846,88.4846,88.4846,88.4846
2020-01-13 14:00:00,2.9272,36.2843,9.4114,0.698,342.2336,321.9161,46.6961,1289.83,838.9045,4306.9,0.698,87.553,87.553,87.553,87.553,87.553,87.553
2020-01-13 14:30:00,2.9108,35.7069,9.0595,0.6969,340.3992,321.1934,46.3382,1291.55,821.8932,4250.86,0.6969,87.2916,87.2916,87.2916,87.2916,87.2916,87.2916
2020-01-13 15:00:00,2.9059,34.2327,8.3252,0.7275,345.87,320.7091,45.9977,1291.58,817.3795,4220.62,0.7275,88.5931,88.5931,88.5931,88.5931,88.5931,88.5931
2020-01-13 15:30:00,2.8203,33.2755,9.3855,0.7652,350.3739,320.4838,46.052,1295.1,812.4395,4260.48,0.7652,82.5257,82.5257,82.5257,82.5257,82.5257,82.5257
2020-01-13 16:00:00,2.7387,32.288000000000004,10.6205,0.8286,352.6848,319.5291,46.2724,1294.84,800.0766,4300.48,0.8286,87.9864,87.9864,87.9864,87.9864,87.9864,87.9864
2020-01-13 16:30:00,2.6932,31.3179,11.2938,0.8962,361.0799,317.8657,46.702,1296.64,790.6474,4350.74,0.8962,92.7166,92.7166,92.7166,92.7166,92.7166,92.7166
2020-01-13 17:00:00,2.6095,30.3993,12.2153,1.0157,367.3077,315.6155,47.4873,1297.02,776.7924,4361.55,1.0157,109.384,109.384,109.384,109.384,109.384,109.384
2020-01-13 17:30:00,2.5225,29.1883,12.6128,1.1412,368.7356,312.678,47.2081,1285.03,758.2701,4380.83,1.1412,103.512,103.512,103.512,103.512,103.512,103.512
2020-01-13 18:00:00,2.3666,27.5204,11.9592,1.1636,364.8751,298.9499,46.1876,1268.18,688.5041,4304.91,1.1636,110.7387,110.7387,110.7387,110.7387,110.7387,110.7387
2020-01-13 18:30:00,2.2874,26.4827,11.383,1.1734,360.6805,293.1913,45.553000000000004,1256.04,672.3461,4285.0,1.1734,115.0298,115.0298,115.0298,115.0298,115.0298,115.0298
2020-01-13 19:00:00,2.2096,25.4321,11.267000000000001,1.1829,351.01099999999997,286.3895,45.3062,1246.81,660.4412,4263.56,1.1829,111.6874,111.6874,111.6874,111.6874,111.6874,111.6874
2020-01-13 19:30:00,2.127,24.6414,11.0607,1.1905,347.8516,281.8255,44.7326,1235.35,653.6026,4254.18,1.1905,109.7699,109.7699,109.7699,109.7699,109.7699,109.7699
2020-01-13 20:00:00,2.0706,23.872,10.8165,1.1599,342.0291,276.9094,43.9233,1221.13,642.9443,4245.42,1.1599,111.8749,111.8749,111.8749,111.8749,111.8749,111.8749
2020-01-13 20:30:00,1.9843,22.9822,10.3767,1.1305,334.8265,271.7292,43.2894,1215.06,641.6832,4231.83,1.1305,116.3681,116.3681,116.3681,116.3681,116.3681,116.3681
2020-01-13 21:00:00,1.8896,22.1548,10.1115,1.088,328.3992,264.2917,42.3779,1206.67,628.6096,4238.82,1.088,115.3355,115.3355,115.3355,115.3355,115.3355,115.3355
2020-01-13 21:30:00,1.8203,21.3241,9.8723,1.0174,326.4252,260.3293,41.5641,1207.66,619.1113,4221.92,1.0174,118.5291,118.5291,118.5291,118.5291,118.5291,118.5291
2020-01-13 22:00:00,1.7274,20.4958,9.1711,0.9590000000000001,318.3992,253.4432,40.2481,1198.08,611.7596,4225.14,0.9590000000000001,106.87799999999999,106.87799999999999,106.87799999999999,106.87799999999999,106.87799999999999,106.87799999999999
2020-01-13 22:30:00,1.6797,19.7392,8.7605,0.8847,314.1886,249.6061,39.3261,1182.88,610.5518,4218.21,0.8847,122.3771,122.3771,122.3771,122.3771,122.3771,122.3771
2020-01-13 23:00:00,1.6491,18.8927,8.4313,0.8315,304.6958,244.8147,38.0713,1173.82,609.5532,4207.13,0.8315,92.6792,92.6792,92.6792,92.6792,92.6792,92.6792
2020-01-13 23:30:00,1.6205,18.4636,8.2887,0.7606,303.8299,240.3232,37.1366,1163.92,602.672,4197.92,0.7606,92.4469,92.4469,92.4469,92.4469,92.4469,92.4469
2020-01-14 00:00:00,1.5919,18.011,8.2651,0.7413,301.5869,235.5323,36.1315,1148.14,583.2261,4220.01,0.7413,90.0431,90.0431,90.0431,90.0431,90.0431,90.0431
2020-01-14 00:30:00,1.5697,17.7335,8.2178,0.7109,299.0252,232.4862,35.6356,1139.75,576.8945,4201.97,0.7109,88.2771,88.2771,88.2771,88.2771,88.2771,88.2771
2020-01-14 01:00:00,1.5595,17.5889,8.2751,0.6822,297.1341,231.511,35.3964,1136.19,573.2331,4182.67,0.6822,93.8318,93.8318,93.8318,93.8318,93.8318,93.8318
2020-01-14 01:30:00,1.5473,17.487000000000002,8.1753,0.6539,295.0066,228.7547,35.2967,1125.86,569.2128,4159.56,0.6539,91.1215,91.1215,91.1215,91.1215,91.1215,91.1215
2020-01-14 02:00:00,1.5527,17.5076,8.1697,0.6419,295.5864,227.4402,35.3043,1121.46,562.5463,4139.93,0.6419,83.45200000000001,83.45200000000001,83.45200000000001,83.45200000000001,83.45200000000001,83.45200000000001
2020-01-14 02:30:00,1.5531,17.4156,8.1873,0.6417,294.9433,226.4,35.0499,1118.91,561.5548,4106.55,0.6417,91.8881,91.8881,91.8881,91.8881,91.8881,91.8881
2020-01-14 03:00:00,1.5586,17.7273,8.4051,0.6508,297.4342,227.8004,35.039,1118.8,564.0873,4098.42,0.6508,90.0742,90.0742,90.0742,90.0742,90.0742,90.0742
2020-01-14 03:30:00,1.5683,18.0823,8.5285,0.6505,296.4025,230.864,35.3754,1120.19,574.2574,4068.25,0.6505,88.0085,88.0085,88.0085,88.0085,88.0085,88.0085
2020-01-14 04:00:00,1.5988,18.9549,8.7948,0.6533,304.7591,238.8592,36.5854,1130.92,591.8915,4120.67,0.6533,85.9767,85.9767,85.9767,85.9767,85.9767,85.9767
2020-01-14 04:30:00,1.6443,19.8224,9.4288,0.6723,310.747,244.7794,37.3443,1149.04,608.7206,4171.49,0.6723,90.5964,90.5964,90.5964,90.5964,90.5964,90.5964
2020-01-14 05:00:00,1.7396,22.113000000000003,10.0596,0.7034,327.131,257.6114,39.0716,1176.53,637.7111,4222.84,0.7034,89.9767,89.9767,89.9767,89.9767,89.9767,89.9767
2020-01-14 05:30:00,1.8421,24.3579,10.8159,0.7575,337.1209,269.0835,40.7336,1205.68,663.9586,4275.36,0.7575,92.98200000000001,92.98200000000001,92.98200000000001,92.98200000000001,92.98200000000001,92.98200000000001
2020-01-14 06:00:00,2.0324,27.4024,12.7702,0.8024,352.8597,286.906,43.1729,1250.31,708.4942,4342.93,0.8024,111.5532,111.5532,111.5532,111.5532,111.5532,111.5532
2020-01-14 06:30:00,2.1949,30.0911,14.3749,0.8683,362.8384,300.4273,44.5009,1287.59,734.9035,4356.62,0.8683,115.8394,115.8394,115.8394,115.8394,115.8394,115.8394
2020-01-14 07:00:00,2.3662,32.8075,16.4723,0.9355,381.5885,314.1033,45.5896,1310.52,761.4388,4364.31,0.9355,106.0999,106.0999,106.0999,106.0999,106.0999,106.0999
2020-01-14 07:30:00,2.5697,35.3781,17.1932,0.9027,390.1502,318.6313,45.8474,1310.71,785.4482,4329.7,0.9027,95.7725,95.7725,95.7725,95.7725,95.7725,95.7725
2020-01-14 08:00:00,2.8211,36.8333,15.9982,0.8618,388.3786,324.4385,46.5294,1311.01,809.3176,4315.96,0.8618,91.4125,91.4125,91.4125,91.4125,91.4125,91.4125
2020-01-14 08:30:00,2.9130000000000003,37.6193,14.3631,0.7908,376.0759,324.997,46.9158,1318.29,821.7492,4300.13,0.7908,93.9107,93.9107,93.9107,93.9107,93.9107,93.9107
2020-01-14 09:00:00,3.0072,37.6391,12.798,0.7583,362.8557,323.8192,47.108999999999995,1315.0,830.2882,4289.29,0.7583,84.2953,84.2953,84.2953,84.2953,84.2953,84.2953
2020-01-14 09:30:00,3.072,37.7565,10.2826,0.7309,355.8502,325.2187,47.1772,1309.04,841.5603,4296.5,0.7309,69.0378,69.0378,69.0378,69.0378,69.0378,69.0378
2020-01-14 10:00:00,3.1461,38.5413,9.2956,0.7233,355.4117,326.4534,47.471000000000004,1302.14,846.1541,4303.04,0.7233,69.0064,69.0064,69.0064,69.0064,69.0064,69.0064
2020-01-14 10:30:00,3.165,38.6282,8.9069,0.7021,354.8423,324.4124,47.4648,1302.6,850.1742,4331.16,0.7021,73.5858,73.5858,73.5858,73.5858,73.5858,73.5858
2020-01-14 11:00:00,3.1585,38.5121,8.5851,0.6938,350.4183,324.1778,47.6204,1299.48,847.4543,4323.05,0.6938,71.4083,71.4083,71.4083,71.4083,71.4083,71.4083
2020-01-14 11:30:00,3.1179,37.8524,7.9781,0.6946,347.4439,324.8301,47.4638,1302.56,847.1179,4348.91,0.6946,67.8285,67.8285,67.8285,67.8285,67.8285,67.8285
2020-01-14 12:00:00,3.0474,37.7752,7.8712,0.6778,342.8146,324.1135,47.4216,1301.27,845.9785,4366.32,0.6778,68.4766,68.4766,68.4766,68.4766,68.4766,68.4766
2020-01-14 12:30:00,3.0638,37.4971,8.4873,0.6697,345.0493,324.3942,47.0793,1307.12,846.262,4348.41,0.6697,48.1488,48.1488,48.1488,48.1488,48.1488,48.1488
2020-01-14 13:00:00,3.0661,37.5149,8.5881,0.6681,347.1045,321.8772,47.0604,1304.89,850.8039,4349.09,0.6681,51.022,51.022,51.022,51.022,51.022,51.022
2020-01-14 13:30:00,3.0099,37.0937,8.3142,0.6628,341.9534,322.1243,47.1067,1294.73,851.4895,4321.41,0.6628,43.2876,43.2876,43.2876,43.2876,43.2876,43.2876
2020-01-14 14:00:00,2.9737,36.5303,8.2791,0.6437,337.663,322.9054,46.3954,1285.15,845.403,4289.03,0.6437,42.9831,42.9831,42.9831,42.9831,42.9831,42.9831
2020-01-14 14:30:00,2.9006,35.8169,7.9915,0.6587,338.5636,321.7367,46.0419,1280.81,830.6613,4288.48,0.6587,43.6121,43.6121,43.6121,43.6121,43.6121,43.6121
2020-01-14 15:00:00,2.8857,34.828,8.3213,0.6926,345.0942,321.5932,45.9515,1287.28,828.1342,4278.44,0.6926,43.1691,43.1691,43.1691,43.1691,43.1691,43.1691
2020-01-14 15:30:00,2.7881,33.6663,9.4951,0.7112,352.2413,321.4081,45.7215,1288.93,816.0928,4297.88,0.7112,43.6909,43.6909,43.6909,43.6909,43.6909,43.6909
2020-01-14 16:00:00,2.7134,32.6087,10.4,0.7652,359.8214,320.2494,45.7712,1284.92,805.2555,4328.68,0.7652,40.8616,40.8616,40.8616,40.8616,40.8616,40.8616
2020-01-14 16:30:00,2.6668,31.6134,11.4236,0.8554,367.2462,318.8901,45.9253,1287.39,795.8821,4359.36,0.8554,42.8363,42.8363,42.8363,42.8363,42.8363,42.8363
2020-01-14 17:00:00,2.6265,30.4052,12.2678,0.9792,371.0103,316.3632,46.7105,1284.79,780.0966,4355.01,0.9792,64.737,64.737,64.737,64.737,64.737,64.737
2020-01-14 17:30:00,2.5491,29.5379,12.7021,1.0732,375.0078,313.301,46.843999999999994,1285.58,758.4925,4361.64,1.0732,63.83,63.83,63.83,63.83,63.83,63.83
2020-01-14 18:00:00,2.4418,27.7981,12.6477,1.1399,367.9937,300.0398,45.9198,1272.6,684.2153,4321.36,1.1399,64.109,64.109,64.109,64.109,64.109,64.109
2020-01-14 18:30:00,2.3535,26.9435,12.2038,1.1597,362.0741,294.3701,45.6314,1263.88,665.6202,4317.19,1.1597,71.0161,71.0161,71.0161,71.0161,71.0161,71.0161
2020-01-14 19:00:00,2.2497,25.9677,11.9585,1.1637,351.9376,286.9325,45.1556,1259.47,657.2986,4316.96,1.1637,69.2694,69.2694,69.2694,69.2694,69.2694,69.2694
2020-01-14 19:30:00,2.1751,25.3323,11.6291,1.1558,347.1104,282.485,44.6984,1241.78,646.756,4313.37,1.1558,65.0736,65.0736,65.0736,65.0736,65.0736,65.0736
2020-01-14 20:00:00,2.0866,24.3702,11.1714,1.1631,338.8398,277.1873,43.9524,1230.09,641.264,4284.46,1.1631,63.3573,63.3573,63.3573,63.3573,63.3573,63.3573
2020-01-14 20:30:00,2.0128,23.4613,10.6636,1.156,336.2989,271.5905,43.367,1222.12,633.7588,4280.08,1.156,67.6826,67.6826,67.6826,67.6826,67.6826,67.6826
2020-01-14 21:00:00,1.92,22.4427,10.4692,1.1192,331.2571,263.5435,42.4616,1211.96,617.4265,4305.85,1.1192,66.5844,66.5844,66.5844,66.5844,66.5844,66.5844
2020-01-14 21:30:00,1.8421,21.6863,10.065,1.0474,327.2439,259.3897,41.7917,1217.74,616.0972,4293.81,1.0474,69.7993,69.7993,69.7993,69.7993,69.7993,69.7993
2020-01-14 22:00:00,1.7601,20.7815,9.3701,0.9654,312.5661,252.3368,40.4353,1200.77,614.7931,4267.56,0.9654,63.6229,63.6229,63.6229,63.6229,63.6229,63.6229
2020-01-14 22:30:00,1.7086,20.2292,8.8138,0.8965,308.483,248.8882,39.3336,1193.78,612.257,4249.13,0.8965,61.4019,61.4019,61.4019,61.4019,61.4019,61.4019
2020-01-14 23:00:00,1.6604,19.6577,8.5207,0.862,302.7907,243.1478,38.3508,1180.43,604.3276,4290.6,0.862,70.5291,70.5291,70.5291,70.5291,70.5291,70.5291
2020-01-14 23:30:00,1.6416,18.905,8.436,0.7967,298.8896,238.7819,37.3303,1166.94,595.4987,4271.31,0.7967,67.9668,67.9668,67.9668,67.9668,67.9668,67.9668
2020-01-15 00:00:00,1.6389,18.8559,8.712,0.7697,316.0649,236.0558,37.0591,1153.937,575.1223,4150.6184,0.7697,2.0855,2.0855,2.0855,2.0855,2.0855,2.0855
2020-01-15 00:30:00,1.6249,18.7813,8.5403,0.7464,312.91900000000004,234.0537,36.5047,1142.9295,571.2928,4120.9694,0.7464,2.5078,2.5078,2.5078,2.5078,2.5078,2.5078
2020-01-15 01:00:00,1.6196,18.5971,8.466000000000001,0.7186,313.5651,232.0307,36.1858,1140.0739999999998,562.2971,4084.1776,0.7186,2.1694,2.1694,2.1694,2.1694,2.1694,2.1694
2020-01-15 01:30:00,1.6197,18.658,8.476,0.7125,313.6768,229.2841,35.9654,1132.6831,559.0302,4053.7901,0.7125,2.4558,2.4558,2.4558,2.4558,2.4558,2.4558
2020-01-15 02:00:00,1.6222,18.6547,8.6145,0.7046,313.4559,229.0276,35.815,1130.1582,558.4621,4025.2540000000004,0.7046,2.1606,2.1606,2.1606,2.1606,2.1606,2.1606
2020-01-15 02:30:00,1.6233,18.5451,8.7838,0.7007,313.558,227.9871,35.8857,1120.1815,558.6687,4013.7032,0.7007,2.5263,2.5263,2.5263,2.5263,2.5263,2.5263
2020-01-15 03:00:00,1.6325,18.7958,8.8858,0.6926,316.5622,228.7867,35.9099,1116.0585,566.0759,4013.9627,0.6926,2.4331,2.4331,2.4331,2.4331,2.4331,2.4331
2020-01-15 03:30:00,1.6592,19.1715,8.9955,0.6997,320.3998,231.7707,36.286,1120.5425,574.3943,4030.4376,0.6997,2.8548,2.8548,2.8548,2.8548,2.8548,2.8548
2020-01-15 04:00:00,1.6839,20.3336,9.4117,0.7146,322.4186,238.6077,37.5362,1126.8253,588.3986,4104.1934,0.7146,2.8586,2.8586,2.8586,2.8586,2.8586,2.8586
2020-01-15 04:30:00,1.7408,21.053,9.9097,0.7245,327.7913,244.8597,38.4476,1141.4382,599.5998,4138.7469,0.7245,2.4665,2.4665,2.4665,2.4665,2.4665,2.4665
2020-01-15 05:00:00,1.9256,23.3305,10.8388,0.7722,340.9394,255.7807,40.1446,1165.8485,620.399,4151.5099,0.7722,2.8661,2.8661,2.8661,2.8661,2.8661,2.8661
2020-01-15 05:30:00,2.0802,25.4762,11.6881,0.8259,356.791,266.1062,41.8435,1200.415,643.2181,4198.0654,0.8259,3.1987,3.1987,3.1987,3.1987,3.1987,3.1987
2020-01-15 06:00:00,2.3207,28.7544,13.7547,0.8705,374.6228,285.2536,44.3596,1239.3858,683.5525,4237.3194,0.8705,3.3023,3.3023,3.3023,3.3023,3.3023,3.3023
2020-01-15 06:30:00,2.4557,31.6612,15.3801,0.9462,383.5526,298.5,46.04,1265.5691,706.9707,4308.0906,0.9462,3.4983,3.4983,3.4983,3.4983,3.4983,3.4983
2020-01-15 07:00:00,2.6381,34.2511,17.6109,1.0027,395.6286,311.4366,47.1357,1286.6349,730.5755,4337.2608,1.0027,3.8634,3.8634,3.8634,3.8634,3.8634,3.8634
2020-01-15 07:30:00,2.8273,36.4445,19.1967,0.9695,403.8115,317.1101,47.2721,1284.3895,747.4512,4344.3303,0.9695,3.7349,3.7349,3.7349,3.7349,3.7349,3.7349
2020-01-15 08:00:00,3.0635,38.5409,18.5213,0.9179,405.0558,320.9148,48.0554,1294.8624,765.0157,4319.2243,0.9179,4.4047,4.4047,4.4047,4.4047,4.4047,4.4047
2020-01-15 08:30:00,3.2044,38.9494,16.3711,0.8392,394.2844,321.0703,48.4218,1289.8593,768.7129,4276.1142,0.8392,4.7486,4.7486,4.7486,4.7486,4.7486,4.7486
2020-01-15 09:00:00,3.3268,38.455,14.0783,0.7918,388.3829,321.0637,48.64,1289.0576,778.102,4160.8385,0.7918,5.1233,5.1233,5.1233,5.1233,5.1233,5.1233
2020-01-15 09:30:00,3.4008,38.7062,12.3682,0.7752,382.9686,320.6112,48.4921,1286.2314,778.1914,4152.6385,0.7752,4.6889,4.6889,4.6889,4.6889,4.6889,4.6889
2020-01-15 10:00:00,3.4713,39.3145,11.0316,0.7505,379.6343,320.508,48.5053,1285.8935,774.2836,4169.6485,0.7505,4.3621,4.3621,4.3621,4.3621,4.3621,4.3621
2020-01-15 10:30:00,3.5178,39.0406,10.2703,0.7356,382.7729,317.9528,48.3917,1290.3969,774.7272,4171.3176,0.7356,4.9673,4.9673,4.9673,4.9673,4.9673,4.9673
2020-01-15 11:00:00,3.4576,38.5525,9.7146,0.7214,381.6431,319.0727,48.0663,1289.6862,781.7572,4185.0562,0.7214,4.3509,4.3509,4.3509,4.3509,4.3509,4.3509
2020-01-15 11:30:00,3.4463,38.4875,9.2281,0.7053,381.1409,319.6663,48.1115,1286.6765,780.1775,4199.0564,0.7053,4.2771,4.2771,4.2771,4.2771,4.2771,4.2771
2020-01-15 12:00:00,3.3682,37.9937,8.8724,0.6991,376.9639,318.2432,47.726000000000006,1278.3987,775.0418,4182.9687,0.6991,4.2628,4.2628,4.2628,4.2628,4.2628,4.2628
2020-01-15 12:30:00,3.3817,37.7508,9.051,0.6931,375.0719,316.7435,47.6954,1284.4133,780.5946,4179.0857,0.6931,4.2597,4.2597,4.2597,4.2597,4.2597,4.2597
2020-01-15 13:00:00,3.3536,37.4571,8.9598,0.6782,375.7639,316.4507,47.6179,1286.5573,776.9513,4200.6026,0.6782,4.6017,4.6017,4.6017,4.6017,4.6017,4.6017
2020-01-15 13:30:00,3.2802,37.117,8.731,0.6714,375.6955,315.8218,47.7056,1275.6643,775.4076,4200.8347,0.6714,4.2758,4.2758,4.2758,4.2758,4.2758,4.2758
2020-01-15 14:00:00,3.1019,36.6146,8.7199,0.6866,370.61400000000003,316.9316,47.6172,1265.5186,770.7764,4184.2253,0.6866,4.5957,4.5957,4.5957,4.5957,4.5957,4.5957
2020-01-15 14:30:00,3.0708,35.769,8.8557,0.7009,370.5665,319.1726,47.522,1273.0398,755.5317,4187.7224,0.7009,4.2499,4.2499,4.2499,4.2499,4.2499,4.2499
2020-01-15 15:00:00,3.0384,34.916,9.1406,0.7362,373.9403,317.2974,46.9001,1269.8538,752.4186,4143.8979,0.7362,4.243,4.243,4.243,4.243,4.243,4.243
2020-01-15 15:30:00,2.9663,33.7855,9.6887,0.7845,374.3271,314.478,46.8544,1274.7298,745.1276,4178.5371,0.7845,4.2141,4.2141,4.2141,4.2141,4.2141,4.2141
2020-01-15 16:00:00,2.8962,32.6509,10.6211,0.8346,378.60400000000004,314.689,46.8815,1277.5761,743.242,4246.0118,0.8346,4.2637,4.2637,4.2637,4.2637,4.2637,4.2637
2020-01-15 16:30:00,2.8308,31.6999,11.9961,0.9076,385.3882,315.572,47.1528,1282.0007,737.1757,4268.1997,0.9076,3.6443,3.6443,3.6443,3.6443,3.6443,3.6443
2020-01-15 17:00:00,2.7676,30.9508,12.8781,1.037,390.5714,314.4296,47.9265,1281.1407,729.3387,4298.9734,1.037,3.3822,3.3822,3.3822,3.3822,3.3822,3.3822
2020-01-15 17:30:00,2.6853,30.244,13.3018,1.1183,392.0514,311.0109,48.0285,1275.6676,708.2141,4310.5088,1.1183,3.0647,3.0647,3.0647,3.0647,3.0647,3.0647
2020-01-15 18:00:00,2.5335,28.5322,12.8451,1.1852,388.0932,300.0188,46.7539,1262.7447,659.5197,4292.7655,1.1852,3.1533,3.1533,3.1533,3.1533,3.1533,3.1533
2020-01-15 18:30:00,2.4428,27.843000000000004,12.3745,1.2212,381.9045,294.1995,46.4766,1260.7526,650.1284,4281.4766,1.2212,3.551,3.551,3.551,3.551,3.551,3.551
2020-01-15 19:00:00,2.327,26.8843,11.7178,1.217,374.1571,288.87,46.183,1252.4378,639.7847,4280.3814,1.217,3.0808,3.0808,3.0808,3.0808,3.0808,3.0808
2020-01-15 19:30:00,2.2575,26.0854,11.6998,1.2149,367.4788,284.1966,45.7413,1242.367,631.786,4282.2261,1.2149,3.4316,3.4316,3.4316,3.4316,3.4316,3.4316
2020-01-15 20:00:00,2.185,25.1462,11.3942,1.1842,362.7402,278.3946,44.8635,1224.7568,625.7645,4256.424,1.1842,3.6303,3.6303,3.6303,3.6303,3.6303,3.6303
2020-01-15 20:30:00,2.092,24.149,10.8522,1.1542,355.9647,272.1598,44.3512,1218.4953,618.4695,4257.9992,1.1542,3.1853,3.1853,3.1853,3.1853,3.1853,3.1853
2020-01-15 21:00:00,1.9839,22.9951,10.4597,1.1244,348.5302,265.1197,43.363,1208.5934,610.1245,4243.8157,1.1244,3.2205,3.2205,3.2205,3.2205,3.2205,3.2205
2020-01-15 21:30:00,1.8971,22.0881,10.2727,1.0675,345.8395,261.1783,42.7577,1206.2268,602.4273,4236.4423,1.0675,3.2248,3.2248,3.2248,3.2248,3.2248,3.2248
2020-01-15 22:00:00,1.801,21.2811,9.6899,0.9853,336.1853,254.0141,41.016999999999996,1193.1448,599.2323,4261.7838,0.9853,2.7965,2.7965,2.7965,2.7965,2.7965,2.7965
2020-01-15 22:30:00,1.7504,20.6551,9.1362,0.9113,329.2541,249.0218,40.0122,1180.7193,598.1822,4271.3769,0.9113,2.1479,2.1479,2.1479,2.1479,2.1479,2.1479
2020-01-15 23:00:00,1.7163,19.9321,8.8161,0.8637,326.0525,243.6611,38.7717,1168.5571,586.5972,4271.7146,0.8637,2.5011,2.5011,2.5011,2.5011,2.5011,2.5011
2020-01-15 23:30:00,1.7,19.5388,8.802999999999999,0.8156,324.711,239.56099999999998,38.0167,1160.5284,581.7624,4276.5229,0.8156,2.4837,2.4837,2.4837,2.4837,2.4837,2.4837
2020-01-16 00:00:00,1.6692,18.9829,8.6103,0.7914,318.5185,236.2444,37.0844,1152.0266,582.3055,4172.4867,0.7914,111.5347,111.5347,111.5347,111.5347,111.5347,111.5347
2020-01-16 00:30:00,1.6493,18.7594,8.765,0.7699,317.1282,233.9955,36.6515,1144.4995,577.9631,4146.340999999999,0.7699,79.3803,79.3803,79.3803,79.3803,79.3803,79.3803
2020-01-16 01:00:00,1.6351,18.5662,8.5421,0.7386,315.5313,231.9809,36.2016,1142.3743,573.6236,4134.7625,0.7386,66.1327,66.1327,66.1327,66.1327,66.1327,66.1327
2020-01-16 01:30:00,1.6281,18.3448,8.526,0.7194,312.5568,229.76,35.9666,1133.3533,568.7398,4113.4871,0.7194,79.9421,79.9421,79.9421,79.9421,79.9421,79.9421
2020-01-16 02:00:00,1.6295,18.4076,8.6147,0.7087,309.6425,228.1381,35.6745,1125.275,567.6909,4095.002,0.7087,72.5773,72.5773,72.5773,72.5773,72.5773,72.5773
2020-01-16 02:30:00,1.6175,18.337,8.5542,0.6882,309.8734,226.7299,35.7061,1124.762,569.2496,4119.7331,0.6882,94.1109,94.1109,94.1109,94.1109,94.1109,94.1109
2020-01-16 03:00:00,1.6195,18.5216,8.7267,0.672,313.3609,228.4703,35.8575,1123.9592,577.9623,4116.4108,0.672,52.1073,52.1073,52.1073,52.1073,52.1073,52.1073
2020-01-16 03:30:00,1.6228,19.0006,8.7217,0.6701,312.9231,231.1926,36.2951,1126.9767,582.2776,4092.8858,0.6701,90.5928,90.5928,90.5928,90.5928,90.5928,90.5928
2020-01-16 04:00:00,1.6685,19.9891,8.9162,0.6786,318.5625,238.91400000000002,37.4079,1132.8076,597.4131,4103.1724,0.6786,76.6329,76.6329,76.6329,76.6329,76.6329,76.6329
2020-01-16 04:30:00,1.715,20.7688,9.6293,0.6953,323.7014,245.4318,38.1615,1148.6177,610.5891,4183.6073,0.6953,69.4293,69.4293,69.4293,69.4293,69.4293,69.4293
2020-01-16 05:00:00,1.9034,22.8367,10.5191,0.7341,334.18699999999995,258.4167,39.9478,1184.7573,630.5779,4206.6272,0.7341,73.8297,73.8297,73.8297,73.8297,73.8297,73.8297
2020-01-16 05:30:00,2.0852,25.261999999999997,11.1916,0.7841,349.0657,269.8564,41.6603,1210.9758,653.1108,4214.7756,0.7841,94.2395,94.2395,94.2395,94.2395,94.2395,94.2395
2020-01-16 06:00:00,2.2797,28.4893,13.0962,0.8408,365.6199,286.4836,43.9695,1248.7699,701.7363,4281.3928,0.8408,73.13,73.13,73.13,73.13,73.13,73.13
2020-01-16 06:30:00,2.4238,30.9878,14.8627,0.9048,376.7538,297.4028,45.547,1281.2991,728.8501,4329.1573,0.9048,70.4943,70.4943,70.4943,70.4943,70.4943,70.4943
2020-01-16 07:00:00,2.6172,33.5081,16.7333,0.9684,388.675,310.0138,46.8175,1303.8326,750.8312,4312.2442,0.9684,71.22,71.22,71.22,71.22,71.22,71.22
2020-01-16 07:30:00,2.7747,35.650999999999996,18.0971,0.946,398.0553,317.0549,47.1311,1314.1694,766.5116,4295.1269,0.946,66.8746,66.8746,66.8746,66.8746,66.8746,66.8746
2020-01-16 08:00:00,3.0432,37.3509,17.2896,0.89,403.5317,323.2214,48.1447,1324.3377,782.9832,4244.6212,0.89,70.7341,70.7341,70.7341,70.7341,70.7341,70.7341
2020-01-16 08:30:00,3.1829,38.2793,15.5452,0.8475,398.9916,326.2213,48.6882,1312.9625,791.2769,4176.6959,0.8475,38.8993,38.8993,38.8993,38.8993,38.8993,38.8993
2020-01-16 09:00:00,3.3561,38.235,14.2576,0.8293,396.9778,329.7804,49.0321,1321.3908,800.0775,4214.3694,0.8293,73.624,73.624,73.624,73.624,73.624,73.624
2020-01-16 09:30:00,3.4641,38.9795,14.4715,0.8381,398.1922,333.2186,49.4662,1334.0118,804.7405,4193.122,0.8381,63.2072,63.2072,63.2072,63.2072,63.2072,63.2072
2020-01-16 10:00:00,3.5858,39.8499,15.2801,0.8575,399.5483,337.1045,49.8106,1336.0826,810.1648,4215.026,0.8575,53.9037,53.9037,53.9037,53.9037,53.9037,53.9037
2020-01-16 10:30:00,3.6395,40.063,16.0389,0.8665,402.2057,337.5129,49.875,1345.9856,809.9799,4212.1623,0.8665,45.5667,45.5667,45.5667,45.5667,45.5667,45.5667
2020-01-16 11:00:00,3.633,39.9765,15.6983,0.8857,400.2627,338.1389,49.9446,1358.3494,810.4455,4181.8481,0.8857,56.7588,56.7588,56.7588,56.7588,56.7588,56.7588
2020-01-16 11:30:00,3.5994,39.5224,15.1483,0.8873,393.3834,336.7578,49.9269,1357.7720000000002,804.8207,4172.8263,0.8873,61.4148,61.4148,61.4148,61.4148,61.4148,61.4148
2020-01-16 12:00:00,3.5285,39.4475,15.1985,0.8753,388.5676,334.5952,49.5341,1350.0147,798.3469,4148.5118,0.8753,23.5884,23.5884,23.5884,23.5884,23.5884,23.5884
2020-01-16 12:30:00,3.563,39.0006,14.886,0.8719,392.0428,333.4774,49.457,1347.0093,803.4766,4155.339,0.8719,55.0204,55.0204,55.0204,55.0204,55.0204,55.0204
2020-01-16 13:00:00,3.5451,38.8835,14.7894,0.8621,395.5247,332.5024,49.6704,1346.5116,800.5151,4198.3697,0.8621,64.8853,64.8853,64.8853,64.8853,64.8853,64.8853
2020-01-16 13:30:00,3.4314,38.3695,13.5486,0.8572,395.3855,329.2277,49.4523,1334.5088,802.4806,4231.403,0.8572,68.4871,68.4871,68.4871,68.4871,68.4871,68.4871
2020-01-16 14:00:00,3.3816,37.6358,12.0514,0.8543,386.5874,326.4764,48.8554,1323.4971,800.1868,4224.4072,0.8543,36.1555,36.1555,36.1555,36.1555,36.1555,36.1555
2020-01-16 14:30:00,3.3294,36.6527,11.3749,0.8397,382.4238,322.3652,48.3594,1314.0871,784.9563,4242.4669,0.8397,60.5791,60.5791,60.5791,60.5791,60.5791,60.5791
2020-01-16 15:00:00,3.1482,35.9622,11.4709,0.8567,385.0351,319.5556,47.7092,1304.0323,782.6825,4212.7606,0.8567,53.7942,53.7942,53.7942,53.7942,53.7942,53.7942
2020-01-16 15:30:00,2.9798,34.8153,11.3225,0.8951,379.8647,317.2527,47.6766,1294.7175,774.6035,4213.9091,0.8951,29.899,29.899,29.899,29.899,29.899,29.899
2020-01-16 16:00:00,2.8888,33.5481,11.4145,0.9637,384.44,316.7027,47.5592,1289.5569,768.1543,4233.7408,0.9637,77.4849,77.4849,77.4849,77.4849,77.4849,77.4849
2020-01-16 16:30:00,2.8278,32.3057,12.1695,1.0315,385.7866,315.6245,47.7844,1288.9039,764.4934,4247.3585,1.0315,75.9088,75.9088,75.9088,75.9088,75.9088,75.9088
2020-01-16 17:00:00,2.7583,31.3275,12.7009,1.1083,386.5276,313.1638,48.3866,1282.6475,757.3454,4220.0708,1.1083,91.9209,91.9209,91.9209,91.9209,91.9209,91.9209
2020-01-16 17:30:00,2.6954,30.3901,13.0081,1.2049,384.969,311.1252,48.5079,1255.5958,735.5098,4186.9167,1.2049,49.2115,49.2115,49.2115,49.2115,49.2115,49.2115
2020-01-16 18:00:00,2.5652,28.6877,12.5718,1.2614,381.2762,299.6972,47.3352,1236.4139,681.2663,4154.0202,1.2614,90.5168,90.5168,90.5168,90.5168,90.5168,90.5168
2020-01-16 18:30:00,2.4548,27.7495,12.2844,1.2806,376.8755,294.2968,46.8688,1229.4175,671.1065,4219.8417,1.2806,69.4741,69.4741,69.4741,69.4741,69.4741,69.4741
2020-01-16 19:00:00,2.3268,27.0373,12.132,1.2818,370.4382,288.2338,46.3265,1227.109,661.4245,4241.8802,1.2818,69.1878,69.1878,69.1878,69.1878,69.1878,69.1878
2020-01-16 19:30:00,2.2612,26.4335,11.9541,1.2478,366.4257,284.2244,45.953,1219.6272,653.6428,4248.4003,1.2478,52.278999999999996,52.278999999999996,52.278999999999996,52.278999999999996,52.278999999999996,52.278999999999996
2020-01-16 20:00:00,2.1622,25.4355,11.605,1.2335,356.9107,278.5465,45.2154,1212.4578,646.1605,4234.286,1.2335,98.3574,98.3574,98.3574,98.3574,98.3574,98.3574
2020-01-16 20:30:00,2.1023,24.6766,11.0887,1.2284,353.9834,273.216,44.6219,1206.2529,637.048,4235.333,1.2284,97.5074,97.5074,97.5074,97.5074,97.5074,97.5074
2020-01-16 21:00:00,2.0183,23.4994,10.6472,1.172,349.8429,266.0934,43.6193,1196.9289,624.5558,4227.7046,1.172,84.0612,84.0612,84.0612,84.0612,84.0612,84.0612
2020-01-16 21:30:00,1.9436,22.6979,10.4739,1.1014,343.3556,260.8808,42.8746,1199.9069,614.1704,4173.2192,1.1014,58.9853,58.9853,58.9853,58.9853,58.9853,58.9853
2020-01-16 22:00:00,1.8448,21.6559,9.9095,1.0152,333.7607,253.8845,41.6404,1189.2769,608.0766,4163.1593,1.0152,80.0177,80.0177,80.0177,80.0177,80.0177,80.0177
2020-01-16 22:30:00,1.7931,21.006999999999998,9.5243,0.9391,330.2232,250.1391,40.4867,1182.7317,603.3434,4141.082,0.9391,80.0748,80.0748,80.0748,80.0748,80.0748,80.0748
2020-01-16 23:00:00,1.7425,20.2998,9.1613,0.8809999999999999,324.9969,245.0057,39.1904,1170.9357,598.6296,4149.2452,0.8809999999999999,80.2178,80.2178,80.2178,80.2178,80.2178,80.2178
2020-01-16 23:30:00,1.726,19.7984,8.8961,0.826,337.5905,241.4309,38.3743,1158.0688,588.1208,4186.9612,0.826,59.6005,59.6005,59.6005,59.6005,59.6005,59.6005
2020-01-17 00:00:00,1.6571,18.5832,8.7062,0.812,293.2255,238.0982,36.8864,1167.4342,581.4818,4353.4324,0.812,55.9461,55.9461,55.9461,55.9461,55.9461,55.9461
2020-01-17 00:30:00,1.6462,18.5042,8.7493,0.7875,289.0348,236.7794,36.3942,1153.5372,580.0272,4289.2151,0.7875,59.472,59.472,59.472,59.472,59.472,59.472
2020-01-17 01:00:00,1.6235,18.354,8.5938,0.7664,286.3935,235.4465,36.0045,1151.1576,573.28,4211.37,0.7664,57.6038,57.6038,57.6038,57.6038,57.6038,57.6038
2020-01-17 01:30:00,1.6088,18.1564,8.5305,0.7481,285.3023,231.9647,35.9822,1148.4556,575.7597,4154.5783,0.7481,57.6193,57.6193,57.6193,57.6193,57.6193,57.6193
2020-01-17 02:00:00,1.6111,18.1564,8.5754,0.7352,287.1769,231.4617,35.8908,1138.0575,565.6149,4117.1127,0.7352,50.7586,50.7586,50.7586,50.7586,50.7586,50.7586
2020-01-17 02:30:00,1.6166,18.1582,8.7026,0.7136,286.718,228.1477,35.5476,1135.5863,563.8328,4153.9103,0.7136,55.8502,55.8502,55.8502,55.8502,55.8502,55.8502
2020-01-17 03:00:00,1.629,18.3359,9.0834,0.71,291.5725,230.0549,35.6226,1142.1979,570.7984,4173.9248,0.71,46.5744,46.5744,46.5744,46.5744,46.5744,46.5744
2020-01-17 03:30:00,1.6371,18.6846,9.2158,0.7181,293.0691,232.4309,35.7913,1142.6731,582.9996,4190.7998,0.7181,58.6609,58.6609,58.6609,58.6609,58.6609,58.6609
2020-01-17 04:00:00,1.6597,19.8768,9.3335,0.7266,298.5379,240.1323,36.7823,1150.5872,598.5179,4239.9787,0.7266,55.5301,55.5301,55.5301,55.5301,55.5301,55.5301
2020-01-17 04:30:00,1.7087,20.6903,9.9075,0.7416,306.3694,246.0255,37.6567,1169.9018,607.9141,4264.6226,0.7416,55.9089,55.9089,55.9089,55.9089,55.9089,55.9089
2020-01-17 05:00:00,1.8234,22.6679,10.8952,0.7737,318.7446,256.8184,39.5213,1194.7807,623.7429,4384.9496,0.7737,55.8763,55.8763,55.8763,55.8763,55.8763,55.8763
2020-01-17 05:30:00,1.929,24.5422,11.4673,0.8227,330.5149,266.95599999999996,40.9483,1215.1396,650.1306,4362.7749,0.8227,59.9878,59.9878,59.9878,59.9878,59.9878,59.9878
2020-01-17 06:00:00,2.1193,27.4872,13.3887,0.8969,347.6449,282.5849,43.3092,1249.8379,694.544,4387.9333,0.8969,70.1643,70.1643,70.1643,70.1643,70.1643,70.1643
2020-01-17 06:30:00,2.2579,29.749000000000002,14.8978,0.9911,358.0035,295.2148,44.6874,1272.4117,724.669,4368.3961,0.9911,61.8311,61.8311,61.8311,61.8311,61.8311,61.8311
2020-01-17 07:00:00,2.4238,32.2405,17.1648,1.033,367.8172,306.1816,45.883,1287.5965,752.14,4427.4397,1.033,62.6654,62.6654,62.6654,62.6654,62.6654,62.6654
2020-01-17 07:30:00,2.5829,34.5402,18.0538,1.0182,375.0614,311.3429,46.0894,1286.188,771.6715,4342.5037,1.0182,44.125,44.125,44.125,44.125,44.125,44.125
2020-01-17 08:00:00,2.843,36.1788,17.4178,0.9479,374.8588,317.4,47.1511,1296.8544,799.4716,4301.1094,0.9479,44.6092,44.6092,44.6092,44.6092,44.6092,44.6092
2020-01-17 08:30:00,2.9898,37.0357,15.9324,0.9085,371.3109,319.8273,47.4333,1296.4080000000001,810.7024,4258.439,0.9085,34.3918,34.3918,34.3918,34.3918,34.3918,34.3918
2020-01-17 09:00:00,3.1225,37.1022,14.0368,0.8699,364.7672,321.2756,47.37,1303.105,820.895,4279.5908,0.8699,50.4092,50.4092,50.4092,50.4092,50.4092,50.4092
2020-01-17 09:30:00,3.1826,36.9927,11.3483,0.8228,350.5439,318.1881,47.5857,1296.8934,826.7643,4252.5895,0.8228,41.806999999999995,41.806999999999995,41.806999999999995,41.806999999999995,41.806999999999995,41.806999999999995
2020-01-17 10:00:00,3.2247,37.6737,9.6611,0.8043,344.8556,318.9574,47.5787,1297.0997,828.166,4230.3096,0.8043,43.7232,43.7232,43.7232,43.7232,43.7232,43.7232
2020-01-17 10:30:00,3.2236,37.7214,9.2335,0.7767,341.6219,318.8892,47.4598,1302.9583,824.2041,4257.1767,0.7767,46.7903,46.7903,46.7903,46.7903,46.7903,46.7903
2020-01-17 11:00:00,3.2072,37.6779,8.3552,0.7542,336.7357,317.3302,47.2051,1295.9511,828.079,4248.532999999999,0.7542,42.3084,42.3084,42.3084,42.3084,42.3084,42.3084
2020-01-17 11:30:00,3.1576,37.3564,7.3102,0.7519,331.1331,315.9422,47.1131,1291.3231,830.4368,4286.0442,0.7519,38.92,38.92,38.92,38.92,38.92,38.92
2020-01-17 12:00:00,3.0795,36.9142,7.0689,0.7272,329.5216,312.5054,46.7682,1287.4845,825.4725,4337.9161,0.7272,40.9016,40.9016,40.9016,40.9016,40.9016,40.9016
2020-01-17 12:30:00,3.0451,36.5204,6.9602,0.7090000000000001,328.9718,312.1471,46.5392,1281.1956,829.0819,4310.2784,0.7090000000000001,44.306999999999995,44.306999999999995,44.306999999999995,44.306999999999995,44.306999999999995,44.306999999999995
2020-01-17 13:00:00,3.0205,36.3844,6.7585,0.685,330.315,312.7762,46.3126,1283.8338,826.2778,4297.2368,0.685,38.2651,38.2651,38.2651,38.2651,38.2651,38.2651
2020-01-17 13:30:00,2.9571,35.6726,6.9588,0.6954,333.3191,314.3248,46.3039,1278.2021,828.4146,4244.0642,0.6954,26.5899,26.5899,26.5899,26.5899,26.5899,26.5899
2020-01-17 14:00:00,2.9369,35.1602,7.1770000000000005,0.6846,333.1925,312.3305,45.9416,1274.3982,818.16,4238.6207,0.6846,39.4574,39.4574,39.4574,39.4574,39.4574,39.4574
2020-01-17 14:30:00,2.8853,34.0745,7.5904,0.6883,333.3112,312.526,45.8897,1275.2158,796.1931,4199.8369,0.6883,34.9666,34.9666,34.9666,34.9666,34.9666,34.9666
2020-01-17 15:00:00,2.8283,32.961999999999996,7.4986,0.7076,335.5139,310.3171,45.3743,1270.4218,786.5463,4170.5356,0.7076,39.0933,39.0933,39.0933,39.0933,39.0933,39.0933
2020-01-17 15:30:00,2.7527,32.1457,7.9131,0.7489,337.0905,308.7741,45.0777,1274.7395,783.8584,4179.3307,0.7489,39.5759,39.5759,39.5759,39.5759,39.5759,39.5759
2020-01-17 16:00:00,2.6783,31.0449,9.2808,0.8131,341.3785,308.4696,45.2554,1277.0024,779.8324,4242.4175,0.8131,30.9571,30.9571,30.9571,30.9571,30.9571,30.9571
2020-01-17 16:30:00,2.6107,30.0578,10.4355,0.8901,346.5629,308.3991,45.1972,1280.5228,766.7223,4278.4038,0.8901,39.9823,39.9823,39.9823,39.9823,39.9823,39.9823
2020-01-17 17:00:00,2.5766,29.4735,11.6668,1.0,353.8023,306.7816,46.2925,1288.4847,760.6891,4258.9308,1.0,60.6022,60.6022,60.6022,60.6022,60.6022,60.6022
2020-01-17 17:30:00,2.5347,28.7085,11.9615,1.0888,354.1093,303.7159,46.5209,1284.3459,739.9765,4270.1347,1.0888,56.2216,56.2216,56.2216,56.2216,56.2216,56.2216
2020-01-17 18:00:00,2.4408,27.1128,11.4912,1.1392,350.3254,290.9661,45.6262,1264.6211,667.6716,4241.1214,1.1392,56.9741,56.9741,56.9741,56.9741,56.9741,56.9741
2020-01-17 18:30:00,2.3436,26.3072,11.0997,1.1529,344.6519,286.2913,44.9974,1254.103,649.9467,4229.0643,1.1529,65.4397,65.4397,65.4397,65.4397,65.4397,65.4397
2020-01-17 19:00:00,2.2519,25.2787,10.6984,1.147,335.6987,279.5394,44.4813,1246.3511,639.126,4217.6399,1.147,64.0363,64.0363,64.0363,64.0363,64.0363,64.0363
2020-01-17 19:30:00,2.1691,24.5743,10.6391,1.1479,329.2668,274.559,44.0187,1231.2828,637.3133,4240.4356,1.1479,61.5239,61.5239,61.5239,61.5239,61.5239,61.5239
2020-01-17 20:00:00,2.1176,23.6051,10.3573,1.1485,322.6509,270.5523,43.1697,1218.5441,629.7399,4229.5247,1.1485,53.1137,53.1137,53.1137,53.1137,53.1137,53.1137
2020-01-17 20:30:00,2.041,23.0758,10.173,1.125,320.118,266.3717,42.7306,1210.6607,624.1313,4225.852,1.125,57.0968,57.0968,57.0968,57.0968,57.0968,57.0968
2020-01-17 21:00:00,1.9702,22.4364,10.0037,1.0855,314.7692,259.1715,42.0561,1198.4831,608.7269,4258.8864,1.0855,56.3647,56.3647,56.3647,56.3647,56.3647,56.3647
2020-01-17 21:30:00,1.8892,21.6569,10.078,1.0537,310.9669,253.7935,41.3048,1191.1163,596.7413,4258.2017,1.0537,57.6479,57.6479,57.6479,57.6479,57.6479,57.6479
2020-01-17 22:00:00,1.8031,20.3037,9.5622,1.0018,300.2379,246.8017,40.0151,1174.7382,594.4222,4264.9898,1.0018,67.3039,67.3039,67.3039,67.3039,67.3039,67.3039
2020-01-17 22:30:00,1.7577,19.4985,9.183,0.948,293.7238,242.1031,39.0736,1162.0202,588.5696,4270.3657,0.948,61.5114,61.5114,61.5114,61.5114,61.5114,61.5114
2020-01-17 23:00:00,1.706,18.722,8.7511,0.9025,291.2415,238.7549,37.8198,1148.2691,581.3905,4230.7687,0.9025,53.6067,53.6067,53.6067,53.6067,53.6067,53.6067
2020-01-17 23:30:00,1.6695,18.1442,8.5655,0.857,288.5328,234.3923,36.9088,1139.4005,574.2633,4216.7509,0.857,57.9131,57.9131,57.9131,57.9131,57.9131,57.9131
2020-01-18 00:00:00,1.6702,18.3159,8.7672,0.8098,309.2669,228.1387,36.6575,1112.0891,562.8156,4108.8671,0.8098,120.9202,120.9202,120.9202,120.9202,120.9202,120.9202
2020-01-18 00:30:00,1.653,18.0853,8.6257,0.7817,307.3865,224.624,36.2175,1104.3267,558.7396,4078.8674,0.7817,111.8466,111.8466,111.8466,111.8466,111.8466,111.8466
2020-01-18 01:00:00,1.6392,17.8681,8.5231,0.7591,304.0224,222.6294,35.9135,1097.2788,556.1908,4075.8757,0.7591,121.9999,121.9999,121.9999,121.9999,121.9999,121.9999
2020-01-18 01:30:00,1.6262,17.8559,8.53,0.7378,304.173,219.3384,35.6692,1090.6312,548.4855,4042.3826,0.7378,125.9257,125.9257,125.9257,125.9257,125.9257,125.9257
2020-01-18 02:00:00,1.6279,17.7766,8.4767,0.7292,303.1441,216.4493,35.4661,1081.3162,543.3609,4003.4264,0.7292,115.576,115.576,115.576,115.576,115.576,115.576
2020-01-18 02:30:00,1.6322,17.643,8.5609,0.7205,302.9962,215.45,35.2306,1076.1489,547.1535,3972.2237,0.7205,108.1844,108.1844,108.1844,108.1844,108.1844,108.1844
2020-01-18 03:00:00,1.6361,17.7404,8.5696,0.7054,301.1696,215.8003,35.0382,1071.2469,548.0852,3965.9986,0.7054,115.6732,115.6732,115.6732,115.6732,115.6732,115.6732
2020-01-18 03:30:00,1.6452,17.8455,8.7568,0.6961,301.1658,215.0367,35.0514,1067.8613,546.5474,3975.836,0.6961,121.3589,121.3589,121.3589,121.3589,121.3589,121.3589
2020-01-18 04:00:00,1.6413,18.2482,8.6892,0.7055,304.2523,218.2893,35.6297,1070.2358,549.7997,3949.8566,0.7055,113.485,113.485,113.485,113.485,113.485,113.485
2020-01-18 04:30:00,1.6575,18.5321,9.0723,0.7176,308.5446,220.9202,36.2226,1068.4557,552.5339,3954.0921,0.7176,108.5805,108.5805,108.5805,108.5805,108.5805,108.5805
2020-01-18 05:00:00,1.7051,18.7572,9.0894,0.7411,312.6456,223.6134,37.0909,1075.8978,557.366,3950.0802,0.7411,107.6384,107.6384,107.6384,107.6384,107.6384,107.6384
2020-01-18 05:30:00,1.7621,19.3552,9.2211,0.7732,313.9163,226.6267,38.0693,1079.8521,561.6152,3924.3888,0.7732,111.4154,111.4154,111.4154,111.4154,111.4154,111.4154
2020-01-18 06:00:00,1.8232,20.6328,9.3527,0.7997,319.2058,232.4935,39.6973,1091.0279,567.6366,3943.2032,0.7997,113.5805,113.5805,113.5805,113.5805,113.5805,113.5805
2020-01-18 06:30:00,1.8589,21.2492,9.5643,0.8295,319.7173,235.9486,40.6038,1094.0282,571.5611,3962.8479,0.8295,112.428,112.428,112.428,112.428,112.428,112.428
2020-01-18 07:00:00,1.8965,21.7888,9.7402,0.8764,322.4483,238.9523,41.0818,1094.6663,574.7006,3944.7188,0.8764,100.3894,100.3894,100.3894,100.3894,100.3894,100.3894
2020-01-18 07:30:00,1.909,21.7765,8.9,0.9159,317.2022,236.418,40.7889,1082.1605,575.0457,3922.133,0.9159,87.3074,87.3074,87.3074,87.3074,87.3074,87.3074
2020-01-18 08:00:00,1.9947,22.3983,7.8755,0.9471,312.8148,235.9959,41.2166,1074.7341,580.9497,3875.7541,0.9471,97.9082,97.9082,97.9082,97.9082,97.9082,97.9082
2020-01-18 08:30:00,2.0573,22.8086,7.0488,0.9439,308.5945,234.5405,41.3584,1066.2373,586.0484,3809.5477,0.9439,91.6165,91.6165,91.6165,91.6165,91.6165,91.6165
2020-01-18 09:00:00,2.1301,22.8789,5.8695,0.9171,302.1608,234.6359,41.4946,1049.4346,589.5452,3796.538,0.9171,102.58,102.58,102.58,102.58,102.58,102.58
2020-01-18 09:30:00,2.1856,23.0839,5.1703,0.9112,298.6055,233.7873,41.6002,1044.8099,592.1072,3772.1641,0.9112,85.0454,85.0454,85.0454,85.0454,85.0454,85.0454
2020-01-18 10:00:00,2.271,23.5806,5.0884,0.9292,297.4652,234.3389,41.8252,1035.77,591.7236,3831.2845,0.9292,84.9176,84.9176,84.9176,84.9176,84.9176,84.9176
2020-01-18 10:30:00,2.2754,23.5953,4.9713,0.9126,296.0818,231.7086,41.9818,1031.8772,590.8379,3841.0382,0.9126,87.7274,87.7274,87.7274,87.7274,87.7274,87.7274
2020-01-18 11:00:00,2.2751,23.9624,4.5534,0.8787,293.2858,231.7781,41.6582,1024.4069,592.6962,3829.4478,0.8787,86.7169,86.7169,86.7169,86.7169,86.7169,86.7169
2020-01-18 11:30:00,2.2686,23.9204,4.5052,0.8541,293.9686,231.6832,41.665,1028.022,589.8252,3841.7853,0.8541,92.6923,92.6923,92.6923,92.6923,92.6923,92.6923
2020-01-18 12:00:00,2.2568,23.5917,4.5463,0.8367,289.001,231.4472,41.2703,1025.1253,587.6918,3831.0962,0.8367,87.2772,87.2772,87.2772,87.2772,87.2772,87.2772
2020-01-18 12:30:00,2.2352,23.2485,4.5232,0.8295,287.8028,230.7984,41.0475,1024.2659,588.9163,3831.9643,0.8295,91.4513,91.4513,91.4513,91.4513,91.4513,91.4513
2020-01-18 13:00:00,2.1711,22.9053,4.2996,0.8053,290.0157,228.5181,41.0111,1022.9441,583.2902,3829.1924,0.8053,76.4279,76.4279,76.4279,76.4279,76.4279,76.4279
2020-01-18 13:30:00,2.1476,22.8685,4.2175,0.8033,290.3739,228.8165,40.7848,1025.3813,580.7321,3846.2069,0.8033,96.4155,96.4155,96.4155,96.4155,96.4155,96.4155
2020-01-18 14:00:00,2.1215,22.4476,4.2954,0.7874,293.8595,229.5106,40.7736,1027.1014,573.7676,3819.1215,0.7874,82.5677,82.5677,82.5677,82.5677,82.5677,82.5677
2020-01-18 14:30:00,2.1171,22.4356,4.2819,0.7909,292.6338,230.3436,40.9482,1033.1787,572.8277,3832.4798,0.7909,86.3184,86.3184,86.3184,86.3184,86.3184,86.3184
2020-01-18 15:00:00,2.0972,22.1343,4.5398,0.7863,292.165,232.2776,40.6694,1040.1275,575.0305,3819.0988,0.7863,90.0886,90.0886,90.0886,90.0886,90.0886,90.0886
2020-01-18 15:30:00,2.0876,22.0082,5.4847,0.8169,300.1745,236.4048,40.6213,1060.8672,573.4675,3812.4163,0.8169,78.3377,78.3377,78.3377,78.3377,78.3377,78.3377
2020-01-18 16:00:00,2.0869,21.7228,6.5051,0.8622,304.6772,237.5294,40.7896,1067.7136,569.6884,3797.755,0.8622,98.7036,98.7036,98.7036,98.7036,98.7036,98.7036
2020-01-18 16:30:00,2.0982,21.9052,7.9811,0.93,312.8082,240.9251,41.2437,1081.718,569.4947,3824.9868,0.93,79.3604,79.3604,79.3604,79.3604,79.3604,79.3604
2020-01-18 17:00:00,2.1813,22.4933,9.5721,1.0343,321.4305,242.8307,42.5203,1087.1328,573.1091,3852.032,1.0343,97.4364,97.4364,97.4364,97.4364,97.4364,97.4364
2020-01-18 17:30:00,2.2482,22.9048,10.4075,1.0859,325.538,243.1153,43.3979,1091.304,573.4169,3879.4385,1.0859,101.5286,101.5286,101.5286,101.5286,101.5286,101.5286
2020-01-18 18:00:00,2.2081,22.612,10.5403,1.124,326.5204,240.3269,42.8991,1088.2852,566.5126,3848.5807,1.124,106.5752,106.5752,106.5752,106.5752,106.5752,106.5752
2020-01-18 18:30:00,2.1549,22.3312,10.0931,1.1504,324.5769,239.5263,42.7075,1088.131,563.979,3854.7277,1.1504,111.6616,111.6616,111.6616,111.6616,111.6616,111.6616
2020-01-18 19:00:00,2.1086,21.8813,10.1881,1.1443,324.1998,236.4252,42.4031,1086.1695,560.5129,3857.335,1.1443,93.4776,93.4776,93.4776,93.4776,93.4776,93.4776
2020-01-18 19:30:00,2.0644,21.5363,10.2487,1.1028,320.9987,234.0964,42.2784,1086.4032,557.7615,3833.4885,1.1028,103.8172,103.8172,103.8172,103.8172,103.8172,103.8172
2020-01-18 20:00:00,2.0288,21.2947,9.8817,1.0815,316.831,230.996,41.5936,1085.0263,550.835,3834.6688,1.0815,93.8614,93.8614,93.8614,93.8614,93.8614,93.8614
2020-01-18 20:30:00,1.9932,20.7789,9.6593,1.0698,315.1207,229.0986,41.4938,1081.3572,547.963,3828.8509,1.0698,107.8579,107.8579,107.8579,107.8579,107.8579,107.8579
2020-01-18 21:00:00,1.9333,20.3727,9.5475,1.0558,312.7372,226.4613,40.72,1076.1888,544.6511,3834.5717,1.0558,116.4051,116.4051,116.4051,116.4051,116.4051,116.4051
2020-01-18 21:30:00,1.8588,19.8552,9.7564,1.0429,310.6486,222.6535,39.9832,1067.7312,544.302,3839.8335,1.0429,110.1283,110.1283,110.1283,110.1283,110.1283,110.1283
2020-01-18 22:00:00,1.792,18.8467,9.2686,0.9773,306.0899,218.1904,39.1202,1057.8986,539.9948,3827.8063,0.9773,175.662,175.662,175.662,175.662,175.662,175.662
2020-01-18 22:30:00,1.7476,18.1862,8.829,0.9298,302.8268,216.4799,38.2373,1051.2497,531.0715,3827.7312,0.9298,381.7345,381.7345,381.7345,381.7345,381.7345,381.7345
2020-01-18 23:00:00,1.7044,17.6491,8.5915,0.8752,300.7401,211.5528,37.3829,1041.7205,526.3374,3814.2572,0.8752,374.445,374.445,374.445,374.445,374.445,374.445
2020-01-18 23:30:00,1.6761,17.4117,8.4127,0.836,298.6707,208.8542,36.5882,1038.9693,525.6322,3849.2296,0.836,376.1008,376.1008,376.1008,376.1008,376.1008,376.1008
2020-01-19 00:00:00,1.6367,17.0601,8.3488,0.7962,299.3681,205.7534,35.784,1026.1425,516.7851,3837.9575,0.7962,390.4413,390.4413,390.4413,390.4413,390.4413,390.4413
2020-01-19 00:30:00,1.6237,16.8737,8.1516,0.7485,299.0595,205.0516,35.3023,1015.8179,512.3256,3825.0515,0.7485,394.4245,394.4245,394.4245,394.4245,394.4245,394.4245
2020-01-19 01:00:00,1.6001,16.718,8.0355,0.7313,297.0566,204.4982,34.9932,1011.1233,509.4788,3821.9822,0.7313,400.6715,400.6715,400.6715,400.6715,400.6715,400.6715
2020-01-19 01:30:00,1.5805,16.643,7.9723,0.7161,295.9872,202.1273,34.7396,1008.3228,507.1591,3828.6402,0.7161,418.0686,418.0686,418.0686,418.0686,418.0686,418.0686
2020-01-19 02:00:00,1.5879,16.5533,8.1377,0.6967,296.4867,201.0296,34.5378,1003.4497,507.9671,3838.3711,0.6967,404.804,404.804,404.804,404.804,404.804,404.804
2020-01-19 02:30:00,1.5785,16.5521,8.1153,0.6844,294.1652,200.164,34.5904,1004.5781,507.8959,3840.6396,0.6844,406.495,406.495,406.495,406.495,406.495,406.495
2020-01-19 03:00:00,1.5818,16.4303,8.4398,0.6763,294.6679,199.6432,34.5119,1003.6992,507.9425,3848.6986,0.6763,400.539,400.539,400.539,400.539,400.539,400.539
2020-01-19 03:30:00,1.5802,16.481,8.4178,0.6722,296.0564,200.7546,34.4727,1002.807,508.7515,3835.7817,0.6722,409.7549,409.7549,409.7549,409.7549,409.7549,409.7549
2020-01-19 04:00:00,1.5972,16.671,8.5885,0.6812,298.0192,202.6092,34.7907,1002.5865,510.9949,3827.3598,0.6812,409.7986,409.7986,409.7986,409.7986,409.7986,409.7986
2020-01-19 04:30:00,1.6097,16.8906,8.7742,0.6852,297.3331,203.6527,35.3059,1003.4856,514.734,3824.7647,0.6852,341.7015,341.7015,341.7015,341.7015,341.7015,341.7015
2020-01-19 05:00:00,1.6447,17.2045,8.6974,0.7122,297.0309,206.8307,36.3828,1005.5218,515.1428,3828.0203,0.7122,333.4374,333.4374,333.4374,333.4374,333.4374,333.4374
2020-01-19 05:30:00,1.6621,17.4785,8.5807,0.7262,299.7796,209.0771,37.3454,1008.6583,516.624,3842.3073,0.7262,122.6747,122.6747,122.6747,122.6747,122.6747,122.6747
2020-01-19 06:00:00,1.7112,18.2658,8.8939,0.7574,303.9167,211.8747,38.5398,1013.4294,524.7729,3825.2261,0.7574,118.0021,118.0021,118.0021,118.0021,118.0021,118.0021
2020-01-19 06:30:00,1.7426,18.6964,9.1217,0.7844,305.0408,213.9414,39.3212,1018.1819,526.8288,3822.4489,0.7844,103.2834,103.2834,103.2834,103.2834,103.2834,103.2834
2020-01-19 07:00:00,1.7464,19.0397,9.2877,0.8347,308.3578,217.2512,39.7906,1018.7915,525.5465,3820.941,0.8347,103.7903,103.7903,103.7903,103.7903,103.7903,103.7903
2020-01-19 07:30:00,1.7212,18.9567,8.5991,0.8762,306.2048,215.8468,39.4975,1012.2099,527.5258,3774.9442,0.8762,81.3432,81.3432,81.3432,81.3432,81.3432,81.3432
2020-01-19 08:00:00,1.7653,19.2296,8.121,0.9114,301.8092,216.3816,39.7529,1006.9149,526.7728,3757.1675,0.9114,82.8016,82.8016,82.8016,82.8016,82.8016,82.8016
2020-01-19 08:30:00,1.8023,19.3658,7.7042,0.9566,302.146,218.1026,40.0082,1004.9582,525.7762,3742.9069,0.9566,74.8132,74.8132,74.8132,74.8132,74.8132,74.8132
2020-01-19 09:00:00,1.866,19.7931,6.8042,0.9721,300.3645,218.1636,40.2353,1004.2699,529.4668,3712.7385,0.9721,76.5003,76.5003,76.5003,76.5003,76.5003,76.5003
2020-01-19 09:30:00,1.9074,19.9792,6.2538,0.9624,294.6205,218.0775,40.3423,994.8182,528.7036,3721.1285,0.9624,78.1503,78.1503,78.1503,78.1503,78.1503,78.1503
2020-01-19 10:00:00,1.9816,20.3039,5.9113,0.9629,292.414,217.8315,40.472,988.7774,528.4421,3737.3286,0.9629,77.959,77.959,77.959,77.959,77.959,77.959
2020-01-19 10:30:00,2.0154,20.4289,5.536,0.9271,290.1686,217.6227,40.5681,988.9275,532.2248,3707.4493,0.9271,85.3361,85.3361,85.3361,85.3361,85.3361,85.3361
2020-01-19 11:00:00,2.0444,20.8955,5.1678,0.9315,283.5735,218.6152,40.4517,982.0011,530.755,3688.7871,0.9315,81.6112,81.6112,81.6112,81.6112,81.6112,81.6112
2020-01-19 11:30:00,2.0361,20.8278,4.899,0.9332,281.7079,217.9946,40.2406,981.0961,532.3163,3696.3225,0.9332,80.6933,80.6933,80.6933,80.6933,80.6933,80.6933
2020-01-19 12:00:00,2.0198,20.6314,4.6902,0.9169,281.2236,217.1612,40.2378,978.1804,533.1873,3684.8025,0.9169,78.505,78.505,78.505,78.505,78.505,78.505
2020-01-19 12:30:00,1.9796,20.6083,4.4954,0.8992,282.855,219.4141,40.1372,987.3764,532.521,3726.8795,0.8992,83.8183,83.8183,83.8183,83.8183,83.8183,83.8183
2020-01-19 13:00:00,1.967,20.6315,4.3979,0.8949,286.7796,220.7192,39.9668,987.6083,533.335,3730.4593,0.8949,80.2429,80.2429,80.2429,80.2429,80.2429,80.2429
2020-01-19 13:30:00,1.9565,20.5296,4.6074,0.8866,286.9415,220.9402,40.0016,997.9254,535.666,3745.6334,0.8866,85.5838,85.5838,85.5838,85.5838,85.5838,85.5838
2020-01-19 14:00:00,1.9488,20.4037,5.1434,0.9035,288.4371,222.5635,40.0035,1003.0276,536.1191,3772.4613,0.9035,87.0012,87.0012,87.0012,87.0012,87.0012,87.0012
2020-01-19 14:30:00,1.9389,20.4398,5.2543,0.925,291.0647,224.811,39.9769,1016.1086,533.1323,3791.3235,0.925,77.3961,77.3961,77.3961,77.3961,77.3961,77.3961
2020-01-19 15:00:00,1.9475,20.5166,5.591,0.9175,292.938,225.762,39.9359,1016.1394,529.0894,3782.5239,0.9175,78.8074,78.8074,78.8074,78.8074,78.8074,78.8074
2020-01-19 15:30:00,1.9518,20.5496,6.5262,0.9357,295.7105,226.7177,39.9823,1020.9945,533.1421,3770.5047,0.9357,78.8379,78.8379,78.8379,78.8379,78.8379,78.8379
2020-01-19 16:00:00,1.966,20.5993,7.4221,0.9605,300.0016,227.5573,40.2435,1033.2858,532.2494,3768.4521,0.9605,68.3051,68.3051,68.3051,68.3051,68.3051,68.3051
2020-01-19 16:30:00,1.985,20.9035,8.2072,1.0075,304.5658,230.2597,40.9415,1038.7427,534.6786,3773.2438,1.0075,75.5437,75.5437,75.5437,75.5437,75.5437,75.5437
2020-01-19 17:00:00,2.0682,21.3881,9.1864,1.1249,311.1466,233.297,41.9216,1049.3485,532.6768,3816.2612,1.1249,87.1727,87.1727,87.1727,87.1727,87.1727,87.1727
2020-01-19 17:30:00,2.1161,21.4574,9.7352,1.1779,316.2179,234.2039,42.2986,1054.5881,533.499,3837.111,1.1779,94.945,94.945,94.945,94.945,94.945,94.945
2020-01-19 18:00:00,2.0665,21.1518,9.4858,1.1649,315.5272,233.0114,41.949,1051.8347,529.9747,3835.6558,1.1649,103.0639,103.0639,103.0639,103.0639,103.0639,103.0639
2020-01-19 18:30:00,2.0427,20.8903,9.2431,1.163,313.1839,230.844,41.7335,1053.436,529.2803,3851.45,1.163,99.612,99.612,99.612,99.612,99.612,99.612
2020-01-19 19:00:00,2.0094,20.485,9.2973,1.1819,313.1817,228.0848,41.3107,1055.5947,527.0812,3850.496,1.1819,117.6886,117.6886,117.6886,117.6886,117.6886,117.6886
2020-01-19 19:30:00,1.9911,20.1386,9.4894,1.1791,310.908,225.3778,41.0367,1054.5227,525.1717,3848.0532,1.1791,118.5018,118.5018,118.5018,118.5018,118.5018,118.5018
2020-01-19 20:00:00,1.9402,19.6234,9.2913,1.1691,309.2634,221.5874,40.4263,1051.7186,523.5938,3836.0526,1.1691,127.5517,127.5517,127.5517,127.5517,127.5517,127.5517
2020-01-19 20:30:00,1.9145,19.1862,9.0967,1.1359,310.1569,220.5682,40.0555,1050.1971,522.1826,3841.1636,1.1359,118.4274,118.4274,118.4274,118.4274,118.4274,118.4274
2020-01-19 21:00:00,1.8551,18.8014,9.0887,1.0777,307.4109,218.4116,39.6138,1055.2388,521.6525,3818.0336,1.0777,111.6911,111.6911,111.6911,111.6911,111.6911,111.6911
2020-01-19 21:30:00,1.809,18.2898,9.3449,1.0228,306.0482,217.789,38.8886,1054.3845,520.6281,3814.567,1.0228,110.1041,110.1041,110.1041,110.1041,110.1041,110.1041
2020-01-19 22:00:00,1.7391,17.804,8.948,0.9722,303.6287,215.0038,38.0149,1046.4215,522.3656,3805.59,0.9722,98.4777,98.4777,98.4777,98.4777,98.4777,98.4777
2020-01-19 22:30:00,1.6868,17.4808,8.7497,0.9048,301.8039,212.1052,37.1612,1044.6909,520.2725,3786.0878,0.9048,106.4632,106.4632,106.4632,106.4632,106.4632,106.4632
2020-01-19 23:00:00,1.6452,17.0926,8.7822,0.8543,300.6283,208.8901,36.4845,1042.613,517.6284,3777.5031,0.8543,106.7254,106.7254,106.7254,106.7254,106.7254,106.7254
2020-01-19 23:30:00,1.6263,16.9281,8.7732,0.7978,301.2258,206.503,35.8127,1046.654,516.6944,3826.2875,0.7978,96.5582,96.5582,96.5582,96.5582,96.5582,96.5582
2020-01-20 00:00:00,1.612,16.8947,8.6535,0.7708,299.2128,206.9758,34.7258,1045.97,515.5566,3913.0823,0.7708,91.9397,91.9397,91.9397,91.9397,91.9397,91.9397
2020-01-20 00:30:00,1.596,16.691,8.244,0.7352,299.5234,208.2044,34.3142,1041.8193,518.4391,3903.6582,0.7352,87.6758,87.6758,87.6758,87.6758,87.6758,87.6758
2020-01-20 01:00:00,1.5855,16.6439,8.2127,0.7095,297.9312,208.3719,34.036,1037.3575,518.5125,3923.4445,0.7095,87.983,87.983,87.983,87.983,87.983,87.983
2020-01-20 01:30:00,1.5854,16.6641,8.2511,0.6839,297.0235,208.4854,33.9964,1042.1158,518.0081,3887.7664,0.6839,80.2707,80.2707,80.2707,80.2707,80.2707,80.2707
2020-01-20 02:00:00,1.5793,16.7631,8.3282,0.6777,297.7696,209.6062,33.7607,1041.8905,517.1574,3843.7041,0.6777,87.526,87.526,87.526,87.526,87.526,87.526
2020-01-20 02:30:00,1.5838,16.8282,8.4937,0.6717,301.7,210.9447,33.9313,1044.866,522.6532,3841.191,0.6717,85.276,85.276,85.276,85.276,85.276,85.276
2020-01-20 03:00:00,1.5882,17.2542,8.6215,0.6726,302.0259,213.8619,34.073,1050.0877,533.9901,3835.5277,0.6726,84.6896,84.6896,84.6896,84.6896,84.6896,84.6896
2020-01-20 03:30:00,1.6018,17.6511,8.5949,0.6584,303.0995,218.7516,34.3012,1056.1894,539.2148,3870.5754,0.6584,111.7946,111.7946,111.7946,111.7946,111.7946,111.7946
2020-01-20 04:00:00,1.6277,18.4839,8.9219,0.6682,307.7191,226.8312,35.4021,1066.6368,549.6224,3932.4437,0.6682,156.471,156.471,156.471,156.471,156.471,156.471
2020-01-20 04:30:00,1.676,19.2127,9.3849,0.6699,312.9291,232.9152,36.1138,1081.1334,562.8225,3990.0181,0.6699,153.2653,153.2653,153.2653,153.2653,153.2653,153.2653
2020-01-20 05:00:00,1.7674,20.8742,9.9613,0.6994,320.2123,242.5271,38.1261,1101.3571,581.45,4015.2783,0.6994,140.2689,140.2689,140.2689,140.2689,140.2689,140.2689
2020-01-20 05:30:00,1.8414,22.5855,10.4431,0.7201,330.2424,251.7226,39.2761,1127.9684,600.529,4050.0998,0.7201,141.3958,141.3958,141.3958,141.3958,141.3958,141.3958
2020-01-20 06:00:00,1.9836,24.8638,11.5876,0.7625,343.2982,264.1934,41.3569,1161.4892,626.9617,4085.1448,0.7625,129.5828,129.5828,129.5828,129.5828,129.5828,129.5828
2020-01-20 06:30:00,2.0868,27.2329,12.5148,0.7913,351.3423,272.5233,42.8244,1178.8721,641.823,4106.0564,0.7913,136.2256,136.2256,136.2256,136.2256,136.2256,136.2256
2020-01-20 07:00:00,2.2459,28.9097,12.6369,0.8216,356.1666,280.8193,43.9925,1187.641,653.2122,4096.2674,0.8216,131.2805,131.2805,131.2805,131.2805,131.2805,131.2805
2020-01-20 07:30:00,2.3805,29.7273,12.533,0.8698,353.5685,284.3425,43.8656,1190.3453,659.0187,4083.1143,0.8698,115.3762,115.3762,115.3762,115.3762,115.3762,115.3762
2020-01-20 08:00:00,2.5618,30.3481,11.8638,0.9035,352.3211,288.4019,44.3153,1195.1377,663.4447,4097.4166,0.9035,109.0137,109.0137,109.0137,109.0137,109.0137,109.0137
2020-01-20 08:30:00,2.6472,30.7009,11.0423,0.9103,355.2317,290.2059,44.6334,1197.1132,663.0729,4116.4258,0.9103,107.881,107.881,107.881,107.881,107.881,107.881
2020-01-20 09:00:00,2.7935,31.1016,10.6502,0.9441,355.2808,290.8396,44.8945,1197.0306,659.4661,4136.4285,0.9441,122.3438,122.3438,122.3438,122.3438,122.3438,122.3438
2020-01-20 09:30:00,2.8584,31.5192,9.9551,0.9401,357.473,292.4904,45.0356,1190.9477,656.6618,4138.1843,0.9401,112.512,112.512,112.512,112.512,112.512,112.512
2020-01-20 10:00:00,2.9168,32.1778,8.7686,0.9139,353.0198,291.5337,45.4092,1185.8872,663.5875,4134.1463,0.9139,117.5311,117.5311,117.5311,117.5311,117.5311,117.5311
2020-01-20 10:30:00,2.9279,32.1256,8.0439,0.8961,346.7709,287.7528,45.1488,1182.6712,660.7102,4155.8204,0.8961,115.4266,115.4266,115.4266,115.4266,115.4266,115.4266
2020-01-20 11:00:00,2.8873,32.3321,7.5934,0.8931,341.9407,289.0454,45.2776,1187.0545,661.8067,4139.7599,0.8931,123.6386,123.6386,123.6386,123.6386,123.6386,123.6386
2020-01-20 11:30:00,2.8687,32.346,7.6113,0.9063,344.6193,289.0834,45.2877,1189.2477,665.6079,4135.3017,0.9063,112.5655,112.5655,112.5655,112.5655,112.5655,112.5655
2020-01-20 12:00:00,2.8589,32.0142,6.7673,0.8869,347.3585,288.7747,45.3313,1183.3968,658.5247,4139.3265,0.8869,126.1117,126.1117,126.1117,126.1117,126.1117,126.1117
2020-01-20 12:30:00,2.8803,32.4397,6.7082,0.8749,348.4341,287.7458,45.1313,1177.9085,663.9495,4110.5957,0.8749,113.1454,113.1454,113.1454,113.1454,113.1454,113.1454
2020-01-20 13:00:00,2.8634,32.2111,6.6645,0.8833,346.3767,287.2187,44.8183,1180.8537,666.9154,4084.5578,0.8833,105.3049,105.3049,105.3049,105.3049,105.3049,105.3049
2020-01-20 13:30:00,2.826,31.5995,6.9032,0.8498,342.598,287.4541,45.1704,1178.8075,669.3777,4101.6289,0.8498,114.3266,114.3266,114.3266,114.3266,114.3266,114.3266
2020-01-20 14:00:00,2.7385,31.2039,6.8374,0.8415,337.1611,285.7872,45.054,1171.9548,662.2113,4099.1072,0.8415,117.1311,117.1311,117.1311,117.1311,117.1311,117.1311
2020-01-20 14:30:00,2.6929,30.3832,6.9662,0.8637,339.5125,285.4915,44.9549,1183.6713,644.9804,4116.2883,0.8637,118.781,118.781,118.781,118.781,118.781,118.781
2020-01-20 15:00:00,2.6407,29.6189,7.6238,0.8868,342.8801,286.769,44.7129,1183.9566,641.6063,4109.9962,0.8868,116.2731,116.2731,116.2731,116.2731,116.2731,116.2731
2020-01-20 15:30:00,2.596,29.0937,7.867,0.9054,342.7592,285.4679,44.6747,1185.5681,638.9172,4132.2465,0.9054,115.2583,115.2583,115.2583,115.2583,115.2583,115.2583
2020-01-20 16:00:00,2.5747,28.5803,8.525,0.9351,348.5989,286.9642,44.8048,1190.4053,639.0371,4134.8634,0.9351,110.3137,110.3137,110.3137,110.3137,110.3137,110.3137
2020-01-20 16:30:00,2.5258,28.1535,9.2619,1.021,351.6808,288.6323,45.2281,1195.7163,641.3782,4163.8607,1.021,119.5012,119.5012,119.5012,119.5012,119.5012,119.5012
2020-01-20 17:00:00,2.4793,27.6265,10.4726,1.1145,357.5884,289.5691,45.9445,1201.3447,639.964,4190.9523,1.1145,134.2159,134.2159,134.2159,134.2159,134.2159,134.2159
2020-01-20 17:30:00,2.4702,27.3554,10.912,1.1891,363.5156,290.0314,46.2443,1201.7666,639.2819,4184.5963,1.1891,133.9725,133.9725,133.9725,133.9725,133.9725,133.9725
2020-01-20 18:00:00,2.3495,26.2604,10.6166,1.2049,360.6837,280.2788,45.098,1191.8255,607.8269,4192.485,1.2049,131.8674,131.8674,131.8674,131.8674,131.8674,131.8674
2020-01-20 18:30:00,2.2539,25.8797,10.1667,1.2138,355.3118,277.4969,44.8916,1186.1114,603.515,4221.098,1.2138,132.8506,132.8506,132.8506,132.8506,132.8506,132.8506
2020-01-20 19:00:00,2.1666,24.9652,10.2444,1.1823,352.4018,272.3664,44.4568,1179.9413,598.3991,4223.0673,1.1823,133.168,133.168,133.168,133.168,133.168,133.168
2020-01-20 19:30:00,2.108,24.3485,10.2903,1.1787,349.8149,269.8332,44.2831,1171.7456,595.6828,4228.2085,1.1787,131.5056,131.5056,131.5056,131.5056,131.5056,131.5056
2020-01-20 20:00:00,2.0597,23.6379,10.1787,1.1538,343.4882,265.0266,43.2607,1160.9474,590.4826,4205.177,1.1538,131.87,131.87,131.87,131.87,131.87,131.87
2020-01-20 20:30:00,1.9831,23.0256,9.9012,1.1049,340.3786,260.7813,42.9257,1160.247,587.6176,4199.2335,1.1049,131.7447,131.7447,131.7447,131.7447,131.7447,131.7447
2020-01-20 21:00:00,1.8993,22.0538,9.6246,1.0655,333.676,254.5793,41.8928,1157.2812,584.7443,4188.6311,1.0655,125.0403,125.0403,125.0403,125.0403,125.0403,125.0403
2020-01-20 21:30:00,1.8308,21.0943,9.3991,0.9951,332.9423,250.759,41.1898,1157.5042,581.2057,4158.472,0.9951,127.1955,127.1955,127.1955,127.1955,127.1955,127.1955
2020-01-20 22:00:00,1.7521,20.3227,8.854,0.9311,328.5935,245.9437,40.1549,1150.4232,578.8896,4151.3433,0.9311,130.5809,130.5809,130.5809,130.5809,130.5809,130.5809
2020-01-20 22:30:00,1.7137,19.7558,8.5382,0.8679,326.3778,242.3141,39.0923,1145.8973,581.7326,4163.9212,0.8679,134.7385,134.7385,134.7385,134.7385,134.7385,134.7385
2020-01-20 23:00:00,1.693,19.08,8.4241,0.8248,324.6431,238.3472,38.1111,1131.4961,572.0129,4162.4222,0.8248,134.9835,134.9835,134.9835,134.9835,134.9835,134.9835
2020-01-20 23:30:00,1.6592,18.6762,8.3474,0.7627,324.0282,233.3331,37.2538,1122.2829,564.4292,4147.9762,0.7627,132.9584,132.9584,132.9584,132.9584,132.9584,132.9584
2020-01-21 00:00:00,1.6226,18.2352,8.4531,0.7372,319.1349,230.2256,36.3987,1115.892,554.9696,4036.1557,0.7372,140.9023,140.9023,140.9023,140.9023,140.9023,140.9023
2020-01-21 00:30:00,1.604,17.9566,8.2926,0.7043,315.7144,229.5696,35.7596,1115.6114,554.4264,4038.3467,0.7043,133.5846,133.5846,133.5846,133.5846,133.5846,133.5846
2020-01-21 01:00:00,1.5767,17.8973,8.4189,0.6642,313.5703,227.3963,35.3596,1117.2461,558.2295,4008.5162,0.6642,131.4895,131.4895,131.4895,131.4895,131.4895,131.4895
2020-01-21 01:30:00,1.5774,17.8493,8.3823,0.6428,314.0459,226.0504,35.2933,1110.4327,557.7768,3987.5755,0.6428,133.6369,133.6369,133.6369,133.6369,133.6369,133.6369
2020-01-21 02:00:00,1.5665,17.8446,8.1776,0.6426,311.9157,225.862,35.3017,1108.9663,555.561,3978.1386,0.6426,129.6709,129.6709,129.6709,129.6709,129.6709,129.6709
2020-01-21 02:30:00,1.5762,17.6558,8.246,0.6274,310.2325,225.6677,35.334,1107.2767,561.5991,4003.7269,0.6274,131.7951,131.7951,131.7951,131.7951,131.7951,131.7951
2020-01-21 03:00:00,1.5669,17.7885,8.4885,0.6219,312.7398,226.9616,35.3739,1108.7739,564.8304,4005.5613,0.6219,127.637,127.637,127.637,127.637,127.637,127.637
2020-01-21 03:30:00,1.5761,18.1709,8.524,0.6177,315.2193,229.1147,35.4909,1113.7746,572.9638,3993.2619,0.6177,140.2153,140.2153,140.2153,140.2153,140.2153,140.2153
2020-01-21 04:00:00,1.6078,19.234,8.6772,0.6215,317.7052,238.3488,36.6815,1121.8148,586.1529,4020.0453,0.6215,131.5166,131.5166,131.5166,131.5166,131.5166,131.5166
2020-01-21 04:30:00,1.6382,20.1185,9.247,0.6396,323.127,244.0052,37.7562,1133.7802,598.0549,4082.3124,0.6396,132.6891,132.6891,132.6891,132.6891,132.6891,132.6891
2020-01-21 05:00:00,1.7395,22.2044,10.0051,0.678,338.3878,257.4263,39.4181,1161.6494,623.2519,4132.2543,0.678,131.9968,131.9968,131.9968,131.9968,131.9968,131.9968
2020-01-21 05:30:00,1.8494,24.2389,10.8321,0.7201,353.4929,267.0422,40.91,1193.2643,648.516,4183.8608,0.7201,130.4776,130.4776,130.4776,130.4776,130.4776,130.4776
2020-01-21 06:00:00,2.0561,27.4076,12.6535,0.7863,371.0051,283.6831,43.2077,1236.7701,689.132,4240.5827,0.7863,128.3235,128.3235,128.3235,128.3235,128.3235,128.3235
2020-01-21 06:30:00,2.1803,29.7829,14.262,0.8494,382.099,296.0132,44.6924,1257.2388,715.0335,4326.6078,0.8494,129.5768,129.5768,129.5768,129.5768,129.5768,129.5768
2020-01-21 07:00:00,2.3617,32.2469,16.3376,0.9085,390.2518,309.0633,45.8981,1282.0933,735.7944,4293.3214,0.9085,116.6132,116.6132,116.6132,116.6132,116.6132,116.6132
2020-01-21 07:30:00,2.5811,34.6681,17.7305,0.8706,399.0461,315.5987,46.3369,1296.4686,754.0046,4328.6196,0.8706,104.0681,104.0681,104.0681,104.0681,104.0681,104.0681
2020-01-21 08:00:00,2.8312,36.5094,17.2456,0.8399,400.8938,322.1487,47.1715,1303.9121,770.5832,4343.8805,0.8399,106.0891,106.0891,106.0891,106.0891,106.0891,106.0891
2020-01-21 08:30:00,2.9425,37.5659,15.6104,0.7828,396.9221,324.3907,47.5947,1308.1074,780.0698,4243.3192,0.7828,102.4826,102.4826,102.4826,102.4826,102.4826,102.4826
2020-01-21 09:00:00,3.0793,37.4972,13.9279,0.744,393.8265,326.7608,47.7827,1320.8315,790.0338,4184.61,0.744,103.8334,103.8334,103.8334,103.8334,103.8334,103.8334
2020-01-21 09:30:00,3.1485,37.6803,12.4016,0.7262,391.2612,328.1082,48.4983,1310.7115,794.707,4194.828,0.7262,104.5726,104.5726,104.5726,104.5726,104.5726,104.5726
2020-01-21 10:00:00,3.2667,38.5483,11.4766,0.7118,388.0188,332.415,48.5764,1318.9788,800.6445,4197.8671,0.7118,110.158,110.158,110.158,110.158,110.158,110.158
2020-01-21 10:30:00,3.3241,38.6824,11.3888,0.7048,385.6336,330.6625,48.3815,1319.9146,802.5822,4213.0353,0.7048,111.8065,111.8065,111.8065,111.8065,111.8065,111.8065
2020-01-21 11:00:00,3.3084,38.9247,10.8651,0.7077,382.9513,331.5971,48.4075,1319.7925,807.0274,4227.9299,0.7077,110.4533,110.4533,110.4533,110.4533,110.4533,110.4533
2020-01-21 11:30:00,3.2127,38.6967,10.9218,0.7003,385.2237,331.0105,48.5394,1318.6558,806.5877,4312.2642,0.7003,109.0849,109.0849,109.0849,109.0849,109.0849,109.0849
2020-01-21 12:00:00,3.1675,38.4528,10.5302,0.7011,380.5423,331.4854,48.0109,1318.4126,801.3587,4298.0302,0.7011,106.7653,106.7653,106.7653,106.7653,106.7653,106.7653
2020-01-21 12:30:00,3.1715,38.6542,10.5907,0.686,385.6974,332.6449,48.2975,1324.021,804.3223,4272.006,0.686,106.4009,106.4009,106.4009,106.4009,106.4009,106.4009
2020-01-21 13:00:00,3.1385,38.5751,10.25,0.6837,385.1883,331.2886,48.3422,1324.906,807.2501,4275.7974,0.6837,109.8071,109.8071,109.8071,109.8071,109.8071,109.8071
2020-01-21 13:30:00,3.0974,37.6915,10.6168,0.6834,387.6774,333.526,48.3981,1322.7181,806.9084,4252.7781,0.6834,115.7777,115.7777,115.7777,115.7777,115.7777,115.7777
2020-01-21 14:00:00,3.0576,37.1276,11.2794,0.6823,385.6121,330.2847,47.9758,1314.7019,799.704,4252.4146,0.6823,112.7182,112.7182,112.7182,112.7182,112.7182,112.7182
2020-01-21 14:30:00,3.0037,36.2609,10.8646,0.7023,380.2869,327.2471,47.8659,1302.662,778.7067,4217.1147,0.7023,117.2261,117.2261,117.2261,117.2261,117.2261,117.2261
2020-01-21 15:00:00,2.9848,35.2217,10.7495,0.7254,378.6651,325.414,47.2854,1293.6272,776.8287,4191.8024,0.7254,116.0857,116.0857,116.0857,116.0857,116.0857,116.0857
2020-01-21 15:30:00,2.8879,34.0155,10.6762,0.768,378.2579,323.1417,47.1399,1291.5797,770.5764,4189.0205,0.768,112.6108,112.6108,112.6108,112.6108,112.6108,112.6108
2020-01-21 16:00:00,2.8201,32.8925,11.1184,0.8178,381.8729,322.2787,47.4821,1295.0298,764.284,4228.6375,0.8178,114.687,114.687,114.687,114.687,114.687,114.687
2020-01-21 16:30:00,2.7791,32.0641,11.7939,0.887,383.468,321.7189,47.7095,1294.1371,755.9804,4244.9973,0.887,119.9244,119.9244,119.9244,119.9244,119.9244,119.9244
2020-01-21 17:00:00,2.6712,30.7927,12.4363,0.9709,389.2482,319.0623,48.2836,1292.5541,745.9776,4249.6936,0.9709,126.5241,126.5241,126.5241,126.5241,126.5241,126.5241
2020-01-21 17:30:00,2.5996,29.7762,12.85,1.0528,390.2606,315.6615,48.3125,1287.0318,728.181,4280.1587,1.0528,129.0368,129.0368,129.0368,129.0368,129.0368,129.0368
2020-01-21 18:00:00,2.4787,28.0634,12.5512,1.0979,384.4419,302.2876,47.0312,1275.3663,670.8736,4297.5835,1.0979,128.9171,128.9171,128.9171,128.9171,128.9171,128.9171
2020-01-21 18:30:00,2.3571,27.0998,12.1583,1.125,379.5647,297.2711,46.6011,1274.1451,661.2397,4302.3287,1.125,126.3435,126.3435,126.3435,126.3435,126.3435,126.3435
2020-01-21 19:00:00,2.2651,26.3165,12.1942,1.1274,374.2898,290.2217,45.9229,1262.5049,648.8556,4291.2907,1.1274,129.76,129.76,129.76,129.76,129.76,129.76
2020-01-21 19:30:00,2.2049,25.6908,12.1022,1.1333,368.3659,285.2144,45.558,1252.4077,643.3199,4294.9613,1.1333,135.2031,135.2031,135.2031,135.2031,135.2031,135.2031
2020-01-21 20:00:00,2.1231,24.618,11.5991,1.0987,363.6791,278.833,44.6732,1237.5624,634.846,4269.1764,1.0987,134.5469,134.5469,134.5469,134.5469,134.5469,134.5469
2020-01-21 20:30:00,2.0282,23.8266,11.0419,1.0611,357.967,273.1119,44.046,1229.3358,630.7962,4288.7304,1.0611,133.2436,133.2436,133.2436,133.2436,133.2436,133.2436
2020-01-21 21:00:00,1.9178,22.7132,10.6549,1.046,351.6178,266.0915,43.0341,1221.3267,618.5681,4262.7988,1.046,140.3854,140.3854,140.3854,140.3854,140.3854,140.3854
2020-01-21 21:30:00,1.8203,21.6122,10.313,0.9686,347.0601,261.4683,42.1383,1224.7931,609.7578,4235.5706,0.9686,134.8498,134.8498,134.8498,134.8498,134.8498,134.8498
2020-01-21 22:00:00,1.77,20.7472,9.68,0.8974,337.6838,255.1177,40.5041,1206.0139,602.0354,4192.1153,0.8974,128.011,128.011,128.011,128.011,128.011,128.011
2020-01-21 22:30:00,1.7084,20.2035,9.2265,0.8472,333.4357,250.3918,39.33,1197.9232,597.2581,4233.4196,0.8472,132.8169,132.8169,132.8169,132.8169,132.8169,132.8169
2020-01-21 23:00:00,1.6665,19.5551,8.8281,0.7865,329.1563,245.3133,38.2853,1179.6359,591.0122,4215.4222,0.7865,132.9912,132.9912,132.9912,132.9912,132.9912,132.9912
2020-01-21 23:30:00,1.6521,18.9639,8.8004,0.7236,326.8102,239.8684,37.6204,1169.3168,584.8776,4211.4498,0.7236,133.0103,133.0103,133.0103,133.0103,133.0103,133.0103
2020-01-22 00:00:00,1.6096,18.3678,8.9131,0.7071,319.1845,235.988,36.6174,1171.6854,593.3342,4189.4827,0.7071,139.7592,139.7592,139.7592,139.7592,139.7592,139.7592
2020-01-22 00:30:00,1.5929,18.3482,8.5796,0.6714,314.1982,234.1095,35.895,1168.9337,589.4426,4163.9499,0.6714,154.8736,154.8736,154.8736,154.8736,154.8736,154.8736
2020-01-22 01:00:00,1.5758,18.1399,8.4766,0.6457,313.8009,231.2493,35.3937,1166.729,586.4935,4090.3334,0.6457,138.0737,138.0737,138.0737,138.0737,138.0737,138.0737
2020-01-22 01:30:00,1.572,17.9835,8.4388,0.624,314.2205,228.8112,35.2115,1160.0119,582.4019,4069.1829,0.624,146.8016,146.8016,146.8016,146.8016,146.8016,146.8016
2020-01-22 02:00:00,1.5608,18.0587,8.4359,0.6246,311.9659,227.454,35.0662,1151.8247,578.3456,4040.7395,0.6246,137.1385,137.1385,137.1385,137.1385,137.1385,137.1385
2020-01-22 02:30:00,1.562,17.9324,8.7802,0.6024,312.0049,226.8579,35.0728,1152.9719,576.6963,4030.8619,0.6024,132.1024,132.1024,132.1024,132.1024,132.1024,132.1024
2020-01-22 03:00:00,1.5562,17.9606,9.0959,0.5945,313.3847,228.4502,35.0609,1147.8811,582.0449,4046.4935,0.5945,143.278,143.278,143.278,143.278,143.278,143.278
2020-01-22 03:30:00,1.5651,18.2611,9.146,0.6026,314.3167,230.5422,35.286,1148.0407,585.5895,4042.4848,0.6026,143.0644,143.0644,143.0644,143.0644,143.0644,143.0644
2020-01-22 04:00:00,1.5943,19.1599,9.3997,0.5954,318.1261,238.8433,36.4946,1159.5739,602.3637,4093.6633,0.5954,152.2532,152.2532,152.2532,152.2532,152.2532,152.2532
2020-01-22 04:30:00,1.6432,19.8651,9.8675,0.6067,325.2337,245.5633,37.3515,1172.3839,614.7551,4096.7604,0.6067,140.2644,140.2644,140.2644,140.2644,140.2644,140.2644
2020-01-22 05:00:00,1.7361,21.9306,10.5006,0.6395,337.3914,257.9237,39.0389,1207.5474,634.4874,4137.3136,0.6395,145.4992,145.4992,145.4992,145.4992,145.4992,145.4992
2020-01-22 05:30:00,1.8316,23.8624,11.096,0.679,350.4617,268.5737,40.7684,1236.9128,656.9039,4191.5411,0.679,147.5221,147.5221,147.5221,147.5221,147.5221,147.5221
2020-01-22 06:00:00,2.0761,27.3382,12.8562,0.7383,364.9315,286.4402,43.2656,1281.3179,696.6104,4258.6111,0.7383,148.4339,148.4339,148.4339,148.4339,148.4339,148.4339
2020-01-22 06:30:00,2.1966,29.6006,13.9054,0.7953,376.2689,298.5841,44.8124,1309.7644,726.4702,4304.9919,0.7953,153.7448,153.7448,153.7448,153.7448,153.7448,153.7448
2020-01-22 07:00:00,2.3725,31.7976,15.4812,0.8551,386.7141,310.5105,46.0153,1321.854,753.6884,4327.133,0.8551,143.4524,143.4524,143.4524,143.4524,143.4524,143.4524
2020-01-22 07:30:00,2.5498,33.4811,16.6909,0.8382,392.3626,315.6611,46.1911,1329.7321,767.9972,4291.8243,0.8382,127.7525,127.7525,127.7525,127.7525,127.7525,127.7525
2020-01-22 08:00:00,2.7828,35.0135,15.826,0.7827,397.7425,322.433,46.7428,1336.084,783.0299,4273.989,0.7827,125.1372,125.1372,125.1372,125.1372,125.1372,125.1372
2020-01-22 08:30:00,2.8625,36.1984,14.3183,0.7364,396.8626,325.1747,47.5096,1341.5586,786.3227,4254.4403,0.7364,131.6805,131.6805,131.6805,131.6805,131.6805,131.6805
2020-01-22 09:00:00,2.9685,36.032,12.3151,0.703,392.8698,325.9943,47.66,1346.2418,791.5075,4264.7293,0.703,123.6769,123.6769,123.6769,123.6769,123.6769,123.6769
2020-01-22 09:30:00,3.0296,36.534,11.2454,0.6785,389.8809,328.0472,48.0512,1346.9185,800.7558,4263.1802,0.6785,131.6203,131.6203,131.6203,131.6203,131.6203,131.6203
2020-01-22 10:00:00,3.124,37.0331,9.7908,0.6611,384.2267,329.9423,48.1089,1347.104,802.1851,4237.0331,0.6611,130.6116,130.6116,130.6116,130.6116,130.6116,130.6116
2020-01-22 10:30:00,3.1719,37.3454,9.0162,0.6446,378.4594,328.188,48.2746,1340.3046,798.2228,4241.6278,0.6446,134.718,134.718,134.718,134.718,134.718,134.718
2020-01-22 11:00:00,3.1104,37.3316,9.1007,0.6369,373.5324,328.4885,48.4182,1332.1677,805.673,4231.5045,0.6369,133.8522,133.8522,133.8522,133.8522,133.8522,133.8522
2020-01-22 11:30:00,3.1223,37.0943,8.4858,0.6218,366.7498,327.0956,48.1207,1325.7876,805.3773,4221.0286,0.6218,128.3114,128.3114,128.3114,128.3114,128.3114,128.3114
2020-01-22 12:00:00,3.1065,37.0865,7.8052,0.6213,363.121,326.0052,47.8892,1321.4541,803.8901,4215.2099,0.6213,137.3186,137.3186,137.3186,137.3186,137.3186,137.3186
2020-01-22 12:30:00,3.0685,37.3658,7.3892,0.6102,368.1384,327.29,48.1565,1327.244,807.8512,4206.3905,0.6102,129.4148,129.4148,129.4148,129.4148,129.4148,129.4148
2020-01-22 13:00:00,3.0593,37.7718,7.653,0.5991,372.2478,330.3615,48.3034,1322.3839,812.8117,4188.8405,0.5991,137.87,137.87,137.87,137.87,137.87,137.87
2020-01-22 13:30:00,3.0903,37.5158,7.3438,0.6008,374.2197,330.3061,48.3557,1313.2917,812.5491,4162.712,0.6008,132.9125,132.9125,132.9125,132.9125,132.9125,132.9125
2020-01-22 14:00:00,3.025,37.0993,7.0674,0.586,370.9797,327.7056,48.1349,1311.7522,808.1057,4216.648,0.586,141.413,141.413,141.413,141.413,141.413,141.413
2020-01-22 14:30:00,2.8798,36.2222,6.4766,0.5952,369.4095,326.9442,48.1753,1314.9562,792.4184,4217.3183,0.5952,138.8023,138.8023,138.8023,138.8023,138.8023,138.8023
2020-01-22 15:00:00,2.8456,35.0978,7.1017,0.6054,371.1115,325.5354,47.7943,1316.111,784.8982,4243.584,0.6054,136.0961,136.0961,136.0961,136.0961,136.0961,136.0961
2020-01-22 15:30:00,2.7826,34.3164,8.1248,0.6377,371.836,326.5043,47.5208,1324.1801,784.2198,4228.3262,0.6377,92.0603,92.0603,92.0603,92.0603,92.0603,92.0603
2020-01-22 16:00:00,2.7272,33.2337,9.3381,0.6745,378.0739,326.816,47.6855,1333.2222,781.8871,4252.7978,0.6745,86.8636,86.8636,86.8636,86.8636,86.8636,86.8636
2020-01-22 16:30:00,2.6796,31.7924,10.7945,0.7462,382.9115,326.3984,47.7,1332.8785,772.0215,4234.1614,0.7462,93.0053,93.0053,93.0053,93.0053,93.0053,93.0053
2020-01-22 17:00:00,2.5916,30.9771,12.0309,0.8519,384.6571,321.3099,47.9741,1326.1175,759.9786,4246.4591,0.8519,107.9357,107.9357,107.9357,107.9357,107.9357,107.9357
2020-01-22 17:30:00,2.5792,30.0007,12.7142,0.9762,387.7248,318.3948,48.3072,1314.9528,736.4638,4257.4621,0.9762,120.9421,120.9421,120.9421,120.9421,120.9421,120.9421
2020-01-22 18:00:00,2.4616,28.0838,12.3843,1.0313,382.6667,304.0419,46.9125,1300.548,681.8524,4278.4855,1.0313,130.8667,130.8667,130.8667,130.8667,130.8667,130.8667
2020-01-22 18:30:00,2.3759,27.0098,11.6669,1.0469,377.9116,297.8629,46.3352,1293.2831,670.1576,4292.6033,1.0469,119.1412,119.1412,119.1412,119.1412,119.1412,119.1412
2020-01-22 19:00:00,2.2806,26.0767,11.5215,1.05,369.2167,290.9903,45.7948,1278.2606,659.4182,4302.3221,1.05,116.0208,116.0208,116.0208,116.0208,116.0208,116.0208
2020-01-22 19:30:00,2.1917,25.3987,11.4139,1.0623,365.0035,286.1685,45.1625,1264.0121,649.9362,4290.513,1.0623,118.2351,118.2351,118.2351,118.2351,118.2351,118.2351
2020-01-22 20:00:00,2.1254,24.4484,10.8567,1.0492,360.6923,280.2296,44.1927,1245.7148,640.626,4268.5646,1.0492,127.8138,127.8138,127.8138,127.8138,127.8138,127.8138
2020-01-22 20:30:00,2.0225,23.6667,10.5069,1.011,357.0763,274.5184,43.6921,1233.4229,634.0102,4265.2419,1.011,124.5703,124.5703,124.5703,124.5703,124.5703,124.5703
2020-01-22 21:00:00,1.9074,22.4348,10.0356,0.9743,348.3792,265.7426,42.7548,1224.0272,623.5316,4296.1298,0.9743,114.4074,114.4074,114.4074,114.4074,114.4074,114.4074
2020-01-22 21:30:00,1.8317,21.5015,9.7077,0.9162,342.4794,260.1179,42.0171,1224.8709,612.3166,4286.077,0.9162,119.46,119.46,119.46,119.46,119.46,119.46
2020-01-22 22:00:00,1.7666,20.482,8.842,0.8479,333.5701,252.7904,40.4066,1210.9641,605.4188,4243.3836,0.8479,112.1963,112.1963,112.1963,112.1963,112.1963,112.1963
2020-01-22 22:30:00,1.7154,19.7004,8.5275,0.8013,327.8155,248.1888,39.2506,1200.4102,603.7348,4227.2158,0.8013,109.7292,109.7292,109.7292,109.7292,109.7292,109.7292
2020-01-22 23:00:00,1.6556,19.2183,8.3227,0.7448,322.6169,244.7122,38.1929,1182.2252,592.3323,4219.9221,0.7448,117.63,117.63,117.63,117.63,117.63,117.63
2020-01-22 23:30:00,1.6313,18.7012,8.2664,0.704,320.7776,240.7074,37.4052,1178.2445,585.3272,4209.2534,0.704,107.1119,107.1119,107.1119,107.1119,107.1119,107.1119
2020-01-23 00:00:00,1.5923,18.0967,8.091,0.6905,320.4716,236.797,36.7158,1146.2128,569.4668,4109.61,0.6905,126.7727,126.7727,126.7727,126.7727,126.7727,126.7727
2020-01-23 00:30:00,1.5853,17.9354,7.9025,0.6563,314.3778,235.1626,36.2428,1135.3849,562.0652,4078.0363,0.6563,116.0987,116.0987,116.0987,116.0987,116.0987,116.0987
2020-01-23 01:00:00,1.5656,17.687,8.013,0.6266,313.177,232.9753,35.9125,1132.8739,559.4568,4043.7811,0.6266,118.5955,118.5955,118.5955,118.5955,118.5955,118.5955
2020-01-23 01:30:00,1.5602,17.4734,8.078,0.6102,310.2358,230.1644,35.5783,1129.0239,555.8049,3981.1287,0.6102,109.4005,109.4005,109.4005,109.4005,109.4005,109.4005
2020-01-23 02:00:00,1.5679,17.554,8.1137,0.6012,306.5628,228.9966,35.3065,1119.1755,553.3322,3975.1921,0.6012,101.9106,101.9106,101.9106,101.9106,101.9106,101.9106
2020-01-23 02:30:00,1.5527,17.4412,8.104,0.5962,305.6515,228.2479,35.2585,1116.0447,556.7319,3950.7661,0.5962,113.7096,113.7096,113.7096,113.7096,113.7096,113.7096
2020-01-23 03:00:00,1.557,17.7761,8.5734,0.5994,304.9282,229.4593,35.4802,1120.0201,556.7671,3914.5413,0.5994,102.8694,102.8694,102.8694,102.8694,102.8694,102.8694
2020-01-23 03:30:00,1.5608,18.1161,8.7302,0.6036,306.0169,232.1543,35.7624,1122.0417,563.6983,3901.6482,0.6036,110.8933,110.8933,110.8933,110.8933,110.8933,110.8933
2020-01-23 04:00:00,1.6037,19.186,8.9383,0.6122,312.4628,239.1079,36.8133,1132.0774,574.1111,3929.8113,0.6122,105.9581,105.9581,105.9581,105.9581,105.9581,105.9581
2020-01-23 04:30:00,1.653,19.9879,9.2692,0.6262,316.5321,246.2544,37.7794,1149.4465,587.7037,3957.74,0.6262,115.0375,115.0375,115.0375,115.0375,115.0375,115.0375
2020-01-23 05:00:00,1.7549,21.9474,10.117,0.6598,333.0671,257.5456,39.4618,1174.7237,612.5594,4011.9119,0.6598,103.1222,103.1222,103.1222,103.1222,103.1222,103.1222
2020-01-23 05:30:00,1.8379,23.9856,11.0308,0.713,348.104,268.5389,41.1594,1205.5595,636.7287,4082.3948,0.713,109.9515,109.9515,109.9515,109.9515,109.9515,109.9515
2020-01-23 06:00:00,2.0973,27.2493,13.0465,0.7669,364.3927,286.8786,43.4051,1237.9633,685.2565,4128.0435,0.7669,108.8499,108.8499,108.8499,108.8499,108.8499,108.8499
2020-01-23 06:30:00,2.2642,29.7146,14.1814,0.8318,375.4295,298.5306,44.9387,1260.8883,714.7129,4121.152,0.8318,104.0327,104.0327,104.0327,104.0327,104.0327,104.0327
2020-01-23 07:00:00,2.4244,32.0727,16.1574,0.883,385.6778,311.5767,46.0718,1288.1339,739.6139,4171.6803,0.883,96.436,96.436,96.436,96.436,96.436,96.436
2020-01-23 07:30:00,2.5584,33.9896,17.2295,0.8528,394.416,319.7104,46.2862,1302.0176,756.3499,4194.9103,0.8528,99.4061,99.4061,99.4061,99.4061,99.4061,99.4061
2020-01-23 08:00:00,2.8157,35.8134,16.7069,0.7956,396.2961,326.1126,47.3234,1312.3131,771.2295,4193.4173,0.7956,100.6911,100.6911,100.6911,100.6911,100.6911,100.6911
2020-01-23 08:30:00,2.9161,36.8091,15.59,0.7712,390.2489,329.0958,48.033,1323.4081,784.6489,4143.8041,0.7712,96.6071,96.6071,96.6071,96.6071,96.6071,96.6071
2020-01-23 09:00:00,3.1131,37.1689,13.5081,0.7275,386.1534,331.6457,48.2505,1335.7358,794.6349,4086.0746,0.7275,83.1534,83.1534,83.1534,83.1534,83.1534,83.1534
2020-01-23 09:30:00,3.1659,37.8594,12.3051,0.6996,382.1569,331.2477,48.4906,1330.379,797.0946,4100.2415,0.6996,94.0758,94.0758,94.0758,94.0758,94.0758,94.0758
2020-01-23 10:00:00,3.2001,38.4092,11.2755,0.6903,385.0731,334.5374,48.3788,1330.6199,795.6326,4084.4183,0.6903,91.8323,91.8323,91.8323,91.8323,91.8323,91.8323
2020-01-23 10:30:00,3.2525,38.5553,10.1566,0.6559,387.0256,332.6014,48.3627,1326.6354,799.3024,4113.6024,0.6559,98.8359,98.8359,98.8359,98.8359,98.8359,98.8359
2020-01-23 11:00:00,3.1328,38.2708,9.0294,0.6502,371.9408,328.154,48.2526,1318.0569,807.2486,4087.617,0.6502,89.2049,89.2049,89.2049,89.2049,89.2049,89.2049
2020-01-23 11:30:00,3.1713,38.2217,8.7115,0.6267,370.085,329.4721,48.2776,1306.007,815.212,4116.9784,0.6267,100.9246,100.9246,100.9246,100.9246,100.9246,100.9246
2020-01-23 12:00:00,3.0958,38.2913,8.8615,0.6199,368.8365,329.6762,48.2436,1302.7136,811.3417,4124.484,0.6199,109.6856,109.6856,109.6856,109.6856,109.6856,109.6856
2020-01-23 12:30:00,3.1136,37.9798,8.838,0.6157,366.4137,332.1486,48.4729,1317.3383,812.6121,4113.0416,0.6157,97.0863,97.0863,97.0863,97.0863,97.0863,97.0863
2020-01-23 13:00:00,3.0518,37.7287,9.7011,0.6223,370.8617,333.4139,48.6195,1329.4833,810.3769,4066.2241,0.6223,114.942,114.942,114.942,114.942,114.942,114.942
2020-01-23 13:30:00,3.0447,37.2806,9.9391,0.6256,376.4716,333.1728,48.8412,1323.2036,808.53,4053.9598,0.6256,104.7679,104.7679,104.7679,104.7679,104.7679,104.7679
2020-01-23 14:00:00,3.0278,36.6455,10.1833,0.6357,378.9039,332.0159,48.5359,1317.9835,800.1327,4047.9374,0.6357,110.8534,110.8534,110.8534,110.8534,110.8534,110.8534
2020-01-23 14:30:00,2.9231,35.5065,9.897,0.6637,378.1011,331.6831,48.0324,1315.386,790.1844,4041.3135,0.6637,117.5677,117.5677,117.5677,117.5677,117.5677,117.5677
2020-01-23 15:00:00,2.8943,34.869,9.8685,0.6804,376.4457,329.356,47.4136,1303.2516,783.6075,4010.7597,0.6804,104.3702,104.3702,104.3702,104.3702,104.3702,104.3702
2020-01-23 15:30:00,2.819,34.0919,10.228,0.6981,376.032,325.9586,47.2641,1301.7153,778.5418,4043.9995,0.6981,110.442,110.442,110.442,110.442,110.442,110.442
2020-01-23 16:00:00,2.7465,32.8488,10.7736,0.7602,379.5919,324.2336,47.4441,1297.45,775.4716,4115.5338,0.7602,98.7631,98.7631,98.7631,98.7631,98.7631,98.7631
2020-01-23 16:30:00,2.6702,32.0062,11.2868,0.817,383.2261,322.9945,47.3828,1295.0076,768.5059,4156.186,0.817,101.3958,101.3958,101.3958,101.3958,101.3958,101.3958
2020-01-23 17:00:00,2.622,31.6445,12.3751,0.9234,388.9197,320.3609,47.8686,1300.8037,759.4182,4179.6265,0.9234,117.7244,117.7244,117.7244,117.7244,117.7244,117.7244
2020-01-23 17:30:00,2.59,30.7705,13.0089,1.0146,390.15,315.6957,48.2473,1298.6908,736.5758,4138.0684,1.0146,120.3358,120.3358,120.3358,120.3358,120.3358,120.3358
2020-01-23 18:00:00,2.4732,28.7624,12.7378,1.064,386.5155,301.8531,46.9581,1289.8226,681.2656,4127.861,1.064,126.5636,126.5636,126.5636,126.5636,126.5636,126.5636
2020-01-23 18:30:00,2.3573,27.6974,12.2593,1.0869,381.1086,296.0728,46.4447,1280.6141,667.9888,4128.1004,1.0869,129.395,129.395,129.395,129.395,129.395,129.395
2020-01-23 19:00:00,2.2574,26.5966,11.8358,1.0764,372.3895,290.8411,45.99,1272.5539,654.924,4129.0234,1.0764,126.2278,126.2278,126.2278,126.2278,126.2278,126.2278
2020-01-23 19:30:00,2.1902,25.8178,11.6883,1.0668,369.6635,286.8263,45.5843,1255.4885,647.6638,4146.9977,1.0668,115.7376,115.7376,115.7376,115.7376,115.7376,115.7376
2020-01-23 20:00:00,2.0918,24.7321,11.1423,1.0469,363.8179,280.1597,44.5614,1239.2296,637.0367,4183.2085,1.0469,112.5613,112.5613,112.5613,112.5613,112.5613,112.5613
2020-01-23 20:30:00,2.0135,23.99,10.7132,1.0206,364.9713,274.9948,43.9003,1230.6198,631.2711,4225.9948,1.0206,112.5697,112.5697,112.5697,112.5697,112.5697,112.5697
2020-01-23 21:00:00,1.9234,23.0208,10.2837,0.9923,350.2542,266.8593,42.7237,1215.7971,615.0143,4212.9931,0.9923,111.5141,111.5141,111.5141,111.5141,111.5141,111.5141
2020-01-23 21:30:00,1.8472,21.8336,10.0452,0.9423,347.0245,261.8159,41.9105,1221.7506,608.4631,4174.9475,0.9423,126.3638,126.3638,126.3638,126.3638,126.3638,126.3638
2020-01-23 22:00:00,1.7468,20.8648,9.3044,0.891,340.0143,255.3454,40.3824,1206.8744,605.3697,4168.0231,0.891,113.8821,113.8821,113.8821,113.8821,113.8821,113.8821
2020-01-23 22:30:00,1.7023,20.0591,8.9147,0.819,334.3654,250.5618,39.084,1200.3465,601.4932,4160.2169,0.819,126.8092,126.8092,126.8092,126.8092,126.8092,126.8092
2020-01-23 23:00:00,1.6686,19.402,8.5997,0.7656,329.9833,245.7308,37.9881,1185.1838,593.8173,4145.5067,0.7656,108.111,108.111,108.111,108.111,108.111,108.111
2020-01-23 23:30:00,1.6447,18.8119,8.4491,0.7264,328.1865,241.4518,37.2825,1166.5576,587.9172,4129.3364,0.7264,108.9187,108.9187,108.9187,108.9187,108.9187,108.9187
2020-01-24 00:00:00,1.6153,18.3388,8.5898,0.7004,327.2324,237.1145,36.3675,1157.8854,582.54,4062.5015,0.7004,112.5255,112.5255,112.5255,112.5255,112.5255,112.5255
2020-01-24 00:30:00,1.6016,18.1336,8.5268,0.6531,324.753,234.1523,35.7834,1145.9095,577.6107,4070.0096,0.6531,107.4301,107.4301,107.4301,107.4301,107.4301,107.4301
2020-01-24 01:00:00,1.5854,17.85,8.3347,0.6389,323.066,231.9108,35.5265,1139.8893,572.1853,4043.0426,0.6389,110.5527,110.5527,110.5527,110.5527,110.5527,110.5527
2020-01-24 01:30:00,1.5709,17.739,8.2483,0.6187,319.0401,229.6572,35.2782,1138.4847,570.2365,4025.0789,0.6187,93.4094,93.4094,93.4094,93.4094,93.4094,93.4094
2020-01-24 02:00:00,1.5642,17.7098,8.2354,0.6112,322.3981,228.424,34.9798,1126.8754,560.8816,4032.5535,0.6112,105.3671,105.3671,105.3671,105.3671,105.3671,105.3671
2020-01-24 02:30:00,1.5632,17.5176,8.2398,0.6074,316.2097,227.5717,34.945,1127.3802,559.4281,3981.0366,0.6074,87.4842,87.4842,87.4842,87.4842,87.4842,87.4842
2020-01-24 03:00:00,1.5705,17.6712,8.5823,0.6077,325.8905,228.8946,35.033,1125.8481,560.0905,3963.3173,0.6077,97.2052,97.2052,97.2052,97.2052,97.2052,97.2052
2020-01-24 03:30:00,1.5743,18.0935,8.7475,0.5959,329.01,231.1815,35.3926,1125.4177,569.3125,3951.529,0.5959,96.7886,96.7886,96.7886,96.7886,96.7886,96.7886
2020-01-24 04:00:00,1.6112,19.0758,9.0047,0.597,332.7646,237.488,36.8472,1133.9293,583.1741,3960.891,0.597,90.6917,90.6917,90.6917,90.6917,90.6917,90.6917
2020-01-24 04:30:00,1.6466,19.8598,9.4411,0.6094,338.9437,244.3901,37.7368,1150.4781,596.0373,4004.7283,0.6094,97.3245,97.3245,97.3245,97.3245,97.3245,97.3245
2020-01-24 05:00:00,1.7574,21.8766,10.0639,0.6523,349.6289,255.5873,39.5143,1178.2778,620.186,4025.5014,0.6523,93.6877,93.6877,93.6877,93.6877,93.6877,93.6877
2020-01-24 05:30:00,1.8626,23.8333,10.994,0.6939,357.2601,266.7407,40.7521,1198.0348,641.8232,4054.2656,0.6939,113.1982,113.1982,113.1982,113.1982,113.1982,113.1982
2020-01-24 06:00:00,2.0678,26.9947,12.6078,0.7511,362.6357,284.0199,42.8648,1237.8722,684.2959,4064.195,0.7511,107.6728,107.6728,107.6728,107.6728,107.6728,107.6728
2020-01-24 06:30:00,2.1813,29.53,13.7779,0.8127,385.224,295.7745,44.2776,1265.6407,712.9656,4133.7084,0.8127,103.2281,103.2281,103.2281,103.2281,103.2281,103.2281
2020-01-24 07:00:00,2.3589,32.0251,15.5962,0.8607,394.1406,306.678,45.4291,1289.1426,734.8216,4186.6487,0.8607,90.5349,90.5349,90.5349,90.5349,90.5349,90.5349
2020-01-24 07:30:00,2.525,34.2624,16.725,0.8226,399.6552,313.1067,45.5157,1293.9577,755.8904,4132.2318,0.8226,82.4489,82.4489,82.4489,82.4489,82.4489,82.4489
2020-01-24 08:00:00,2.7301,35.7305,16.2687,0.7852,401.553,317.6728,46.6129,1305.9392,767.4872,4084.8009,0.7852,83.4887,83.4887,83.4887,83.4887,83.4887,83.4887
2020-01-24 08:30:00,2.8168,36.4484,14.5229,0.7373,391.9471,320.0434,47.1184,1298.7729,773.8513,4009.6263,0.7373,86.3079,86.3079,86.3079,86.3079,86.3079,86.3079
2020-01-24 09:00:00,2.965,36.6175,12.1731,0.7093,378.3882,321.0554,47.2852,1300.2914,783.1816,3972.0738,0.7093,86.3777,86.3777,86.3777,86.3777,86.3777,86.3777
2020-01-24 09:30:00,2.9768,36.8914,10.4209,0.692,378.7647,321.9117,47.7625,1294.9799,786.7277,3948.7634,0.692,78.5047,78.5047,78.5047,78.5047,78.5047,78.5047
2020-01-24 10:00:00,3.0293,37.8769,9.3133,0.6786,381.1382,325.0606,48.2357,1295.0094,785.1916,3956.6551,0.6786,84.4682,84.4682,84.4682,84.4682,84.4682,84.4682
2020-01-24 10:30:00,3.0118,38.2171,8.5785,0.6458,378.7719,324.8035,48.466,1304.0642,787.2967,3993.049,0.6458,98.2095,98.2095,98.2095,98.2095,98.2095,98.2095
2020-01-24 11:00:00,3.0275,38.2305,8.0108,0.63,380.2903,326.4651,48.4731,1305.3906,796.9653,4032.1323,0.63,97.6835,97.6835,97.6835,97.6835,97.6835,97.6835
2020-01-24 11:30:00,2.9943,38.0923,7.4101,0.6108,386.8262,326.7284,48.3587,1303.826,802.2263,4061.0426,0.6108,122.3984,122.3984,122.3984,122.3984,122.3984,122.3984
2020-01-24 12:00:00,2.9372,38.161,6.9107,0.6087,383.6566,325.9797,48.5207,1304.0606,800.4198,4074.9947,0.6087,119.4461,119.4461,119.4461,119.4461,119.4461,119.4461
2020-01-24 12:30:00,2.909,38.1465,6.5707,0.6002,371.667,328.0601,48.4688,1304.5996,807.4762,4083.7725,0.6002,124.3396,124.3396,124.3396,124.3396,124.3396,124.3396
2020-01-24 13:00:00,2.9339,38.0385,6.5712,0.586,371.897,330.3203,48.719,1306.0867,812.5485,4069.0257,0.586,129.4692,129.4692,129.4692,129.4692,129.4692,129.4692
2020-01-24 13:30:00,2.9562,37.6356,6.9809,0.5834,373.8455,331.0462,48.8304,1299.9663,816.7965,4053.7478,0.5834,117.4915,117.4915,117.4915,117.4915,117.4915,117.4915
2020-01-24 14:00:00,2.9105,37.4813,7.1935,0.5819,368.7567,331.6756,48.5289,1304.5206,816.3187,4058.4186,0.5819,119.5163,119.5163,119.5163,119.5163,119.5163,119.5163
2020-01-24 14:30:00,2.7874,36.0612,7.6304,0.5895,363.3363,332.4808,48.5451,1307.2153,796.6563,4049.2972,0.5895,116.8459,116.8459,116.8459,116.8459,116.8459,116.8459
2020-01-24 15:00:00,2.7587,34.6956,8.0268,0.5951,367.3632,330.589,48.012,1295.7812,791.4508,4076.3129,0.5951,107.0892,107.0892,107.0892,107.0892,107.0892,107.0892
2020-01-24 15:30:00,2.6861,33.4961,8.7696,0.6455,365.7113,326.8546,47.7256,1288.026,787.5452,4034.496,0.6455,113.1977,113.1977,113.1977,113.1977,113.1977,113.1977
2020-01-24 16:00:00,2.6099,32.1231,9.4262,0.6893,370.8329,325.111,47.7338,1287.1833,775.1912,4084.3838,0.6893,114.2627,114.2627,114.2627,114.2627,114.2627,114.2627
2020-01-24 16:30:00,2.5438,31.219,10.3319,0.7577,374.3483,323.1014,47.4959,1289.4502,763.3096,4090.1881,0.7577,132.9401,132.9401,132.9401,132.9401,132.9401,132.9401
2020-01-24 17:00:00,2.5019,29.9762,11.4448,0.8614,378.0283,320.0823,48.0021,1288.5355,751.7105,4096.3496,0.8614,126.3443,126.3443,126.3443,126.3443,126.3443,126.3443
2020-01-24 17:30:00,2.479,29.0747,11.6848,0.9614,383.1976,313.7461,48.2313,1280.6571,725.9441,4117.6456,0.9614,130.9283,130.9283,130.9283,130.9283,130.9283,130.9283
2020-01-24 18:00:00,2.3986,27.3937,11.5105,0.997,375.3468,299.052,46.9476,1259.8721,663.9254,4101.1546,0.997,143.0987,143.0987,143.0987,143.0987,143.0987,143.0987
2020-01-24 18:30:00,2.3169,26.3056,11.3917,1.0173,371.4638,292.7619,46.512,1253.2064,647.8586,4097.279,1.0173,135.6283,135.6283,135.6283,135.6283,135.6283,135.6283
2020-01-24 19:00:00,2.2234,25.6308,11.0717,0.9846,365.0147,285.3771,45.8113,1236.2755,635.9132,4098.3807,0.9846,148.4472,148.4472,148.4472,148.4472,148.4472,148.4472
2020-01-24 19:30:00,2.1692,24.9495,10.5431,0.9772,359.2487,281.8607,45.1157,1219.8036,624.3043,4110.5379,0.9772,132.8553,132.8553,132.8553,132.8553,132.8553,132.8553
2020-01-24 20:00:00,2.1029,24.0325,10.4472,0.9594,354.0414,275.2463,44.157,1210.9158,615.9745,4078.5316,0.9594,123.7587,123.7587,123.7587,123.7587,123.7587,123.7587
2020-01-24 20:30:00,2.0217,23.4296,10.2764,0.953,350.1809,269.261,43.5665,1200.5386,612.8328,4054.8387,0.953,128.5818,128.5818,128.5818,128.5818,128.5818,128.5818
2020-01-24 21:00:00,1.9372,22.3067,9.8909,0.9434,343.216,261.3113,42.6664,1182.8998,598.5954,4038.0039,0.9434,132.5477,132.5477,132.5477,132.5477,132.5477,132.5477
2020-01-24 21:30:00,1.8468,21.4263,9.4987,0.894,338.3878,255.9122,41.8572,1179.997,589.0375,4019.0532,0.894,133.1266,133.1266,133.1266,133.1266,133.1266,133.1266
2020-01-24 22:00:00,1.7637,20.3189,9.278,0.8623,330.9014,248.8913,40.5675,1166.2882,586.8065,4006.5411,0.8623,137.0626,137.0626,137.0626,137.0626,137.0626,137.0626
2020-01-24 22:30:00,1.7001,19.6721,8.763,0.8,323.6043,244.6769,39.6183,1152.5489,587.12,4033.1471,0.8,139.3997,139.3997,139.3997,139.3997,139.3997,139.3997
2020-01-24 23:00:00,1.6666,19.0383,8.253,0.7447,319.7761,240.0817,38.3459,1144.3198,577.1466,4039.5318,0.7447,135.3039,135.3039,135.3039,135.3039,135.3039,135.3039
2020-01-24 23:30:00,1.6263,18.3515,8.021,0.6996,316.5549,236.2295,37.645,1130.4731,571.3934,4040.5814,0.6996,122.7269,122.7269,122.7269,122.7269,122.7269,122.7269
2020-01-25 00:00:00,1.5935,18.0424,7.9486,0.6716,309.4624,230.9762,36.4013,1122.2459,555.4766,4034.6384,0.6716,122.2928,122.2928,122.2928,122.2928,122.2928,122.2928
2020-01-25 00:30:00,1.5827,17.8883,7.6859,0.6432,308.0949,227.2489,35.8589,1110.6317,551.1207,4011.0491,0.6432,122.9118,122.9118,122.9118,122.9118,122.9118,122.9118
2020-01-25 01:00:00,1.5523,17.6264,7.6339,0.6197,306.9945,224.7085,35.301,1102.7383,548.5734,4054.5673,0.6197,132.0307,132.0307,132.0307,132.0307,132.0307,132.0307
2020-01-25 01:30:00,1.5386,17.5426,7.3324,0.6037,303.8272,220.8342,35.0602,1097.1832,545.6336,4042.5232,0.6037,121.1899,121.1899,121.1899,121.1899,121.1899,121.1899
2020-01-25 02:00:00,1.5325,17.3748,7.3193,0.5866,301.473,218.8336,34.74,1083.4657,540.7516,4022.8897,0.5866,124.1465,124.1465,124.1465,124.1465,124.1465,124.1465
2020-01-25 02:30:00,1.528,17.1095,7.3246,0.5761,300.1731,218.04,34.7231,1081.3961,536.0341,3983.2823,0.5761,128.3179,128.3179,128.3179,128.3179,128.3179,128.3179
2020-01-25 03:00:00,1.5271,17.0939,7.6613,0.5656,297.543,217.239,34.5078,1083.8004,537.0883,3962.7815,0.5656,124.247,124.247,124.247,124.247,124.247,124.247
2020-01-25 03:30:00,1.5202,17.1925,7.6522,0.5632,298.9957,217.9821,34.5042,1079.9592,533.1876,3920.2076,0.5632,130.9938,130.9938,130.9938,130.9938,130.9938,130.9938
2020-01-25 04:00:00,1.5323,17.4478,7.6884,0.578,299.983,219.9938,35.2263,1075.336,536.5031,3894.8957,0.578,126.5594,126.5594,126.5594,126.5594,126.5594,126.5594
2020-01-25 04:30:00,1.548,17.6812,7.9112,0.5738,304.3539,221.8927,35.8112,1077.12,537.6212,3897.8046,0.5738,137.0949,137.0949,137.0949,137.0949,137.0949,137.0949
2020-01-25 05:00:00,1.5952,18.2026,8.1658,0.5878,307.6587,225.1008,36.5556,1081.4522,543.602,3959.8893,0.5878,131.5795,131.5795,131.5795,131.5795,131.5795,131.5795
2020-01-25 05:30:00,1.6178,18.556,8.218,0.6046,307.4644,228.0859,37.4622,1088.1838,546.7173,3949.8736,0.6046,132.3813,132.3813,132.3813,132.3813,132.3813,132.3813
2020-01-25 06:00:00,1.6782,19.5803,8.4129,0.6205,314.7512,233.0743,38.861,1097.4597,557.3713,3954.2995,0.6205,142.4402,142.4402,142.4402,142.4402,142.4402,142.4402
2020-01-25 06:30:00,1.7247,20.0048,8.6243,0.6534,317.2548,235.5483,39.7571,1104.3582,556.5771,3984.0107,0.6534,133.9876,133.9876,133.9876,133.9876,133.9876,133.9876
2020-01-25 07:00:00,1.7508,20.394,8.6972,0.6952,318.8737,238.3246,39.9444,1100.0826,560.95,3934.3944,0.6952,133.3784,133.3784,133.3784,133.3784,133.3784,133.3784
2020-01-25 07:30:00,1.7478,20.733,7.6758,0.727,313.4399,236.4937,39.6894,1088.268,567.129,3889.7144,0.727,125.8975,125.8975,125.8975,125.8975,125.8975,125.8975
2020-01-25 08:00:00,1.8331,21.477,7.0546,0.756,297.0015,237.9878,40.1899,1083.0323,575.1695,3862.0416,0.756,118.3841,118.3841,118.3841,118.3841,118.3841,118.3841
2020-01-25 08:30:00,1.8883,21.591,6.2628,0.7615,282.9825,236.6244,40.4335,1073.951,576.8722,3834.5313,0.7615,120.3867,120.3867,120.3867,120.3867,120.3867,120.3867
2020-01-25 09:00:00,1.9832,21.9536,5.5207,0.7423,281.4487,237.0901,40.7796,1070.6874,587.1577,3833.8428,0.7423,115.7419,115.7419,115.7419,115.7419,115.7419,115.7419
2020-01-25 09:30:00,2.0147,22.3645,5.0127,0.7493,279.5415,235.877,41.4187,1060.7408,586.0183,3793.27,0.7493,113.3696,113.3696,113.3696,113.3696,113.3696,113.3696
2020-01-25 10:00:00,2.0972,23.101,4.3634,0.7596,278.4563,236.563,41.681,1056.9487,591.212,3791.3625,0.7596,130.5694,130.5694,130.5694,130.5694,130.5694,130.5694
2020-01-25 10:30:00,2.1245,23.43,3.9939,0.7323,276.8584,235.7422,41.6982,1047.281,592.4635,3801.1455,0.7323,116.4752,116.4752,116.4752,116.4752,116.4752,116.4752
2020-01-25 11:00:00,2.1515,23.4044,3.9176,0.7329,286.6842,236.9093,41.5509,1054.4099,595.0289,3834.7846,0.7329,124.8489,124.8489,124.8489,124.8489,124.8489,124.8489
2020-01-25 11:30:00,2.155,23.6713,3.8671,0.7226,295.2855,236.7712,41.7362,1056.081,597.8333,3833.0422,0.7226,111.1709,111.1709,111.1709,111.1709,111.1709,111.1709
2020-01-25 12:00:00,2.1547,23.4903,3.7182,0.726,299.9397,237.4577,41.6581,1066.2185,600.0174,3836.3388,0.726,110.8329,110.8329,110.8329,110.8329,110.8329,110.8329
2020-01-25 12:30:00,2.1608,23.3674,3.6742,0.7146,300.4737,237.4098,41.6895,1063.6207,600.1469,3846.959,0.7146,112.7634,112.7634,112.7634,112.7634,112.7634,112.7634
2020-01-25 13:00:00,2.1339,23.1852,3.5196,0.6938,302.7967,237.738,41.7515,1068.2514,591.966,3879.2686,0.6938,115.7062,115.7062,115.7062,115.7062,115.7062,115.7062
2020-01-25 13:30:00,2.1114,22.8899,3.5579,0.6865,308.8484,238.1972,41.9023,1066.0205,593.3151,3893.0959,0.6865,118.33,118.33,118.33,118.33,118.33,118.33
2020-01-25 14:00:00,2.0914,22.8524,3.6368,0.6823,313.1983,240.7812,41.9742,1072.6376,592.383,3888.8999,0.6823,110.8746,110.8746,110.8746,110.8746,110.8746,110.8746
2020-01-25 14:30:00,2.0747,22.9016,4.1383,0.6967,311.2978,243.5214,41.8405,1085.2346,587.8974,3920.1569,0.6967,113.2897,113.2897,113.2897,113.2897,113.2897,113.2897
2020-01-25 15:00:00,2.0555,22.5918,4.442,0.7016,298.2952,244.1395,41.4811,1088.7826,580.267,3933.8099,0.7016,104.8214,104.8214,104.8214,104.8214,104.8214,104.8214
2020-01-25 15:30:00,2.0381,22.4341,5.2925,0.7204,301.0296,245.5176,41.5556,1096.37,585.647,3885.0645,0.7204,120.6753,120.6753,120.6753,120.6753,120.6753,120.6753
2020-01-25 16:00:00,2.0191,22.0566,6.1806,0.7365,307.3233,245.7517,41.7468,1105.5709,584.7294,3942.3568,0.7365,120.0942,120.0942,120.0942,120.0942,120.0942,120.0942
2020-01-25 16:30:00,2.0302,22.1836,7.5022,0.8093,312.5006,248.5752,41.9308,1112.3089,584.2077,3989.0063,0.8093,111.1525,111.1525,111.1525,111.1525,111.1525,111.1525
2020-01-25 17:00:00,2.0591,22.3173,8.9129,0.8861,320.14,250.2926,42.628,1116.0055,583.1213,4000.918,0.8861,122.3827,122.3827,122.3827,122.3827,122.3827,122.3827
2020-01-25 17:30:00,2.1475,22.6039,9.8042,0.9684,326.2679,251.3496,43.5939,1120.661,582.8742,4027.578,0.9684,113.6022,113.6022,113.6022,113.6022,113.6022,113.6022
2020-01-25 18:00:00,2.1038,22.3423,10.0568,0.9744,323.6611,248.3964,43.2246,1113.3786,573.4357,4016.522,0.9744,111.087,111.087,111.087,111.087,111.087,111.087
2020-01-25 18:30:00,2.0754,22.0311,10.1181,0.9661,323.6696,246.2851,42.9325,1113.4885,569.409,4010.0856,0.9661,118.7034,118.7034,118.7034,118.7034,118.7034,118.7034
2020-01-25 19:00:00,2.0324,21.5491,10.1252,0.9528,321.5734,243.7125,42.4513,1114.2689,567.5192,3982.1675,0.9528,116.7716,116.7716,116.7716,116.7716,116.7716,116.7716
2020-01-25 19:30:00,2.0028,21.4503,10.5048,0.9301,320.5846,241.9738,42.0916,1110.2484,566.2232,3949.5014,0.9301,122.9685,122.9685,122.9685,122.9685,122.9685,122.9685
2020-01-25 20:00:00,1.9645,21.006,10.372,0.9239,318.5698,239.2815,41.4879,1108.417,557.348,3925.1656,0.9239,122.9122,122.9122,122.9122,122.9122,122.9122,122.9122
2020-01-25 20:30:00,1.92,20.5601,9.7704,0.8983,315.2078,236.4644,41.2038,1106.7412,554.7669,3931.8248,0.8983,109.5359,109.5359,109.5359,109.5359,109.5359,109.5359
2020-01-25 21:00:00,1.8543,19.9297,9.6602,0.8884,311.1536,232.5925,40.5454,1103.7147,550.5904,3954.0481,0.8884,120.2951,120.2951,120.2951,120.2951,120.2951,120.2951
2020-01-25 21:30:00,1.7911,19.3097,9.6067,0.857,309.1541,229.2175,39.8974,1095.2332,549.1628,3935.2162,0.857,111.4942,111.4942,111.4942,111.4942,111.4942,111.4942
2020-01-25 22:00:00,1.7281,18.5008,9.2361,0.8085,307.0106,225.0936,38.7635,1085.6831,549.4264,3931.0177,0.8085,122.1886,122.1886,122.1886,122.1886,122.1886,122.1886
2020-01-25 22:30:00,1.6812,17.9817,8.725,0.7528,303.5141,221.8573,37.9455,1075.0767,544.7831,3919.3342,0.7528,123.8478,123.8478,123.8478,123.8478,123.8478,123.8478
2020-01-25 23:00:00,1.6404,17.5533,8.5438,0.7152,302.3526,218.4204,36.9535,1066.5168,539.3748,3926.546,0.7152,128.8034,128.8034,128.8034,128.8034,128.8034,128.8034
2020-01-25 23:30:00,1.6182,17.1423,8.3716,0.6779,297.2648,215.276,36.5087,1061.0796,533.3561,3912.6737,0.6779,125.5956,125.5956,125.5956,125.5956,125.5956,125.5956
2020-01-26 00:00:00,1.587,16.9189,8.2049,0.6704,295.4927,211.8924,35.5846,1059.5782,533.6082,3977.1601,0.6704,123.0077,123.0077,123.0077,123.0077,123.0077,123.0077
2020-01-26 00:30:00,1.5735,16.8108,8.4132,0.6181,294.2017,210.6108,35.1547,1055.0206,531.3409,3972.1047,0.6181,125.6023,125.6023,125.6023,125.6023,125.6023,125.6023
2020-01-26 01:00:00,1.5471,16.4916,8.1623,0.591,293.1284,209.7693,34.7138,1051.9486,532.3186,3969.4787,0.591,129.6995,129.6995,129.6995,129.6995,129.6995,129.6995
2020-01-26 01:30:00,1.5335,16.2361,7.9875,0.5714,291.2935,208.7437,34.4318,1050.0906,527.9789,3965.4626,0.5714,128.5046,128.5046,128.5046,128.5046,128.5046,128.5046
2020-01-26 02:00:00,1.5175,16.2621,7.9476,0.554,292.2629,207.9377,34.2977,1042.1261,525.8903,3971.3521,0.554,121.5738,121.5738,121.5738,121.5738,121.5738,121.5738
2020-01-26 02:30:00,1.5091,16.0981,7.8751,0.5449,293.1996,207.5723,34.2299,1035.0287,519.0871,3949.6458,0.5449,123.7802,123.7802,123.7802,123.7802,123.7802,123.7802
2020-01-26 03:00:00,1.5225,16.1415,8.0741,0.5458,292.693,207.2188,34.1785,1036.0832,523.0329,3934.8317,0.5458,129.6025,129.6025,129.6025,129.6025,129.6025,129.6025
2020-01-26 03:30:00,1.5102,16.2052,8.0131,0.5405,291.6984,207.4151,34.1106,1034.2681,522.8773,3908.3711,0.5405,115.4079,115.4079,115.4079,115.4079,115.4079,115.4079
2020-01-26 04:00:00,1.5251,16.4853,8.1848,0.5521,294.2346,209.419,34.699,1034.2779,526.7148,3871.68,0.5521,122.377,122.377,122.377,122.377,122.377,122.377
2020-01-26 04:30:00,1.5283,16.6728,8.412,0.5464,295.11,209.9224,35.0359,1037.9996,523.1105,3871.7442,0.5464,122.5515,122.5515,122.5515,122.5515,122.5515,122.5515
2020-01-26 05:00:00,1.5543,16.9629,8.291,0.5499,297.7854,213.0009,35.9807,1038.815,526.0234,3835.2541,0.5499,115.4767,115.4767,115.4767,115.4767,115.4767,115.4767
2020-01-26 05:30:00,1.5739,17.1268,8.2,0.5631,299.3218,215.0798,36.576,1040.2455,529.6139,3795.5652,0.5631,120.2371,120.2371,120.2371,120.2371,120.2371,120.2371
2020-01-26 06:00:00,1.617,17.7817,8.2733,0.5805,304.4788,217.9036,37.9939,1047.0955,538.0815,3771.6652,0.5805,118.9451,118.9451,118.9451,118.9451,118.9451,118.9451
2020-01-26 06:30:00,1.6519,18.0094,8.4923,0.6067,306.2917,220.0439,38.5154,1049.367,542.6169,3796.4565,0.6067,123.9211,123.9211,123.9211,123.9211,123.9211,123.9211
2020-01-26 07:00:00,1.644,18.4247,8.5585,0.6497,307.6019,222.681,38.9636,1051.6588,542.7289,3833.1038,0.6497,112.1209,112.1209,112.1209,112.1209,112.1209,112.1209
2020-01-26 07:30:00,1.6214,18.2246,7.7415,0.6798,303.2557,219.9244,38.2894,1041.3695,539.5114,3814.0626,0.6798,106.9543,106.9543,106.9543,106.9543,106.9543,106.9543
2020-01-26 08:00:00,1.6461,18.424,6.7924,0.7156,297.9021,220.5541,38.824,1039.5889,538.6728,3790.7422,0.7156,94.5413,94.5413,94.5413,94.5413,94.5413,94.5413
2020-01-26 08:30:00,1.6805,18.4795,5.9325,0.7524,294.2329,219.6144,39.0115,1035.6439,541.6745,3797.1728,0.7524,87.3703,87.3703,87.3703,87.3703,87.3703,87.3703
2020-01-26 09:00:00,1.7431,18.9812,5.2322,0.7624,290.1044,218.313,39.6043,1032.1132,540.192,3834.8739,0.7624,137.8484,137.8484,137.8484,137.8484,137.8484,137.8484
2020-01-26 09:30:00,1.7986,19.3287,4.8624,0.7661,286.3646,218.3712,39.9858,1028.7714,538.3506,3836.0101,0.7661,131.4626,131.4626,131.4626,131.4626,131.4626,131.4626
2020-01-26 10:00:00,1.8442,19.6213,4.5231,0.7621,285.4866,218.2481,40.2622,1034.4714,540.275,3826.6321,0.7621,137.4554,137.4554,137.4554,137.4554,137.4554,137.4554
2020-01-26 10:30:00,1.8359,20.0095,4.4276,0.7641,284.2453,218.7915,40.6386,1032.0123,543.0373,3845.0737,0.7641,138.4538,138.4538,138.4538,138.4538,138.4538,138.4538
2020-01-26 11:00:00,1.8809,20.5727,4.1069,0.77,284.6566,221.1901,40.5315,1024.5336,540.6425,3815.1186,0.77,129.2703,129.2703,129.2703,129.2703,129.2703,129.2703
2020-01-26 11:30:00,1.8787,20.5031,4.059,0.753,281.8994,221.5457,40.8435,1029.2247,543.5275,3844.5705,0.753,162.363,162.363,162.363,162.363,162.363,162.363
2020-01-26 12:00:00,1.9034,20.5567,3.7876,0.7302,282.4534,219.3138,40.7437,1023.4865,541.1136,3843.3151,0.7302,157.2365,157.2365,157.2365,157.2365,157.2365,157.2365
2020-01-26 12:30:00,1.875,20.6854,3.5842,0.7217,283.6195,220.7584,40.7887,1029.6833,540.4349,3812.6481,0.7217,163.3508,163.3508,163.3508,163.3508,163.3508,163.3508
2020-01-26 13:00:00,1.8568,20.586,3.4231,0.73,286.6395,220.5208,40.8407,1030.4977,541.7991,3821.2751,0.73,175.5471,175.5471,175.5471,175.5471,175.5471,175.5471
2020-01-26 13:30:00,1.8538,20.8078,3.5667,0.696,282.8507,221.046,40.8794,1031.1961,543.2565,3835.2018,0.696,166.787,166.787,166.787,166.787,166.787,166.787
2020-01-26 14:00:00,1.8646,20.8269,3.7391,0.6956,282.0583,222.2878,40.792,1029.7623,541.0907,3827.0932,0.6956,117.3085,117.3085,117.3085,117.3085,117.3085,117.3085
2020-01-26 14:30:00,1.852,20.6534,3.8319,0.7015,282.1705,224.3665,40.7966,1032.6756,540.0149,3791.5289,0.7015,106.5854,106.5854,106.5854,106.5854,106.5854,106.5854
2020-01-26 15:00:00,1.8415,20.6495,3.9017,0.7278,284.3257,225.2634,40.7463,1041.7092,540.276,3838.3063,0.7278,111.2111,111.2111,111.2111,111.2111,111.2111,111.2111
2020-01-26 15:30:00,1.8496,20.5084,4.381,0.7355,288.0583,226.397,40.5099,1050.272,544.2338,3852.6883,0.7355,109.6009,109.6009,109.6009,109.6009,109.6009,109.6009
2020-01-26 16:00:00,1.8575,20.4207,5.3129,0.776,297.3625,229.7227,40.5652,1065.2584,547.0981,3903.284,0.776,114.392,114.392,114.392,114.392,114.392,114.392
2020-01-26 16:30:00,1.8777,20.682,6.5661,0.8238,306.9093,232.933,40.6466,1078.5813,546.8165,3948.3386,0.8238,113.4989,113.4989,113.4989,113.4989,113.4989,113.4989
2020-01-26 17:00:00,1.9125,21.0299,8.2081,0.9177,314.0495,236.0183,41.16,1086.435,545.0903,3960.1183,0.9177,106.2883,106.2883,106.2883,106.2883,106.2883,106.2883
2020-01-26 17:30:00,2.0208,21.2975,9.243,1.0177,320.8197,238.3,42.2633,1096.2123,543.6464,3999.7223,1.0177,117.9673,117.9673,117.9673,117.9673,117.9673,117.9673
2020-01-26 18:00:00,2.0052,21.1805,9.3754,1.0695,320.3951,236.4998,41.9373,1093.6705,536.4416,3975.8184,1.0695,114.2022,114.2022,114.2022,114.2022,114.2022,114.2022
2020-01-26 18:30:00,1.9893,20.8145,9.1508,1.1007,319.3944,233.1542,41.626,1094.6419,531.7399,3981.6389,1.1007,112.9884,112.9884,112.9884,112.9884,112.9884,112.9884
2020-01-26 19:00:00,1.9369,20.1151,9.1782,1.0603,315.8432,229.9495,41.251,1097.757,528.3135,3960.4532,1.0603,114.3444,114.3444,114.3444,114.3444,114.3444,114.3444
2020-01-26 19:30:00,1.9108,19.5593,9.2177,1.0535,315.2017,226.6905,40.6649,1088.4905,525.399,3983.9731,1.0535,118.5205,118.5205,118.5205,118.5205,118.5205,118.5205
2020-01-26 20:00:00,1.8659,19.0708,8.9772,1.0408,313.2302,223.5804,40.1509,1084.7827,525.8463,4005.2858,1.0408,116.4401,116.4401,116.4401,116.4401,116.4401,116.4401
2020-01-26 20:30:00,1.8143,18.5315,8.7078,1.01,310.994,221.2212,39.7767,1080.0961,524.0127,4022.7389,1.01,109.9631,109.9631,109.9631,109.9631,109.9631,109.9631
2020-01-26 21:00:00,1.7758,18.0969,8.6995,0.9771,308.726,218.9754,39.3016,1083.3095,520.7261,4016.4402,0.9771,110.7756,110.7756,110.7756,110.7756,110.7756,110.7756
2020-01-26 21:30:00,1.7087,17.6898,8.7488,0.9159,307.1658,218.0711,38.6714,1083.3004,521.7944,3989.9628,0.9159,115.3707,115.3707,115.3707,115.3707,115.3707,115.3707
2020-01-26 22:00:00,1.6546,17.1589,8.2285,0.8413,306.9516,215.2594,37.7452,1078.5109,520.93,3951.1264,0.8413,117.8849,117.8849,117.8849,117.8849,117.8849,117.8849
2020-01-26 22:30:00,1.6192,16.737,8.0352,0.7896,304.8018,213.2796,36.864,1077.0513,521.0179,3960.7475,0.7896,117.171,117.171,117.171,117.171,117.171,117.171
2020-01-26 23:00:00,1.5828,16.4462,7.8855,0.7375,304.9242,210.3487,36.2262,1075.0952,523.0754,3962.8049,0.7375,110.3525,110.3525,110.3525,110.3525,110.3525,110.3525
2020-01-26 23:30:00,1.5653,16.3399,8.0271,0.6992,302.5217,208.8338,35.5876,1071.3933,522.3362,3974.7387,0.6992,110.6271,110.6271,110.6271,110.6271,110.6271,110.6271
2020-01-27 00:00:00,1.5421,16.1804,7.9231,0.6723,299.7551,209.7439,34.8697,1066.0068,519.0664,3881.9755,0.6723,119.9657,119.9657,119.9657,119.9657,119.9657,119.9657
2020-01-27 00:30:00,1.5425,16.0928,7.928,0.6444,297.4277,209.2399,34.5791,1060.0108,520.3107,3879.7701,0.6444,109.4372,109.4372,109.4372,109.4372,109.4372,109.4372
2020-01-27 01:00:00,1.5158,16.1513,7.9752,0.6195,296.1997,209.7706,34.3821,1059.2852,520.1881,3865.6906,0.6195,119.4225,119.4225,119.4225,119.4225,119.4225,119.4225
2020-01-27 01:30:00,1.5195,16.1457,7.8916,0.6072,296.6058,209.5243,34.2437,1062.1975,519.0299,3841.1054,0.6072,107.3954,107.3954,107.3954,107.3954,107.3954,107.3954
2020-01-27 02:00:00,1.5144,16.4017,7.9482,0.5984,295.9968,211.6425,34.3808,1058.0223,520.1448,3842.0011,0.5984,113.8031,113.8031,113.8031,113.8031,113.8031,113.8031
2020-01-27 02:30:00,1.5227,16.5653,8.1022,0.5855,295.6848,211.9965,34.4379,1058.9067,525.2102,3845.2035,0.5855,106.3811,106.3811,106.3811,106.3811,106.3811,106.3811
2020-01-27 03:00:00,1.528,16.7883,8.0732,0.5879,299.9466,214.4128,34.6161,1065.4107,534.9816,3862.0816,0.5879,106.253,106.253,106.253,106.253,106.253,106.253
2020-01-27 03:30:00,1.5459,17.3084,8.23,0.5876,303.2197,219.9327,34.9522,1073.168,542.8755,3851.6544,0.5876,121.3666,121.3666,121.3666,121.3666,121.3666,121.3666
2020-01-27 04:00:00,1.576,18.3418,8.4764,0.5937,311.5633,228.5228,36.1969,1084.8794,557.2638,3883.2932,0.5937,119.1701,119.1701,119.1701,119.1701,119.1701,119.1701
2020-01-27 04:30:00,1.6047,19.1987,8.937,0.6089,319.0551,235.3587,36.9387,1104.0254,572.2706,3949.902,0.6089,112.5105,112.5105,112.5105,112.5105,112.5105,112.5105
2020-01-27 05:00:00,1.6965,20.9396,9.7987,0.6473,330.5795,248.4412,38.5928,1134.9483,605.9096,4026.1645,0.6473,103.4415,103.4415,103.4415,103.4415,103.4415,103.4415
2020-01-27 05:30:00,1.7917,23.2738,10.5029,0.6739,341.9894,260.6653,40.0841,1164.9034,635.6399,4115.7809,0.6739,110.2915,110.2915,110.2915,110.2915,110.2915,110.2915
2020-01-27 06:00:00,2.0597,26.6007,12.4232,0.7373,360.797,279.6612,42.3946,1211.2082,676.8849,4198.0244,0.7373,102.9058,102.9058,102.9058,102.9058,102.9058,102.9058
2020-01-27 06:30:00,2.1904,29.1247,14.1182,0.8225,371.4637,292.7932,44.0457,1245.4926,704.5604,4259.3217,0.8225,120.8029,120.8029,120.8029,120.8029,120.8029,120.8029
2020-01-27 07:00:00,2.3658,31.2317,16.5822,0.8647,379.2727,307.1968,45.1994,1264.767,732.0825,4295.7613,0.8647,83.9256,83.9256,83.9256,83.9256,83.9256,83.9256
2020-01-27 07:30:00,2.5546,33.4702,17.3905,0.84,385.7483,313.9747,45.4703,1274.0957,751.6458,4294.8463,0.84,78.7419,78.7419,78.7419,78.7419,78.7419,78.7419
2020-01-27 08:00:00,2.7786,34.9502,16.1249,0.7984,388.6061,319.8942,45.9756,1286.6638,766.3442,4250.6548,0.7984,84.0649,84.0649,84.0649,84.0649,84.0649,84.0649
2020-01-27 08:30:00,2.8009,35.8098,14.0361,0.7309,381.8335,322.1792,46.8771,1291.7458,780.452,4183.2592,0.7309,79.7753,79.7753,79.7753,79.7753,79.7753,79.7753
2020-01-27 09:00:00,2.8949,36.1024,11.5205,0.7125,375.283,324.2941,47.4072,1297.7139,790.5328,4158.2424,0.7125,93.17,93.17,93.17,93.17,93.17,93.17
2020-01-27 09:30:00,3.025,36.7523,10.0631,0.6825,369.981,325.1048,47.6633,1298.4016,796.8653,4178.6772,0.6825,78.0468,78.0468,78.0468,78.0468,78.0468,78.0468
2020-01-27 10:00:00,3.1034,37.5404,8.7,0.65,371.1268,329.7769,48.1004,1298.5504,803.295,4182.7283,0.65,85.1693,85.1693,85.1693,85.1693,85.1693,85.1693
2020-01-27 10:30:00,3.1354,37.7412,8.6427,0.6461,371.3016,328.5655,48.1966,1304.7835,805.1087,4182.4925,0.6461,78.3633,78.3633,78.3633,78.3633,78.3633,78.3633
2020-01-27 11:00:00,3.0369,37.6482,8.5323,0.6255,367.8476,330.0908,48.0144,1305.7224,809.0441,4197.2445,0.6255,76.8435,76.8435,76.8435,76.8435,76.8435,76.8435
2020-01-27 11:30:00,3.0847,37.52,8.0263,0.6338,363.448,331.1824,48.0205,1305.515,809.5419,4217.4366,0.6338,87.1786,87.1786,87.1786,87.1786,87.1786,87.1786
2020-01-27 12:00:00,3.1025,37.3388,7.7999,0.6235,366.0972,329.4726,48.0065,1309.5772,806.5208,4192.6414,0.6235,90.1093,90.1093,90.1093,90.1093,90.1093,90.1093
2020-01-27 12:30:00,3.1064,37.2909,7.7404,0.6138,367.3612,332.1189,48.0288,1310.7451,811.9895,4229.8109,0.6138,84.4902,84.4902,84.4902,84.4902,84.4902,84.4902
2020-01-27 13:00:00,3.0425,37.2775,8.0666,0.634,369.9319,332.4736,48.2221,1311.0015,814.2635,4265.4125,0.634,86.2481,86.2481,86.2481,86.2481,86.2481,86.2481
2020-01-27 13:30:00,3.0475,36.6894,7.9652,0.6121,367.0845,331.8749,48.0746,1303.2249,816.6679,4201.6757,0.6121,84.2679,84.2679,84.2679,84.2679,84.2679,84.2679
2020-01-27 14:00:00,3.0068,36.5217,8.2022,0.6187,366.4544,330.1624,47.9386,1310.9946,817.0093,4152.4212,0.6187,94.5774,94.5774,94.5774,94.5774,94.5774,94.5774
2020-01-27 14:30:00,2.8718,35.3725,7.8356,0.6139,362.7133,327.3681,48.0582,1306.6095,800.7242,4129.9935,0.6139,79.0769,79.0769,79.0769,79.0769,79.0769,79.0769
2020-01-27 15:00:00,2.7924,34.752,7.4365,0.6324,363.2048,326.8314,47.5865,1299.5102,793.6081,4108.3615,0.6324,84.1268,84.1268,84.1268,84.1268,84.1268,84.1268
2020-01-27 15:30:00,2.7182,33.7493,7.0583,0.6505,364.713,325.7424,47.734,1298.3007,789.0177,4118.2647,0.6505,93.0175,93.0175,93.0175,93.0175,93.0175,93.0175
2020-01-27 16:00:00,2.6553,32.9798,8.2353,0.6943,372.254,326.5292,47.6192,1306.4339,783.8242,4117.4635,0.6943,83.0437,83.0437,83.0437,83.0437,83.0437,83.0437
2020-01-27 16:30:00,2.6098,31.8403,9.7526,0.7601,380.2312,326.3808,47.3542,1312.4703,773.637,4168.25,0.7601,84.3166,84.3166,84.3166,84.3166,84.3166,84.3166
2020-01-27 17:00:00,2.5139,30.618,10.9367,0.8666,385.8149,322.8089,47.5838,1307.2374,750.3261,4191.1378,0.8666,97.8651,97.8651,97.8651,97.8651,97.8651,97.8651
2020-01-27 17:30:00,2.4983,29.8162,12.1843,0.9826,387.2294,319.0317,48.2687,1304.9056,732.808,4210.1214,0.9826,108.18,108.18,108.18,108.18,108.18,108.18
2020-01-27 18:00:00,2.401,27.9623,11.8809,1.0516,384.3986,305.2334,46.9939,1291.358,674.7412,4226.4045,1.0516,109.1184,109.1184,109.1184,109.1184,109.1184,109.1184
2020-01-27 18:30:00,2.2972,26.9092,11.1301,1.0451,383.55,298.5255,46.2624,1282.5264,663.9128,4217.4525,1.0451,113.0506,113.0506,113.0506,113.0506,113.0506,113.0506
2020-01-27 19:00:00,2.2047,25.8973,10.9825,1.0483,374.7149,292.4849,46.0398,1266.8565,650.9847,4208.1525,1.0483,121.9812,121.9812,121.9812,121.9812,121.9812,121.9812
2020-01-27 19:30:00,2.1285,25.1239,10.7511,1.0523,369.9599,288.6709,45.5942,1253.7453,639.2706,4180.7918,1.0523,115.8648,115.8648,115.8648,115.8648,115.8648,115.8648
2020-01-27 20:00:00,2.0586,24.15,10.2534,1.0395,363.6454,282.9216,44.7445,1243.2683,632.9184,4165.7962,1.0395,138.091,138.091,138.091,138.091,138.091,138.091
2020-01-27 20:30:00,1.9819,23.0239,10.1682,1.0151,358.9399,276.1372,43.9806,1237.6351,626.8104,4167.3334,1.0151,132.456,132.456,132.456,132.456,132.456,132.456
2020-01-27 21:00:00,1.8977,21.9053,9.8723,0.981,351.122,268.21,43.0388,1225.6631,613.9115,4154.5637,0.981,117.6426,117.6426,117.6426,117.6426,117.6426,117.6426
2020-01-27 21:30:00,1.8185,20.8216,9.6826,0.9342,348.768,263.2061,41.9129,1223.4469,608.061,4139.1521,0.9342,116.9455,116.9455,116.9455,116.9455,116.9455,116.9455
2020-01-27 22:00:00,1.7436,20.0249,9.1326,0.864,341.3644,255.3489,40.4244,1207.0807,604.4934,4132.2361,0.864,112.0955,112.0955,112.0955,112.0955,112.0955,112.0955
2020-01-27 22:30:00,1.7026,19.4362,8.7578,0.7962,337.1626,251.2737,39.5114,1191.7436,599.7836,4156.2139,0.7962,116.9519,116.9519,116.9519,116.9519,116.9519,116.9519
2020-01-27 23:00:00,1.6567,18.9475,8.7068,0.7411,332.8682,247.2805,38.4191,1183.1755,590.277,4162.5561,0.7411,115.4342,115.4342,115.4342,115.4342,115.4342,115.4342
2020-01-27 23:30:00,1.6317,18.3526,8.5007,0.6969,331.1642,242.3012,37.609,1168.6804,585.1965,4144.1057,0.6969,122.5803,122.5803,122.5803,122.5803,122.5803,122.5803
2020-01-28 00:00:00,1.5836,17.7585,8.2085,0.6794,324.5167,239.0095,36.7247,1163.7364,587.3979,4104.1531,0.6794,120.0299,120.0299,120.0299,120.0299,120.0299,120.0299
2020-01-28 00:30:00,1.5667,17.5492,8.0678,0.645,324.1505,236.9599,35.9816,1152.6868,581.4989,4093.0676,0.645,120.7186,120.7186,120.7186,120.7186,120.7186,120.7186
2020-01-28 01:00:00,1.5435,17.4723,8.084,0.6247,320.0655,235.0601,35.7215,1148.6917,576.1276,4050.3053,0.6247,118.6571,118.6571,118.6571,118.6571,118.6571,118.6571
2020-01-28 01:30:00,1.5411,17.2365,7.9972,0.6086,318.6955,231.7978,35.6086,1135.1201,566.2099,4029.7522,0.6086,111.7942,111.7942,111.7942,111.7942,111.7942,111.7942
2020-01-28 02:00:00,1.5469,17.2979,7.9816,0.5916,319.0295,231.0401,35.35,1125.925,561.1282,4020.166,0.5916,118.929,118.929,118.929,118.929,118.929,118.929
2020-01-28 02:30:00,1.5359,17.1301,8.0043,0.5902,316.376,230.8659,35.2866,1122.7493,564.5243,4014.6477,0.5902,107.7392,107.7392,107.7392,107.7392,107.7392,107.7392
2020-01-28 03:00:00,1.5319,17.4295,8.2819,0.591,317.9839,231.6524,35.3101,1123.0353,567.1494,4010.5967,0.591,133.9596,133.9596,133.9596,133.9596,133.9596,133.9596
2020-01-28 03:30:00,1.5441,17.6877,8.3717,0.5891,317.4988,234.9096,35.6584,1129.9667,575.6817,3995.9906,0.5891,119.9483,119.9483,119.9483,119.9483,119.9483,119.9483
2020-01-28 04:00:00,1.5804,18.8031,8.5594,0.5915,323.9523,241.5509,36.8208,1132.0459,591.1486,4006.2119,0.5915,114.3973,114.3973,114.3973,114.3973,114.3973,114.3973
2020-01-28 04:30:00,1.6181,19.3974,9.0238,0.6171,331.3361,249.1162,37.7521,1149.3587,603.0062,4094.0745,0.6171,120.961,120.961,120.961,120.961,120.961,120.961
2020-01-28 05:00:00,1.7006,21.424,10.0277,0.6467,346.6578,261.5645,39.5875,1180.3662,634.4125,4124.8814,0.6467,118.3094,118.3094,118.3094,118.3094,118.3094,118.3094
2020-01-28 05:30:00,1.806,23.4376,10.6283,0.6713,358.7255,273.0519,41.1814,1208.5199,661.4081,4114.1067,0.6713,127.7405,127.7405,127.7405,127.7405,127.7405,127.7405
2020-01-28 06:00:00,2.0466,26.9171,12.4987,0.7279,374.7887,291.992,43.5833,1248.8069,703.4184,4130.9495,0.7279,123.6404,123.6404,123.6404,123.6404,123.6404,123.6404
2020-01-28 06:30:00,2.1904,29.5362,14.2643,0.7986,387.8264,303.7466,45.1017,1279.1377,733.9022,4217.1869,0.7986,122.9509,122.9509,122.9509,122.9509,122.9509,122.9509
2020-01-28 07:00:00,2.4113,32.0041,16.5521,0.8276,394.4408,316.2593,45.8943,1297.987,752.9328,4198.8234,0.8276,116.4285,116.4285,116.4285,116.4285,116.4285,116.4285
2020-01-28 07:30:00,2.5582,34.4192,17.2272,0.805,400.9055,323.799,46.0284,1307.6816,769.1493,4163.4009,0.805,106.1094,106.1094,106.1094,106.1094,106.1094,106.1094
2020-01-28 08:00:00,2.8146,35.8266,16.9786,0.7774,405.8416,330.8944,47.3066,1321.6828,785.3075,4174.4051,0.7774,103.8269,103.8269,103.8269,103.8269,103.8269,103.8269
2020-01-28 08:30:00,2.9054,36.7659,16.2219,0.7567,403.8748,333.8971,48.022,1323.1564,795.534,4129.9774,0.7567,103.8209,103.8209,103.8209,103.8209,103.8209,103.8209
2020-01-28 09:00:00,3.015,36.9187,14.5323,0.7293,400.6406,334.7229,48.1934,1327.4466,802.7637,4127.3291,0.7293,121.6866,121.6866,121.6866,121.6866,121.6866,121.6866
2020-01-28 09:30:00,3.1139,37.2886,13.4005,0.7007,395.6616,334.6379,48.9041,1327.48,811.2232,4095.2833,0.7007,110.0232,110.0232,110.0232,110.0232,110.0232,110.0232
2020-01-28 10:00:00,3.1229,38.1149,11.8731,0.6798,392.1809,337.2926,49.114,1327.7392,813.3427,4103.4036,0.6798,113.5185,113.5185,113.5185,113.5185,113.5185,113.5185
2020-01-28 10:30:00,3.2132,38.5487,11.2232,0.6433,393.5177,336.1826,49.5102,1331.1736,817.9282,4112.3818,0.6433,106.4615,106.4615,106.4615,106.4615,106.4615,106.4615
2020-01-28 11:00:00,3.1345,38.506,9.9286,0.6251,382.6969,335.2032,49.2066,1327.7659,816.6314,4124.9006,0.6251,111.7477,111.7477,111.7477,111.7477,111.7477,111.7477
2020-01-28 11:30:00,3.1924,38.4968,8.8313,0.6213,376.1386,336.2931,49.5177,1332.0821,811.4231,4151.8346,0.6213,125.07,125.07,125.07,125.07,125.07,125.07
2020-01-28 12:00:00,3.1275,38.3207,8.197,0.6119,380.6301,335.1521,49.1385,1328.7155,808.3534,4159.1499,0.6119,117.5071,117.5071,117.5071,117.5071,117.5071,117.5071
2020-01-28 12:30:00,3.0943,38.2756,8.3944,0.6161,381.3109,334.9739,49.1111,1330.8336,814.9842,4202.6605,0.6161,111.5049,111.5049,111.5049,111.5049,111.5049,111.5049
2020-01-28 13:00:00,3.0775,37.9766,8.6495,0.6053,382.8422,333.5446,49.1828,1338.5407,820.7279,4190.8962,0.6053,104.8609,104.8609,104.8609,104.8609,104.8609,104.8609
2020-01-28 13:30:00,3.1024,37.0983,8.4668,0.6094,384.586,331.9794,49.0177,1319.9807,820.1654,4119.3206,0.6094,111.0596,111.0596,111.0596,111.0596,111.0596,111.0596
2020-01-28 14:00:00,3.0439,36.7183,8.0541,0.5796,372.8242,329.5037,48.6915,1309.614,812.1061,4041.437,0.5796,100.2391,100.2391,100.2391,100.2391,100.2391,100.2391
2020-01-28 14:30:00,2.9011,36.2295,7.4439,0.5863,370.3277,329.5672,48.4894,1305.3552,798.1793,3959.4516,0.5863,99.2588,99.2588,99.2588,99.2588,99.2588,99.2588
2020-01-28 15:00:00,2.8416,35.3708,6.9639,0.6082,368.9661,329.2002,47.8283,1301.323,792.3817,3944.6908,0.6082,115.8611,115.8611,115.8611,115.8611,115.8611,115.8611
2020-01-28 15:30:00,2.7887,34.3671,7.3977,0.6363,371.3055,328.6004,47.7669,1302.8398,784.2831,3969.0946,0.6363,97.1977,97.1977,97.1977,97.1977,97.1977,97.1977
2020-01-28 16:00:00,2.7059,33.1845,9.1893,0.6847,377.7776,328.4893,47.7688,1315.9338,779.4883,3997.2518,0.6847,98.1799,98.1799,98.1799,98.1799,98.1799,98.1799
2020-01-28 16:30:00,2.6244,32.1327,10.2183,0.7317,382.5255,326.7633,47.5484,1315.4262,777.3269,4040.459,0.7317,100.4884,100.4884,100.4884,100.4884,100.4884,100.4884
2020-01-28 17:00:00,2.5544,30.5905,11.5119,0.8341,387.0473,324.0067,47.6878,1314.5615,762.3673,4072.1798,0.8341,106.4123,106.4123,106.4123,106.4123,106.4123,106.4123
2020-01-28 17:30:00,2.5641,29.8519,12.2022,0.9641,391.4,321.1397,48.3177,1316.7809,743.8175,4118.6893,0.9641,123.4004,123.4004,123.4004,123.4004,123.4004,123.4004
2020-01-28 18:00:00,2.4382,28.092,12.2187,1.0304,391.7697,307.8421,47.5167,1293.8609,683.6281,4154.9658,1.0304,116.0554,116.0554,116.0554,116.0554,116.0554,116.0554
2020-01-28 18:30:00,2.3365,27.1647,12.1426,1.0593,386.996,301.364,47.1569,1285.9985,667.9232,4161.0284,1.0593,123.1751,123.1751,123.1751,123.1751,123.1751,123.1751
2020-01-28 19:00:00,2.2381,26.2283,11.672,1.0534,379.7094,295.186,46.5291,1276.4796,653.6397,4129.4532,1.0534,116.1132,116.1132,116.1132,116.1132,116.1132,116.1132
2020-01-28 19:30:00,2.1496,25.4734,11.2716,1.0322,378.9372,290.8738,45.9894,1265.2787,646.191,4125.6239,1.0322,124.8405,124.8405,124.8405,124.8405,124.8405,124.8405
2020-01-28 20:00:00,2.105,24.5418,10.8111,1.0375,372.2379,285.2522,45.0312,1252.1592,641.095,4106.5409,1.0375,121.5478,121.5478,121.5478,121.5478,121.5478,121.5478
2020-01-28 20:30:00,2.0271,23.7251,10.7252,1.0119,368.4968,279.0197,44.5092,1252.2057,636.2214,4089.8287,1.0119,118.198,118.198,118.198,118.198,118.198,118.198
2020-01-28 21:00:00,1.9219,22.5226,10.1019,0.9815,361.3175,270.5756,43.3371,1234.9211,624.3632,4056.7025,0.9815,121.0587,121.0587,121.0587,121.0587,121.0587,121.0587
2020-01-28 21:30:00,1.837,21.3604,9.6878,0.9324,359.3349,265.9074,42.4141,1236.9115,617.28,4064.1317,0.9324,123.4696,123.4696,123.4696,123.4696,123.4696,123.4696
2020-01-28 22:00:00,1.7508,20.4811,9.1886,0.8639,348.739,257.9927,40.6618,1213.5594,613.2467,4060.7406,0.8639,118.3169,118.3169,118.3169,118.3169,118.3169,118.3169
2020-01-28 22:30:00,1.6981,19.7851,8.5973,0.8045,343.9262,253.174,39.6283,1204.2462,609.2952,4071.1371,0.8045,121.6113,121.6113,121.6113,121.6113,121.6113,121.6113
2020-01-28 23:00:00,1.6444,18.9604,8.3403,0.7551,337.9946,247.1751,38.3845,1187.7685,598.1919,4059.7175,0.7551,117.3467,117.3467,117.3467,117.3467,117.3467,117.3467
2020-01-28 23:30:00,1.6272,18.3264,8.1892,0.7108,335.1894,242.4263,37.6731,1174.8726,590.9619,4043.8521,0.7108,126.4322,126.4322,126.4322,126.4322,126.4322,126.4322
2020-01-29 00:00:00,1.5825,17.865,7.9575,0.7044,330.5876,239.572,36.8518,1175.6287,582.6518,4099.8187,0.7044,117.3237,117.3237,117.3237,117.3237,117.3237,117.3237
2020-01-29 00:30:00,1.5682,17.4688,7.8428,0.6623,325.4925,237.6315,36.4623,1161.3087,579.0583,4081.7015,0.6623,113.4927,113.4927,113.4927,113.4927,113.4927,113.4927
2020-01-29 01:00:00,1.5462,17.2916,7.8087,0.6382,321.1338,235.0845,35.8743,1156.1957,572.1877,4093.6495,0.6382,118.9414,118.9414,118.9414,118.9414,118.9414,118.9414
2020-01-29 01:30:00,1.5453,17.1624,7.7808,0.6224,318.9862,231.7095,35.6377,1151.0316,569.7186,4107.7938,0.6224,114.4486,114.4486,114.4486,114.4486,114.4486,114.4486
2020-01-29 02:00:00,1.5435,17.3923,7.8645,0.6151,315.5696,230.3407,35.393,1142.2156,565.1947,4082.9089,0.6151,121.5579,121.5579,121.5579,121.5579,121.5579,121.5579
2020-01-29 02:30:00,1.5462,17.3178,7.8731,0.5993,314.5552,227.9732,35.3428,1140.0039,566.8729,4057.1603,0.5993,120.8549,120.8549,120.8549,120.8549,120.8549,120.8549
2020-01-29 03:00:00,1.5398,17.7484,8.2483,0.604,314.2594,229.8291,35.3324,1138.2367,569.6163,4048.6817,0.604,145.3336,145.3336,145.3336,145.3336,145.3336,145.3336
2020-01-29 03:30:00,1.5554,18.1203,8.3717,0.6027,315.7444,232.7808,35.7647,1142.6072,579.1575,3999.2852,0.6027,140.7991,140.7991,140.7991,140.7991,140.7991,140.7991
2020-01-29 04:00:00,1.5917,19.1651,8.6542,0.6082,324.8917,240.0656,36.9947,1145.082,590.8761,4067.6321,0.6082,135.5345,135.5345,135.5345,135.5345,135.5345,135.5345
2020-01-29 04:30:00,1.6297,19.8879,9.1703,0.6315,332.376,247.0247,38.0269,1160.2563,605.0908,4082.1666,0.6315,140.1128,140.1128,140.1128,140.1128,140.1128,140.1128
2020-01-29 05:00:00,1.7398,21.9955,10.161,0.6715,346.0689,258.956,39.9056,1195.058,634.4127,4104.6944,0.6715,140.3777,140.3777,140.3777,140.3777,140.3777,140.3777
2020-01-29 05:30:00,1.8431,23.9493,11.0348,0.7201,359.3417,269.8735,41.332,1217.6615,660.4842,4135.3348,0.7201,133.3492,133.3492,133.3492,133.3492,133.3492,133.3492
2020-01-29 06:00:00,2.0455,27.1647,13.2368,0.774,373.2785,287.5699,43.6852,1256.9518,702.1987,4213.3877,0.774,132.8199,132.8199,132.8199,132.8199,132.8199,132.8199
2020-01-29 06:30:00,2.1713,29.747,14.4303,0.8322,383.2944,299.5032,45.364,1284.7082,737.3926,4307.4453,0.8322,140.1359,140.1359,140.1359,140.1359,140.1359,140.1359
2020-01-29 07:00:00,2.3424,32.3354,16.6142,0.8557,391.9038,312.3805,46.6274,1314.0373,763.6388,4345.814,0.8557,117.467,117.467,117.467,117.467,117.467,117.467
2020-01-29 07:30:00,2.588,34.5356,17.3493,0.8358,403.3792,319.2311,46.4512,1327.4601,782.9376,4319.8915,0.8358,116.1005,116.1005,116.1005,116.1005,116.1005,116.1005
2020-01-29 08:00:00,2.7805,36.0401,15.9882,0.7873,406.1791,325.2746,47.2667,1340.365,799.3008,4265.7362,0.7873,115.3641,115.3641,115.3641,115.3641,115.3641,115.3641
2020-01-29 08:30:00,2.8613,36.9468,14.6945,0.7405,400.4917,327.8387,47.9973,1353.2033,814.1589,4196.4908,0.7405,122.5926,122.5926,122.5926,122.5926,122.5926,122.5926
2020-01-29 09:00:00,3.0081,37.0427,12.9924,0.7071,394.238,328.0318,48.2104,1352.2165,822.8722,4214.9395,0.7071,127.8702,127.8702,127.8702,127.8702,127.8702,127.8702
2020-01-29 09:30:00,3.0909,37.6404,11.556,0.6991,391.2927,327.1486,48.5781,1352.2816,824.8046,4224.4757,0.6991,110.7825,110.7825,110.7825,110.7825,110.7825,110.7825
2020-01-29 10:00:00,3.0765,38.06,10.5834,0.6922,389.4494,329.7663,48.7199,1343.377,831.4246,4204.6344,0.6922,114.6501,114.6501,114.6501,114.6501,114.6501,114.6501
2020-01-29 10:30:00,3.0964,38.0849,9.2305,0.6395,388.1561,327.858,48.9247,1341.2108,832.7203,4227.8464,0.6395,104.7313,104.7313,104.7313,104.7313,104.7313,104.7313
2020-01-29 11:00:00,3.1364,38.236,8.9762,0.6132,382.9901,327.6208,48.7145,1341.0555,842.4772,4230.3527,0.6132,104.9949,104.9949,104.9949,104.9949,104.9949,104.9949
2020-01-29 11:30:00,3.0693,38.1828,7.7795,0.6014,377.5123,328.6014,48.6132,1331.8954,844.1658,4237.2985,0.6014,107.4221,107.4221,107.4221,107.4221,107.4221,107.4221
2020-01-29 12:00:00,3.0543,38.3094,7.8244,0.6035,376.0083,327.667,48.487,1324.8383,838.1459,4228.2499,0.6035,96.9474,96.9474,96.9474,96.9474,96.9474,96.9474
2020-01-29 12:30:00,3.0582,38.3335,7.7897,0.5975,374.6037,329.9084,48.7067,1334.2825,839.1267,4220.919,0.5975,105.8019,105.8019,105.8019,105.8019,105.8019,105.8019
2020-01-29 13:00:00,3.0338,38.2174,8.2953,0.5806,375.0183,331.7626,48.6602,1340.5787,837.3136,4200.8969,0.5806,100.2115,100.2115,100.2115,100.2115,100.2115,100.2115
2020-01-29 13:30:00,3.0101,37.7779,7.5771,0.5739,373.0305,329.873,48.582,1323.8786,831.5065,4187.8946,0.5739,100.8594,100.8594,100.8594,100.8594,100.8594,100.8594
2020-01-29 14:00:00,2.9918,37.2993,7.2876,0.5696,369.075,327.8171,48.788,1317.9476,829.371,4225.5135,0.5696,103.4653,103.4653,103.4653,103.4653,103.4653,103.4653
2020-01-29 14:30:00,2.9029,36.4261,7.0508,0.5843,366.1519,328.6802,48.4472,1318.7659,823.1336,4162.394,0.5843,107.5116,107.5116,107.5116,107.5116,107.5116,107.5116
2020-01-29 15:00:00,2.828,35.3971,7.2798,0.5939,369.5661,329.6484,47.9959,1320.4021,815.6961,4136.3945,0.5939,101.1205,101.1205,101.1205,101.1205,101.1205,101.1205
2020-01-29 15:30:00,2.7727,34.4415,7.8076,0.6229,374.6832,329.9025,47.8799,1326.4391,811.1623,4200.6209,0.6229,91.8516,91.8516,91.8516,91.8516,91.8516,91.8516
2020-01-29 16:00:00,2.7253,33.3483,8.8908,0.6656,375.9571,328.7321,47.8839,1322.185,803.9949,4159.0424,0.6656,98.4009,98.4009,98.4009,98.4009,98.4009,98.4009
2020-01-29 16:30:00,2.6642,32.2514,10.252,0.729,385.4791,327.7899,47.6512,1330.9933,795.2378,4195.6771,0.729,75.7681,75.7681,75.7681,75.7681,75.7681,75.7681
2020-01-29 17:00:00,2.5544,31.28,11.6451,0.859,390.973,324.7061,47.852,1328.3523,784.7276,4214.9122,0.859,86.1647,86.1647,86.1647,86.1647,86.1647,86.1647
2020-01-29 17:30:00,2.5467,30.5288,12.6256,0.9713,396.3013,321.8411,48.8261,1329.2357,758.6649,4243.014,0.9713,109.6202,109.6202,109.6202,109.6202,109.6202,109.6202
2020-01-29 18:00:00,2.4314,28.548,12.3731,1.0211,390.6654,308.3355,47.6831,1311.1476,692.5075,4258.709,1.0211,110.7385,110.7385,110.7385,110.7385,110.7385,110.7385
2020-01-29 18:30:00,2.3256,27.4049,12.3975,1.0519,387.2291,301.4329,47.291,1304.364,676.9599,4276.518,1.0519,115.5092,115.5092,115.5092,115.5092,115.5092,115.5092
2020-01-29 19:00:00,2.2385,26.5775,12.0735,1.0478,378.0004,295.3866,46.7038,1296.4507,662.0593,4284.6699,1.0478,116.6429,116.6429,116.6429,116.6429,116.6429,116.6429
2020-01-29 19:30:00,2.1545,25.5358,11.6165,1.0398,372.1465,291.2717,46.0242,1288.0473,654.2218,4284.2629,1.0398,119.251,119.251,119.251,119.251,119.251,119.251
2020-01-29 20:00:00,2.0699,24.6452,11.2216,1.0352,366.6138,284.2363,45.0616,1271.8149,646.5954,4260.2586,1.0352,111.4666,111.4666,111.4666,111.4666,111.4666,111.4666
2020-01-29 20:30:00,1.9878,23.6485,11.0534,1.033,364.2742,277.311,44.3697,1261.1063,641.518,4287.3529,1.033,115.1049,115.1049,115.1049,115.1049,115.1049,115.1049
2020-01-29 21:00:00,1.9072,22.4686,10.3297,1.0001,354.6302,267.4421,43.3645,1254.4138,627.5624,4282.795,1.0001,111.5032,111.5032,111.5032,111.5032,111.5032,111.5032
2020-01-29 21:30:00,1.8222,21.454,10.1263,0.9295,350.4887,261.9948,42.503,1251.1547,620.0224,4258.104,0.9295,127.7165,127.7165,127.7165,127.7165,127.7165,127.7165
2020-01-29 22:00:00,1.7437,20.4281,9.5697,0.874,341.5526,254.3192,40.9395,1233.9906,609.8397,4236.9394,0.874,118.0026,118.0026,118.0026,118.0026,118.0026,118.0026
2020-01-29 22:30:00,1.6905,19.7117,9.0571,0.8142,334.4562,250.5783,39.7962,1219.1308,611.1544,4231.5005,0.8142,122.609,122.609,122.609,122.609,122.609,122.609
2020-01-29 23:00:00,1.653,19.0331,8.4905,0.7544,332.5404,245.2496,38.8226,1208.4842,604.5862,4194.3308,0.7544,112.0288,112.0288,112.0288,112.0288,112.0288,112.0288
2020-01-29 23:30:00,1.6342,18.5408,8.3029,0.7037,329.3118,241.5249,38.1638,1195.8385,592.9338,4205.1104,0.7037,118.5568,118.5568,118.5568,118.5568,118.5568,118.5568
2020-01-30 00:00:00,1.6022,18.0404,8.3598,0.6854,322.723,237.2715,37.1417,1171.9878,579.4635,4171.0155,0.6854,115.7018,115.7018,115.7018,115.7018,115.7018,115.7018
2020-01-30 00:30:00,1.5645,17.8,8.2667,0.6568,319.1985,234.95,36.5449,1152.4988,572.5502,4136.5673,0.6568,111.9959,111.9959,111.9959,111.9959,111.9959,111.9959
2020-01-30 01:00:00,1.562,17.6273,8.2385,0.6374,318.2212,232.8415,36.0168,1144.6662,568.6459,4095.8684,0.6374,115.9314,115.9314,115.9314,115.9314,115.9314,115.9314
2020-01-30 01:30:00,1.5495,17.5362,8.2661,0.6138,313.1449,230.8037,35.8557,1144.4857,565.7802,4086.2614,0.6138,116.7915,116.7915,116.7915,116.7915,116.7915,116.7915
2020-01-30 02:00:00,1.5639,17.6155,8.2648,0.5995,312.4524,229.3512,35.7661,1128.5977,560.8785,4078.6001,0.5995,115.0064,115.0064,115.0064,115.0064,115.0064,115.0064
2020-01-30 02:30:00,1.5659,17.4479,8.2971,0.5821,309.7457,228.3279,35.6744,1124.56,562.9335,4061.0273,0.5821,95.5744,95.5744,95.5744,95.5744,95.5744,95.5744
2020-01-30 03:00:00,1.5561,17.7406,8.579,0.5822,311.8411,230.0906,35.8906,1123.7867,566.7477,4056.3293,0.5822,101.1941,101.1941,101.1941,101.1941,101.1941,101.1941
2020-01-30 03:30:00,1.5698,18.1961,8.6141,0.5854,312.2669,232.4306,36.2787,1130.8751,571.4221,4029.0128,0.5854,103.6501,103.6501,103.6501,103.6501,103.6501,103.6501
2020-01-30 04:00:00,1.5935,19.2851,8.7856,0.5929,319.9626,238.5589,37.3854,1134.9318,586.2713,4016.9691,0.5929,106.3228,106.3228,106.3228,106.3228,106.3228,106.3228
2020-01-30 04:30:00,1.6422,20.0932,9.3373,0.6099,325.7316,246.375,38.318,1149.7129,597.3921,4063.2997,0.6099,99.1957,99.1957,99.1957,99.1957,99.1957,99.1957
2020-01-30 05:00:00,1.7394,22.0882,10.3205,0.6527,342.4405,259.2679,40.0949,1182.4027,619.7305,4094.8912,0.6527,108.9249,108.9249,108.9249,108.9249,108.9249,108.9249
2020-01-30 05:30:00,1.8448,24.0731,11.117,0.6834,353.9907,270.1566,41.5853,1208.5987,648.3484,4102.5494,0.6834,102.1229,102.1229,102.1229,102.1229,102.1229,102.1229
2020-01-30 06:00:00,2.0656,27.0549,13.174,0.7518,371.5597,289.1095,43.9206,1256.8189,695.1847,4182.4252,0.7518,104.0897,104.0897,104.0897,104.0897,104.0897,104.0897
2020-01-30 06:30:00,2.1473,29.4351,14.648,0.8227,380.9043,301.6839,45.4999,1284.1735,721.6585,4239.3131,0.8227,99.7467,99.7467,99.7467,99.7467,99.7467,99.7467
2020-01-30 07:00:00,2.3022,32.051,16.9302,0.8447,388.4251,314.3071,46.3696,1300.0532,749.0092,4294.8767,0.8447,93.0713,93.0713,93.0713,93.0713,93.0713,93.0713
2020-01-30 07:30:00,2.456,34.1444,17.4373,0.8227,396.2564,320.1198,46.4039,1305.2786,769.0826,4268.9597,0.8227,107.9473,107.9473,107.9473,107.9473,107.9473,107.9473
2020-01-30 08:00:00,2.7163,35.3532,16.8415,0.7888,400.9092,327.0005,47.2075,1317.2722,784.0868,4226.1019,0.7888,104.3525,104.3525,104.3525,104.3525,104.3525,104.3525
2020-01-30 08:30:00,2.8447,35.9154,15.4704,0.7373,399.258,328.8617,47.8087,1319.8275,798.9684,4187.4703,0.7373,113.8592,113.8592,113.8592,113.8592,113.8592,113.8592
2020-01-30 09:00:00,2.9529,36.5303,13.642,0.7109,391.979,329.5527,47.7472,1331.3058,808.8724,4127.2773,0.7109,109.868,109.868,109.868,109.868,109.868,109.868
2020-01-30 09:30:00,2.9825,37.0294,12.0174,0.6729,395.0162,330.5494,48.4083,1327.3172,810.8991,4149.4891,0.6729,108.8301,108.8301,108.8301,108.8301,108.8301,108.8301
2020-01-30 10:00:00,3.0646,37.5043,10.7633,0.6407,388.2373,333.5825,48.589,1320.0215,817.8649,4170.8669,0.6407,105.6796,105.6796,105.6796,105.6796,105.6796,105.6796
2020-01-30 10:30:00,3.0885,37.9823,10.1372,0.6191,384.2582,332.4105,48.8921,1324.2638,821.3393,4177.2251,0.6191,102.9949,102.9949,102.9949,102.9949,102.9949,102.9949
2020-01-30 11:00:00,3.0687,37.8913,9.9641,0.5985,382.9155,331.6758,48.6076,1320.2583,833.0456,4219.2291,0.5985,93.6953,93.6953,93.6953,93.6953,93.6953,93.6953
2020-01-30 11:30:00,3.0019,37.7768,8.833,0.5875,379.5785,330.6947,48.5656,1311.8487,835.1787,4229.6239,0.5875,81.2039,81.2039,81.2039,81.2039,81.2039,81.2039
2020-01-30 12:00:00,2.9625,37.7261,9.3645,0.5839,376.9645,327.8563,48.865,1311.1699,831.862,4205.7882,0.5839,82.1226,82.1226,82.1226,82.1226,82.1226,82.1226
2020-01-30 12:30:00,2.9428,37.8692,8.9356,0.5784,377.3767,328.1579,48.9299,1309.0204,828.2466,4210.8116,0.5784,76.3361,76.3361,76.3361,76.3361,76.3361,76.3361
2020-01-30 13:00:00,2.9694,38.3474,8.8383,0.5884,378.4476,330.2318,49.1004,1313.4674,833.6242,4227.1099,0.5884,80.7011,80.7011,80.7011,80.7011,80.7011,80.7011
2020-01-30 13:30:00,2.9906,38.1499,7.7723,0.5692,375.6203,329.9367,49.0648,1300.2903,838.2958,4255.3717,0.5692,85.0536,85.0536,85.0536,85.0536,85.0536,85.0536
2020-01-30 14:00:00,2.9601,37.8513,7.1724,0.5484,374.7023,331.1353,49.2865,1282.7965,837.3322,4222.4103,0.5484,80.4968,80.4968,80.4968,80.4968,80.4968,80.4968
2020-01-30 14:30:00,2.8805,36.8477,7.1929,0.5584,371.5837,333.2857,49.146,1284.6129,833.5883,4146.2101,0.5584,82.7829,82.7829,82.7829,82.7829,82.7829,82.7829
2020-01-30 15:00:00,2.8286,35.9746,7.2683,0.5682,374.4761,334.0921,48.7704,1280.6709,831.1189,4101.9379,0.5682,83.0749,83.0749,83.0749,83.0749,83.0749,83.0749
2020-01-30 15:30:00,2.7609,35.011,7.403,0.5972,373.8564,336.7351,48.4925,1293.2392,824.1318,4123.2098,0.5972,86.909,86.909,86.909,86.909,86.909,86.909
2020-01-30 16:00:00,2.7115,33.935,8.9601,0.6414,379.3219,335.5054,48.3475,1297.5561,821.5563,4163.4383,0.6414,84.945,84.945,84.945,84.945,84.945,84.945
2020-01-30 16:30:00,2.6319,32.6221,10.35,0.7288,387.3121,332.65,48.2495,1305.3291,810.863,4170.5509,0.7288,85.7145,85.7145,85.7145,85.7145,85.7145,85.7145
2020-01-30 17:00:00,2.5238,31.3614,11.6894,0.8231,388.995,327.6949,48.2168,1305.067,791.5311,4187.1985,0.8231,94.8548,94.8548,94.8548,94.8548,94.8548,94.8548
2020-01-30 17:30:00,2.5372,30.3822,12.5076,0.9299,391.6751,323.5507,48.7112,1307.9822,763.5168,4231.7145,0.9299,99.6833,99.6833,99.6833,99.6833,99.6833,99.6833
2020-01-30 18:00:00,2.4397,28.2759,12.5429,1.0065,390.6709,308.5569,47.616,1289.3114,698.6723,4199.968,1.0065,119.9077,119.9077,119.9077,119.9077,119.9077,119.9077
2020-01-30 18:30:00,2.3609,27.3353,12.1794,1.0108,385.7698,302.1519,46.8274,1279.9599,685.1294,4191.948,1.0108,123.3747,123.3747,123.3747,123.3747,123.3747,123.3747
2020-01-30 19:00:00,2.2616,26.3766,11.7159,1.0307,376.822,295.1595,46.2073,1265.9083,675.034,4149.2122,1.0307,108.9241,108.9241,108.9241,108.9241,108.9241,108.9241
2020-01-30 19:30:00,2.1731,25.4896,11.3492,1.0254,371.9938,290.5398,45.7415,1256.035,664.0296,4160.7066,1.0254,116.1541,116.1541,116.1541,116.1541,116.1541,116.1541
2020-01-30 20:00:00,2.0935,24.4463,10.9846,1.0135,366.1525,284.4883,44.5424,1244.4289,650.1743,4152.8709,1.0135,106.6667,106.6667,106.6667,106.6667,106.6667,106.6667
2020-01-30 20:30:00,2.0226,23.7961,10.3482,0.9976,360.8697,278.479,43.8756,1234.6121,641.1282,4163.6441,0.9976,110.9163,110.9163,110.9163,110.9163,110.9163,110.9163
2020-01-30 21:00:00,1.9213,22.8242,10.0241,0.9709,354.3069,269.7926,42.6,1219.123,621.2571,4176.4071,0.9709,97.8306,97.8306,97.8306,97.8306,97.8306,97.8306
2020-01-30 21:30:00,1.8403,21.6583,9.799,0.9243,350.25,263.5582,42.0715,1223.0172,615.2499,4170.256,0.9243,113.8687,113.8687,113.8687,113.8687,113.8687,113.8687
2020-01-30 22:00:00,1.748,20.5657,9.1104,0.8573,339.2655,255.7233,40.5521,1204.8689,613.4592,4140.8359,0.8573,112.5675,112.5675,112.5675,112.5675,112.5675,112.5675
2020-01-30 22:30:00,1.684,19.8803,8.7981,0.8113,333.7336,251.2494,39.5966,1185.8488,611.9917,4146.2554,0.8113,107.3641,107.3641,107.3641,107.3641,107.3641,107.3641
2020-01-30 23:00:00,1.634,19.128,8.5563,0.7549,329.5555,246.9627,38.2159,1163.9184,601.9399,4123.4528,0.7549,106.2523,106.2523,106.2523,106.2523,106.2523,106.2523
2020-01-30 23:30:00,1.6014,18.5822,8.3369,0.6995,327.2001,241.9866,37.6347,1151.9097,595.9264,4100.2073,0.6995,110.5084,110.5084,110.5084,110.5084,110.5084,110.5084
2020-01-31 00:00:00,1.5741,18.2177,8.183,0.6773,322.9555,237.3142,36.7879,1143.1905,583.9741,4097.1942,0.6773,111.6596,111.6596,111.6596,111.6596,111.6596,111.6596
2020-01-31 00:30:00,1.5586,17.9955,8.0498,0.656,322.3119,235.2523,36.3229,1138.5331,578.003,4057.8094,0.656,117.6768,117.6768,117.6768,117.6768,117.6768,117.6768
2020-01-31 01:00:00,1.5484,18.1055,8.1198,0.6377,317.2884,232.7747,35.9056,1137.3571,577.5214,4051.1573,0.6377,120.0358,120.0358,120.0358,120.0358,120.0358,120.0358
2020-01-31 01:30:00,1.5441,17.8322,8.0137,0.6159,314.3978,229.8999,35.4226,1124.4158,572.6514,4048.2565,0.6159,122.9647,122.9647,122.9647,122.9647,122.9647,122.9647
2020-01-31 02:00:00,1.5465,17.8854,7.9919,0.603,313.2964,228.9896,35.2776,1120.2533,565.5172,4039.8491,0.603,110.8759,110.8759,110.8759,110.8759,110.8759,110.8759
2020-01-31 02:30:00,1.5445,17.8915,8.0473,0.5865,311.326,228.4043,35.4118,1118.5561,563.1132,4016.9649,0.5865,112.9418,112.9418,112.9418,112.9418,112.9418,112.9418
2020-01-31 03:00:00,1.5389,17.9787,8.3268,0.5803,308.2068,230.7272,35.524,1110.5555,565.9054,4016.3717,0.5803,122.0704,122.0704,122.0704,122.0704,122.0704,122.0704
2020-01-31 03:30:00,1.5526,18.2695,8.4713,0.5805,308.9585,233.4809,35.8834,1125.443,570.621,4004.7609,0.5805,113.7735,113.7735,113.7735,113.7735,113.7735,113.7735
2020-01-31 04:00:00,1.5967,19.2728,8.7442,0.5925,317.6464,239.4185,36.857,1132.076,584.6762,4027.6328,0.5925,117.347,117.347,117.347,117.347,117.347,117.347
2020-01-31 04:30:00,1.6309,19.8931,9.3389,0.6017,325.9909,244.578,37.7686,1148.7615,591.9617,4069.3322,0.6017,112.368,112.368,112.368,112.368,112.368,112.368
2020-01-31 05:00:00,1.7375,22.0201,10.2346,0.6447,337.9679,255.1705,39.6152,1174.2721,621.4469,4050.9636,0.6447,121.8018,121.8018,121.8018,121.8018,121.8018,121.8018
2020-01-31 05:30:00,1.8184,23.9788,11.0355,0.6968,345.9813,266.1415,41.0179,1204.9052,646.0338,4104.0427,0.6968,115.0942,115.0942,115.0942,115.0942,115.0942,115.0942
2020-01-31 06:00:00,2.063,27.1969,13.0347,0.731,357.9923,284.7201,43.3663,1243.4325,691.2313,4151.021,0.731,117.3166,117.3166,117.3166,117.3166,117.3166,117.3166
2020-01-31 06:30:00,2.2158,29.4376,14.1928,0.7938,366.7296,295.8934,44.8068,1262.9838,723.5743,4212.8918,0.7938,111.0997,111.0997,111.0997,111.0997,111.0997,111.0997
2020-01-31 07:00:00,2.3809,31.6668,16.0872,0.8381,377.5469,305.7625,45.6664,1289.5285,744.4303,4179.1601,0.8381,94.7843,94.7843,94.7843,94.7843,94.7843,94.7843
2020-01-31 07:30:00,2.5249,33.4236,16.5325,0.8113,383.4396,310.8897,45.663,1284.4262,761.8182,4145.1532,0.8113,95.0206,95.0206,95.0206,95.0206,95.0206,95.0206
2020-01-31 08:00:00,2.7147,35.0549,15.3614,0.7486,380.3461,315.3514,46.5883,1281.2336,768.6371,4146.9958,0.7486,100.0922,100.0922,100.0922,100.0922,100.0922,100.0922
2020-01-31 08:30:00,2.8207,36.0431,13.181,0.7239,375.61,316.5539,47.2965,1278.027,781.4134,4150.7855,0.7239,97.9638,97.9638,97.9638,97.9638,97.9638,97.9638
2020-01-31 09:00:00,2.9295,36.2122,11.482,0.6859,369.6876,316.5998,47.7172,1266.0036,791.5117,4114.3455,0.6859,97.9393,97.9393,97.9393,97.9393,97.9393,97.9393
2020-01-31 09:30:00,2.9777,36.7049,9.9134,0.6603,365.5714,316.9742,48.141,1253.8599,801.1421,4114.0524,0.6603,90.6021,90.6021,90.6021,90.6021,90.6021,90.6021
2020-01-31 10:00:00,3.0493,36.9713,8.5416,0.634,362.3659,318.5865,48.372,1248.2293,802.8356,4126.9965,0.634,98.2954,98.2954,98.2954,98.2954,98.2954,98.2954
2020-01-31 10:30:00,3.118,37.1657,7.8818,0.614,364.2976,317.7627,48.4323,1247.9049,811.6437,4148.4417,0.614,86.4939,86.4939,86.4939,86.4939,86.4939,86.4939
2020-01-31 11:00:00,3.009,37.4251,7.0208,0.5888,364.7635,319.91,48.7025,1241.8054,821.642,4187.9705,0.5888,102.1538,102.1538,102.1538,102.1538,102.1538,102.1538
2020-01-31 11:30:00,3.0566,37.678,6.7107,0.5654,362.7073,322.2816,48.7576,1251.5498,829.639,4211.5119,0.5654,85.7682,85.7682,85.7682,85.7682,85.7682,85.7682
2020-01-31 12:00:00,3.0219,37.7531,6.3913,0.563,361.4155,323.1041,49.3129,1258.1494,830.8366,4195.5299,0.563,91.4631,91.4631,91.4631,91.4631,91.4631,91.4631
2020-01-31 12:30:00,2.9937,37.8216,5.9543,0.5587,360.379,327.5075,49.6298,1273.5763,838.1502,4166.1018,0.5587,85.3828,85.3828,85.3828,85.3828,85.3828,85.3828
2020-01-31 13:00:00,2.9419,38.318,5.6872,0.5465,363.4694,329.4809,49.9164,1288.5589,839.8488,4169.2697,0.5465,91.1109,91.1109,91.1109,91.1109,91.1109,91.1109
2020-01-31 13:30:00,2.999,37.919,5.7308,0.5456,365.6587,331.1793,49.8034,1284.7387,847.1209,4138.1401,0.5456,99.6609,99.6609,99.6609,99.6609,99.6609,99.6609
2020-01-31 14:00:00,2.9733,37.626,5.9751,0.5606,360.355,332.8044,49.8474,1279.5638,843.4828,4122.3528,0.5606,86.7642,86.7642,86.7642,86.7642,86.7642,86.7642
2020-01-31 14:30:00,2.8296,36.875,6.134,0.5693,360.2256,332.1574,49.6292,1285.7765,821.7256,4106.3707,0.5693,91.5534,91.5534,91.5534,91.5534,91.5534,91.5534
2020-01-31 15:00:00,2.7669,35.6347,5.9928,0.5771,359.6756,331.8578,49.4764,1297.0492,814.2891,4064.1276,0.5771,84.1531,84.1531,84.1531,84.1531,84.1531,84.1531
2020-01-31 15:30:00,2.7058,34.6423,6.7276,0.6,355.7124,330.9676,49.2361,1308.0602,806.2178,4069.7226,0.6,81.1969,81.1969,81.1969,81.1969,81.1969,81.1969
2020-01-31 16:00:00,2.6257,33.2453,7.8382,0.629,360.4216,331.4463,49.0327,1313.709,804.5103,4144.1806,0.629,90.0752,90.0752,90.0752,90.0752,90.0752,90.0752
2020-01-31 16:30:00,2.5214,31.8839,9.3382,0.6927,367.0565,331.4732,48.885,1314.5166,793.0431,4169.8251,0.6927,89.4992,89.4992,89.4992,89.4992,89.4992,89.4992
2020-01-31 17:00:00,2.4659,30.4892,11.2021,0.767,371.0839,325.9574,48.4583,1312.8978,783.0512,4170.5038,0.767,88.2232,88.2232,88.2232,88.2232,88.2232,88.2232
2020-01-31 17:30:00,2.4622,29.4917,12.087,0.862,374.3216,320.5633,48.8449,1312.275,746.3028,4235.4246,0.862,112.8309,112.8309,112.8309,112.8309,112.8309,112.8309
2020-01-31 18:00:00,2.4126,27.4391,11.4387,0.9199,371.0973,303.7228,47.6316,1291.0996,677.6464,4215.6295,0.9199,110.446,110.446,110.446,110.446,110.446,110.446
2020-01-31 18:30:00,2.3257,26.2258,11.3863,0.9533,365.1368,296.8294,47.0392,1277.6023,662.1612,4202.8855,0.9533,118.1357,118.1357,118.1357,118.1357,118.1357,118.1357
2020-01-31 19:00:00,2.2331,25.0521,11.3614,0.9492,355.6788,289.6683,46.2763,1261.6161,648.3248,4188.2004,0.9492,107.7841,107.7841,107.7841,107.7841,107.7841,107.7841
2020-01-31 19:30:00,2.1654,24.3573,11.1116,0.9351,350.6383,284.3519,45.492,1243.3195,643.394,4186.7863,0.9351,113.0983,113.0983,113.0983,113.0983,113.0983,113.0983
2020-01-31 20:00:00,2.1078,23.1096,10.7631,0.9293,345.9016,278.3945,44.3851,1225.9368,630.9114,4156.569,0.9293,111.767,111.767,111.767,111.767,111.767,111.767
2020-01-31 20:30:00,2.0422,22.5172,10.4055,0.9169,343.1016,270.4337,43.5111,1214.9742,621.3952,4155.7574,0.9169,109.4786,109.4786,109.4786,109.4786,109.4786,109.4786
2020-01-31 21:00:00,1.9425,21.7747,10.1569,0.8824,334.2545,262.5062,42.6069,1201.3032,611.3494,4157.5292,0.8824,109.6303,109.6303,109.6303,109.6303,109.6303,109.6303
2020-01-31 21:30:00,1.861,20.8721,9.7001,0.8616,328.4231,258.206,41.8454,1199.67,602.4851,4275.2523,0.8616,104.3179,104.3179,104.3179,104.3179,104.3179,104.3179
2020-01-31 22:00:00,1.7589,19.6081,8.8911,0.8167,319.765,249.6252,40.4732,1175.4893,591.7345,4271.7834,0.8167,112.7241,112.7241,112.7241,112.7241,112.7241,112.7241
2020-01-31 22:30:00,1.6907,18.9674,8.8659,0.7804,312.8117,244.4471,39.2381,1161.4882,595.2781,4248.273,0.7804,108.691,108.691,108.691,108.691,108.691,108.691
2020-01-31 23:00:00,1.6406,18.3279,8.5537,0.7417,307.2972,238.639,38.1352,1144.9435,584.1942,4229.0715,0.7417,106.1793,106.1793,106.1793,106.1793,106.1793,106.1793
2020-01-31 23:30:00,1.5956,17.7778,8.4855,0.6922,301.7486,232.2428,37.3137,1124.9774,574.7674,4197.44,0.6922,97.3799,97.3799,97.3799,97.3799,97.3799,97.3799
2020-02-01 00:00:00,1.5658,17.2898,8.3277,0.6856,299.3513,227.7679,36.1929,1112.7202,557.8293,4272.7231,0.6856,90.732,90.732,90.732,90.732,90.732,90.732
2020-02-01 00:30:00,1.5474,16.9876,8.3387,0.6641,297.4227,223.9738,35.6772,1106.6585,554.5736,4293.8505,0.6641,102.0699,102.0699,102.0699,102.0699,102.0699,102.0699
2020-02-01 01:00:00,1.5371,17.0222,8.3392,0.6503,297.0893,221.2165,35.25,1096.7523,549.9755,4304.0093,0.6503,86.6653,86.6653,86.6653,86.6653,86.6653,86.6653
2020-02-01 01:30:00,1.5251,16.889,8.271,0.6233,293.5823,218.5191,34.714,1091.5393,545.8076,4242.9739,0.6233,90.2712,90.2712,90.2712,90.2712,90.2712,90.2712
2020-02-01 02:00:00,1.5274,16.8368,8.1807,0.5922,294.7009,217.2287,34.458,1084.7465,539.962,4217.9598,0.5922,96.4054,96.4054,96.4054,96.4054,96.4054,96.4054
2020-02-01 02:30:00,1.5208,16.7549,8.1278,0.5772,296.005,215.6713,34.3528,1079.9589,541.1678,4233.7899,0.5772,97.9996,97.9996,97.9996,97.9996,97.9996,97.9996
2020-02-01 03:00:00,1.5081,16.749,8.379,0.5675,293.6985,215.4958,34.6342,1071.6104,543.9914,4205.7563,0.5675,109.9658,109.9658,109.9658,109.9658,109.9658,109.9658
2020-02-01 03:30:00,1.5152,16.6195,8.4443,0.5798,290.7197,215.1424,34.6427,1074.1633,541.4557,4150.9991,0.5798,118.3754,118.3754,118.3754,118.3754,118.3754,118.3754
2020-02-01 04:00:00,1.5394,16.8446,8.2675,0.5833,291.7979,218.1676,35.0901,1071.5715,539.5879,4156.3407,0.5833,109.1642,109.1642,109.1642,109.1642,109.1642,109.1642
2020-02-01 04:30:00,1.5573,17.0244,8.4044,0.5895,296.1935,219.7549,35.5798,1072.5549,541.5,4156.1207,0.5895,112.8566,112.8566,112.8566,112.8566,112.8566,112.8566
2020-02-01 05:00:00,1.6019,17.6313,8.6215,0.6006,302.3721,223.577,36.321,1080.5842,548.8578,4156.8259,0.6006,114.8144,114.8144,114.8144,114.8144,114.8144,114.8144
2020-02-01 05:30:00,1.6437,18.1489,9.1789,0.6219,305.9622,226.1922,37.2078,1087.6238,556.8548,4125.0032,0.6219,110.0098,110.0098,110.0098,110.0098,110.0098,110.0098
2020-02-01 06:00:00,1.7418,19.3113,9.163,0.6509,309.7563,231.4892,38.8024,1095.7941,563.3727,4126.3485,0.6509,107.651,107.651,107.651,107.651,107.651,107.651
2020-02-01 06:30:00,1.809,19.8911,9.1048,0.6895,309.5681,235.0421,39.5482,1104.7138,566.242,4148.0678,0.6895,108.8364,108.8364,108.8364,108.8364,108.8364,108.8364
2020-02-01 07:00:00,1.7986,20.5187,8.9803,0.7328,310.3129,235.5012,39.4114,1103.7064,570.3661,4144.2941,0.7328,94.98,94.98,94.98,94.98,94.98,94.98
2020-02-01 07:30:00,1.8048,20.7138,8.0985,0.7474,303.766,232.7495,39.344,1095.5252,573.7692,4105.5295,0.7474,104.1083,104.1083,104.1083,104.1083,104.1083,104.1083
2020-02-01 08:00:00,1.848,21.3514,6.6449,0.7681,298.779,233.2459,40.0725,1079.8989,578.6302,4054.4558,0.7681,108.5662,108.5662,108.5662,108.5662,108.5662,108.5662
2020-02-01 08:30:00,1.9484,21.8885,5.1771,0.7711,290.6353,229.7936,40.4399,1063.8774,573.0879,4012.8678,0.7711,93.3894,93.3894,93.3894,93.3894,93.3894,93.3894
2020-02-01 09:00:00,2.0286,22.3876,4.5142,0.7602,287.4499,229.8461,40.9652,1053.7752,580.3784,3994.8013,0.7602,125.1679,125.1679,125.1679,125.1679,125.1679,125.1679
2020-02-01 09:30:00,2.0952,22.6487,4.1032,0.7611,285.1804,229.4138,41.348,1047.5956,590.5373,3983.6602,0.7611,122.2382,122.2382,122.2382,122.2382,122.2382,122.2382
2020-02-01 10:00:00,2.1233,23.2403,3.8814,0.7507,285.7112,232.6081,41.5107,1052.2397,589.6058,3988.0213,0.7507,123.311,123.311,123.311,123.311,123.311,123.311
2020-02-01 10:30:00,2.2392,23.2694,3.8822,0.739,284.9277,233.7188,41.7447,1056.9973,587.8481,4017.7085,0.739,130.4055,130.4055,130.4055,130.4055,130.4055,130.4055
2020-02-01 11:00:00,2.1924,23.2461,3.9095,0.7062,283.8194,233.9322,41.7104,1066.2327,594.0628,4024.253,0.7062,115.3098,115.3098,115.3098,115.3098,115.3098,115.3098
2020-02-01 11:30:00,2.2514,23.2948,3.7932,0.7049,285.78,234.8246,41.7095,1067.5791,596.5811,4043.3042,0.7049,132.3297,132.3297,132.3297,132.3297,132.3297,132.3297
2020-02-01 12:00:00,2.1039,23.5107,3.8445,0.6871,283.5826,235.1245,41.9084,1066.0284,593.5586,4049.3183,0.6871,118.6889,118.6889,118.6889,118.6889,118.6889,118.6889
2020-02-01 12:30:00,2.0933,23.5261,4.0079,0.6645,279.5971,234.998,42.3676,1069.0872,591.8136,4061.2052,0.6645,108.864,108.864,108.864,108.864,108.864,108.864
2020-02-01 13:00:00,2.0785,23.4432,3.8639,0.6651,280.6945,235.4434,42.2668,1073.1051,585.8433,4067.4785,0.6651,121.3882,121.3882,121.3882,121.3882,121.3882,121.3882
2020-02-01 13:30:00,2.0964,23.3602,3.6845,0.6347,283.8193,235.9524,42.4493,1078.4617,586.144,4084.8887,0.6347,89.9212,89.9212,89.9212,89.9212,89.9212,89.9212
2020-02-01 14:00:00,2.0787,23.0725,3.7089,0.6365,281.0154,237.123,42.216,1076.1291,587.1442,4106.5393,0.6365,93.6608,93.6608,93.6608,93.6608,93.6608,93.6608
2020-02-01 14:30:00,2.0629,22.7149,3.7208,0.6338,283.2103,237.9714,42.0708,1080.299,585.7054,4104.4015,0.6338,86.5354,86.5354,86.5354,86.5354,86.5354,86.5354
2020-02-01 15:00:00,2.0455,22.8237,3.8339,0.6315,287.2326,240.4005,42.167,1091.5232,582.3603,4116.9293,0.6315,84.0188,84.0188,84.0188,84.0188,84.0188,84.0188
2020-02-01 15:30:00,2.0177,22.7146,4.2309,0.6386,293.7082,242.6463,42.3675,1107.513,581.0141,4109.4684,0.6386,100.2993,100.2993,100.2993,100.2993,100.2993,100.2993
2020-02-01 16:00:00,2.001,22.5769,5.1291,0.6812,302.4529,245.9878,42.2558,1131.1402,580.648,4178.7079,0.6812,90.0592,90.0592,90.0592,90.0592,90.0592,90.0592
2020-02-01 16:30:00,1.9915,22.5708,6.9372,0.7356,311.2762,248.3325,42.4965,1152.1022,581.6432,4241.8608,0.7356,88.8182,88.8182,88.8182,88.8182,88.8182,88.8182
2020-02-01 17:00:00,2.0201,22.3046,8.684,0.8109,316.8478,249.0259,42.6872,1153.5995,577.3761,4291.6489,0.8109,87.9672,87.9672,87.9672,87.9672,87.9672,87.9672
2020-02-01 17:30:00,2.1076,22.4059,9.696,0.8905,330.4178,250.2166,43.693,1161.7259,573.2786,4328.384,0.8905,101.8444,101.8444,101.8444,101.8444,101.8444,101.8444
2020-02-01 18:00:00,2.0987,22.1952,9.9707,0.9522,336.4021,245.4928,43.2086,1148.6762,565.9815,4274.0457,0.9522,105.83,105.83,105.83,105.83,105.83,105.83
2020-02-01 18:30:00,2.0594,21.7306,9.7563,0.9608,334.5509,242.5749,42.8696,1140.3306,558.3926,4257.2442,0.9608,105.8665,105.8665,105.8665,105.8665,105.8665,105.8665
2020-02-01 19:00:00,2.0157,21.1457,9.5493,0.9351,328.0484,239.9764,42.5009,1128.6972,551.7633,4244.3238,0.9351,103.4761,103.4761,103.4761,103.4761,103.4761,103.4761
2020-02-01 19:30:00,1.9874,20.8105,9.3832,0.916,318.8774,235.8501,41.9211,1120.4486,548.722,4211.3669,0.916,101.0415,101.0415,101.0415,101.0415,101.0415,101.0415
2020-02-01 20:00:00,1.9419,20.3611,9.4345,0.9067,314.561,231.8731,41.1927,1117.5479,541.4524,4156.9448,0.9067,99.7791,99.7791,99.7791,99.7791,99.7791,99.7791
2020-02-01 20:30:00,1.8947,19.9434,9.3089,0.9105,311.5587,229.0838,40.7467,1108.3838,534.5393,4144.1299,0.9105,98.6811,98.6811,98.6811,98.6811,98.6811,98.6811
2020-02-01 21:00:00,1.8341,19.1766,9.0464,0.8894,305.6025,225.279,40.0383,1102.1319,526.1624,4125.8945,0.8894,93.7951,93.7951,93.7951,93.7951,93.7951,93.7951
2020-02-01 21:30:00,1.7629,18.5645,8.9785,0.8703,304.5494,221.831,39.2982,1095.9387,524.6723,4105.7411,0.8703,88.3688,88.3688,88.3688,88.3688,88.3688,88.3688
2020-02-01 22:00:00,1.7124,17.8765,8.6429,0.8313,298.8528,217.201,38.4163,1081.9151,525.712,4097.703,0.8313,94.5364,94.5364,94.5364,94.5364,94.5364,94.5364
2020-02-01 22:30:00,1.6621,17.599,8.4857,0.7797,295.1611,214.5382,37.6242,1075.0218,520.5863,4108.5501,0.7797,90.7892,90.7892,90.7892,90.7892,90.7892,90.7892
2020-02-01 23:00:00,1.627,17.0127,8.4556,0.7489,293.787,211.7002,36.5045,1067.1412,513.1223,4094.7469,0.7489,106.781,106.781,106.781,106.781,106.781,106.781
2020-02-01 23:30:00,1.5966,16.7185,8.2485,0.705,290.6973,209.2501,35.8556,1060.3641,508.9643,4091.5661,0.705,94.4416,94.4416,94.4416,94.4416,94.4416,94.4416
2020-02-02 00:00:00,1.5662,16.5808,8.4241,0.6725,290.0445,205.8521,34.8351,1056.566,512.0524,4005.3258,0.6725,104.323,104.323,104.323,104.323,104.323,104.323
2020-02-02 00:30:00,1.5348,16.276,8.2132,0.653,286.3418,203.3422,34.3683,1045.2263,507.1761,4007.5295,0.653,106.0745,106.0745,106.0745,106.0745,106.0745,106.0745
2020-02-02 01:00:00,1.5134,16.0719,8.1376,0.613,285.8393,202.6532,33.8417,1041.6436,507.5155,3992.7278,0.613,91.7511,91.7511,91.7511,91.7511,91.7511,91.7511
2020-02-02 01:30:00,1.4941,15.8594,8.0817,0.5924,283.168,201.1399,33.8406,1034.8516,507.7921,3985.0908,0.5924,104.0797,104.0797,104.0797,104.0797,104.0797,104.0797
2020-02-02 02:00:00,1.4891,15.7765,8.1239,0.5766,282.8369,200.006,33.6309,1034.949,504.589,3956.0981,0.5766,104.468,104.468,104.468,104.468,104.468,104.468
2020-02-02 02:30:00,1.483,15.7485,8.0356,0.572,281.535,199.6226,33.5196,1031.1463,504.8614,3942.6129,0.572,105.4899,105.4899,105.4899,105.4899,105.4899,105.4899
2020-02-02 03:00:00,1.4757,15.7849,8.183,0.5602,280.6329,199.9921,33.6976,1025.3528,504.603,3935.0998,0.5602,99.3735,99.3735,99.3735,99.3735,99.3735,99.3735
2020-02-02 03:30:00,1.4828,15.7554,8.2463,0.5559,280.2853,200.8796,33.7077,1031.1069,504.8366,3909.1987,0.5559,95.098,95.098,95.098,95.098,95.098,95.098
2020-02-02 04:00:00,1.4866,15.8785,8.147,0.5594,281.8068,203.2298,34.1861,1030.1249,505.0661,3905.0983,0.5594,97.3314,97.3314,97.3314,97.3314,97.3314,97.3314
2020-02-02 04:30:00,1.5115,16.1186,8.167,0.5692,285.1402,203.7509,34.3824,1033.8258,506.7721,3905.2815,0.5692,92.8857,92.8857,92.8857,92.8857,92.8857,92.8857
2020-02-02 05:00:00,1.5358,16.4988,8.2812,0.5875,288.4882,207.2702,35.3539,1039.5641,508.3625,3884.8754,0.5875,94.7534,94.7534,94.7534,94.7534,94.7534,94.7534
2020-02-02 05:30:00,1.5669,16.8102,8.2296,0.6063,290.0536,208.899,36.1992,1037.9409,511.5155,3895.7948,0.6063,86.9799,86.9799,86.9799,86.9799,86.9799,86.9799
2020-02-02 06:00:00,1.6084,17.48,8.6094,0.6224,291.4622,212.9908,37.4383,1044.3914,518.9239,3909.1417,0.6224,89.3375,89.3375,89.3375,89.3375,89.3375,89.3375
2020-02-02 06:30:00,1.6286,17.9675,8.5964,0.6649,294.1068,215.1077,38.2692,1047.3769,521.5128,3903.3875,0.6649,94.5876,94.5876,94.5876,94.5876,94.5876,94.5876
2020-02-02 07:00:00,1.602,18.0992,8.2495,0.7114,291.4544,216.321,38.1874,1042.4205,524.9539,3881.6312,0.7114,76.0311,76.0311,76.0311,76.0311,76.0311,76.0311
2020-02-02 07:30:00,1.5724,17.964,7.3208,0.7252,286.3594,212.7031,37.6006,1030.8669,523.3441,3858.0681,0.7252,76.6871,76.6871,76.6871,76.6871,76.6871,76.6871
2020-02-02 08:00:00,1.632,18.3196,6.424,0.7691,282.5707,212.8967,38.0893,1022.625,522.6987,3843.9555,0.7691,69.286,69.286,69.286,69.286,69.286,69.286
2020-02-02 08:30:00,1.6866,18.6033,5.3262,0.7918,275.4704,211.8738,38.427,1014.5516,521.9944,3836.5321,0.7918,75.7913,75.7913,75.7913,75.7913,75.7913,75.7913
2020-02-02 09:00:00,1.7248,18.8747,4.4742,0.8027,272.3075,210.1688,38.5013,996.9325,522.6514,3827.4875,0.8027,71.8171,71.8171,71.8171,71.8171,71.8171,71.8171
2020-02-02 09:30:00,1.78,18.9421,4.1851,0.8067,266.573,208.9586,38.7579,981.2895,523.4601,3792.4324,0.8067,82.2808,82.2808,82.2808,82.2808,82.2808,82.2808
2020-02-02 10:00:00,1.8382,19.2005,3.9056,0.8173,268.0954,209.9076,39.1716,980.813,527.3968,3778.8267,0.8173,109.3713,109.3713,109.3713,109.3713,109.3713,109.3713
2020-02-02 10:30:00,1.856,19.4184,3.9715,0.8106,266.9474,210.4545,39.3123,979.6307,524.8745,3779.469,0.8106,100.2339,100.2339,100.2339,100.2339,100.2339,100.2339
2020-02-02 11:00:00,1.8716,19.9719,3.869,0.825,266.428,212.2896,39.3716,985.2429,527.3861,3752.5658,0.825,119.7343,119.7343,119.7343,119.7343,119.7343,119.7343
2020-02-02 11:30:00,1.8721,19.9355,3.6471,0.8115,267.7375,210.4187,39.4544,982.1424,528.571,3723.033,0.8115,110.8989,110.8989,110.8989,110.8989,110.8989,110.8989
2020-02-02 12:00:00,1.8528,19.8427,3.508,0.8142,264.5963,208.7649,39.2297,979.1843,525.13,3697.0975,0.8142,113.9762,113.9762,113.9762,113.9762,113.9762,113.9762
2020-02-02 12:30:00,1.8527,19.9269,3.4214,0.8104,262.0672,208.0391,39.171,978.0255,525.4453,3732.2675,0.8104,109.0226,109.0226,109.0226,109.0226,109.0226,109.0226
2020-02-02 13:00:00,1.8377,19.9076,3.3471,0.7988,262.4489,207.8895,39.35,981.5631,517.8518,3767.6643,0.7988,115.4109,115.4109,115.4109,115.4109,115.4109,115.4109
2020-02-02 13:30:00,1.8104,20.0609,3.4416,0.7818,264.0977,208.221,39.3943,980.2442,518.2541,3773.0219,0.7818,112.673,112.673,112.673,112.673,112.673,112.673
2020-02-02 14:00:00,1.8022,19.8435,3.4093,0.768,265.9139,208.6296,39.1953,982.208,518.2641,3720.2409,0.768,105.1578,105.1578,105.1578,105.1578,105.1578,105.1578
2020-02-02 14:30:00,1.789,19.8665,3.4316,0.7731,265.379,209.7232,39.0529,986.009,514.0141,3650.4966,0.7731,86.2124,86.2124,86.2124,86.2124,86.2124,86.2124
2020-02-02 15:00:00,1.7752,19.8267,3.473,0.7765,263.011,210.8166,38.7289,993.5128,519.1517,3613.3022,0.7765,80.7337,80.7337,80.7337,80.7337,80.7337,80.7337
2020-02-02 15:30:00,1.7494,19.667,3.83,0.7697,267.343,213.5446,38.5842,1005.5825,520.9758,3619.2617,0.7697,75.5132,75.5132,75.5132,75.5132,75.5132,75.5132
2020-02-02 16:00:00,1.7461,19.4112,4.3596,0.7774,274.3237,217.9715,38.6801,1026.6781,522.3472,3650.1675,0.7774,85.7779,85.7779,85.7779,85.7779,85.7779,85.7779
2020-02-02 16:30:00,1.7792,19.7023,5.9473,0.8417,285.3554,221.4074,38.7043,1049.5176,523.8642,3681.5438,0.8417,82.1232,82.1232,82.1232,82.1232,82.1232,82.1232
2020-02-02 17:00:00,1.808,19.8754,7.7009,0.9029,293.4984,224.325,39.2354,1061.3061,523.9735,3683.4675,0.9029,83.4204,83.4204,83.4204,83.4204,83.4204,83.4204
2020-02-02 17:30:00,1.9286,20.1798,8.7458,1.0111,301.2079,227.9778,40.4287,1070.6861,524.3543,3725.1965,1.0111,95.0968,95.0968,95.0968,95.0968,95.0968,95.0968
2020-02-02 18:00:00,1.9513,20.2142,9.2388,1.0459,303.8859,226.2248,40.5778,1070.8372,519.3833,3714.0363,1.0459,99.451,99.451,99.451,99.451,99.451,99.451
2020-02-02 18:30:00,1.9294,20.0437,9.2566,1.0444,302.37,223.8349,40.401,1073.0724,514.8005,3699.3313,1.0444,104.2738,104.2738,104.2738,104.2738,104.2738,104.2738
2020-02-02 19:00:00,1.8905,19.5573,9.1637,1.0622,302.4171,221.4237,40.0967,1074.6599,512.0587,3649.67,1.0622,103.1809,103.1809,103.1809,103.1809,103.1809,103.1809
2020-02-02 19:30:00,1.8773,19.3762,9.2964,1.1163,302.5495,218.3841,39.7761,1068.9861,512.045,3665.5955,1.1163,105.8044,105.8044,105.8044,105.8044,105.8044,105.8044
2020-02-02 20:00:00,1.8536,18.7595,9.4437,1.114,301.7779,217.0042,39.1831,1067.6782,508.3154,3650.4758,1.114,92.879,92.879,92.879,92.879,92.879,92.879
2020-02-02 20:30:00,1.8087,18.6655,9.4266,1.104,302.4383,215.1952,38.9274,1069.2593,505.2568,3654.1733,1.104,92.7567,92.7567,92.7567,92.7567,92.7567,92.7567
2020-02-02 21:00:00,1.7545,18.3183,9.2589,1.0681,300.1788,213.1999,38.6853,1071.5021,507.3987,3663.5421,1.0681,104.0413,104.0413,104.0413,104.0413,104.0413,104.0413
2020-02-02 21:30:00,1.7152,18.0321,9.278,1.0184,299.8512,213.1663,38.0606,1069.2647,507.0272,3656.9939,1.0184,100.7068,100.7068,100.7068,100.7068,100.7068,100.7068
2020-02-02 22:00:00,1.6711,17.5656,9.0801,0.9344,299.4751,210.4553,37.1073,1062.7198,508.596,3660.2891,0.9344,93.0915,93.0915,93.0915,93.0915,93.0915,93.0915
2020-02-02 22:30:00,1.6458,17.3387,8.9217,0.8891,299.3138,208.6858,36.4069,1064.4602,509.5443,3702.2014,0.8891,101.1155,101.1155,101.1155,101.1155,101.1155,101.1155
2020-02-02 23:00:00,1.6171,16.8617,8.8528,0.8365,302.5235,206.1995,35.7132,1061.0618,508.912,3707.9761,0.8365,98.861,98.861,98.861,98.861,98.861,98.861
2020-02-02 23:30:00,1.5941,16.7913,8.7463,0.7725,300.8346,204.3596,35.176,1055.4739,507.4362,3713.7904,0.7725,103.6911,103.6911,103.6911,103.6911,103.6911,103.6911
2020-02-03 00:00:00,1.5786,16.5676,8.6187,0.7539,295.6998,203.44,35.1377,1057.38,508.5312,3674.0579,0.7539,106.856,106.856,106.856,106.856,106.856,106.856
2020-02-03 00:30:00,1.5814,16.5672,8.5942,0.7418,295.3844,202.8159,34.7873,1047.601,508.7213,3670.1232,0.7418,113.2502,113.2502,113.2502,113.2502,113.2502,113.2502
2020-02-03 01:00:00,1.5643,16.563,8.5891,0.7174,294.2201,203.6502,34.7252,1046.9231,509.0991,3663.0861,0.7174,109.2645,109.2645,109.2645,109.2645,109.2645,109.2645
2020-02-03 01:30:00,1.5626,16.6899,8.5299,0.6941,290.918,203.02,34.5028,1042.2296,509.4147,3673.7072,0.6941,112.4339,112.4339,112.4339,112.4339,112.4339,112.4339
2020-02-03 02:00:00,1.5633,16.9025,8.5729,0.6826,291.2813,204.6629,34.5029,1037.8158,511.4393,3642.663,0.6826,121.1711,121.1711,121.1711,121.1711,121.1711,121.1711
2020-02-03 02:30:00,1.5781,16.9125,8.7266,0.6841,292.307,206.0568,34.5503,1046.1964,517.1781,3646.9223,0.6841,106.8516,106.8516,106.8516,106.8516,106.8516,106.8516
2020-02-03 03:00:00,1.5929,17.2127,8.8738,0.6897,289.9107,209.8946,34.9171,1049.3197,528.5034,3660.7585,0.6897,100.392,100.392,100.392,100.392,100.392,100.392
2020-02-03 03:30:00,1.5828,17.7253,9.0689,0.6878,292.1244,215.6681,35.4842,1060.1448,539.6772,3651.835,0.6878,107.8633,107.8633,107.8633,107.8633,107.8633,107.8633
2020-02-03 04:00:00,1.6441,18.8324,9.2446,0.6985,299.2461,223.8286,36.6007,1071.7015,556.7994,3701.2746,0.6985,111.5269,111.5269,111.5269,111.5269,111.5269,111.5269
2020-02-03 04:30:00,1.7272,19.7639,9.8915,0.7213,306.4637,230.5971,37.5951,1090.3566,572.2918,3748.2229,0.7213,109.0854,109.0854,109.0854,109.0854,109.0854,109.0854
2020-02-03 05:00:00,1.8482,21.5051,10.7385,0.7544,316.94,243.9163,39.2267,1118.8839,600.6503,3796.844,0.7544,104.6276,104.6276,104.6276,104.6276,104.6276,104.6276
2020-02-03 05:30:00,1.9306,23.6454,11.4204,0.8032,331.5122,255.7145,40.7668,1149.3764,629.9064,3843.688,0.8032,92.8893,92.8893,92.8893,92.8893,92.8893,92.8893
2020-02-03 06:00:00,2.1702,26.7216,13.6685,0.8558,350.7722,273.3046,43.3484,1200.5209,672.7556,3914.4142,0.8558,94.4352,94.4352,94.4352,94.4352,94.4352,94.4352
2020-02-03 06:30:00,2.3262,29.3528,15.3673,0.962,364.4495,286.1871,44.8975,1227.3055,702.3576,3983.3907,0.962,91.7734,91.7734,91.7734,91.7734,91.7734,91.7734
2020-02-03 07:00:00,2.5253,31.8653,17.4515,1.0059,376.0913,299.5241,45.6353,1252.7404,726.3259,4032.2914,1.0059,80.9681,80.9681,80.9681,80.9681,80.9681,80.9681
2020-02-03 07:30:00,2.6628,34.4713,18.1468,0.9615,382.1957,307.5015,46.1496,1259.1121,744.8836,4032.8594,0.9615,84.7922,84.7922,84.7922,84.7922,84.7922,84.7922
2020-02-03 08:00:00,2.9581,36.2101,16.6785,0.9034,377.3906,312.4352,47.0206,1262.3153,756.9984,3973.853,0.9034,85.3502,85.3502,85.3502,85.3502,85.3502,85.3502
2020-02-03 08:30:00,3.0455,36.9723,14.0984,0.8522,367.9155,312.7231,47.4692,1258.2643,769.4324,3915.5989,0.8522,81.4762,81.4762,81.4762,81.4762,81.4762,81.4762
2020-02-03 09:00:00,3.1883,37.1147,11.4486,0.7956,360.7659,312.6037,47.3977,1254.9083,784.8286,3896.09,0.7956,88.0628,88.0628,88.0628,88.0628,88.0628,88.0628
2020-02-03 09:30:00,3.1875,36.8358,9.6482,0.7729,359.46,310.1677,47.8024,1250.0686,791.3951,3899.8189,0.7729,79.7403,79.7403,79.7403,79.7403,79.7403,79.7403
2020-02-03 10:00:00,3.2553,37.2905,8.2623,0.7436,357.5221,312.0573,47.9123,1244.4703,791.06,3951.8856,0.7436,121.814,121.814,121.814,121.814,121.814,121.814
2020-02-03 10:30:00,3.2701,37.167,7.6671,0.7261,350.4128,311.5572,47.9647,1246.6353,798.4765,3950.0324,0.7261,124.8832,124.8832,124.8832,124.8832,124.8832,124.8832
2020-02-03 11:00:00,3.1304,37.1215,6.9658,0.7092,348.282,311.0384,47.8317,1235.009,797.2789,3941.7759,0.7092,124.901,124.901,124.901,124.901,124.901,124.901
2020-02-03 11:30:00,3.2111,36.9794,6.4891,0.6942,344.4055,310.1734,47.3589,1237.2892,802.2267,3915.8281,0.6942,126.6272,126.6272,126.6272,126.6272,126.6272,126.6272
2020-02-03 12:00:00,3.1516,36.9723,6.3184,0.6909,339.4969,310.0416,47.0943,1235.8441,800.6019,3913.5496,0.6909,131.6296,131.6296,131.6296,131.6296,131.6296,131.6296
2020-02-03 12:30:00,3.1504,36.8447,5.978,0.6879,338.4768,310.9115,47.0579,1233.8357,803.6656,3958.6901,0.6879,136.3754,136.3754,136.3754,136.3754,136.3754,136.3754
2020-02-03 13:00:00,3.0464,37.1748,5.6504,0.6742,340.5452,309.3945,46.9051,1233.8239,808.1295,3962.974,0.6742,95.1029,95.1029,95.1029,95.1029,95.1029,95.1029
2020-02-03 13:30:00,3.0534,36.4782,5.7921,0.6612,339.3893,310.0312,46.9884,1234.644,801.5688,3950.9356,0.6612,108.1491,108.1491,108.1491,108.1491,108.1491,108.1491
2020-02-03 14:00:00,2.9662,35.9629,5.8247,0.6591,337.5077,309.42,46.8591,1232.0558,799.7931,3916.9711,0.6591,88.3869,88.3869,88.3869,88.3869,88.3869,88.3869
2020-02-03 14:30:00,2.8688,35.0807,5.6621,0.6602,336.4886,307.2702,46.7653,1232.3665,787.7154,3909.7114,0.6602,94.4542,94.4542,94.4542,94.4542,94.4542,94.4542
2020-02-03 15:00:00,2.7983,34.0232,5.6595,0.6694,337.5965,306.2255,46.3114,1242.0351,786.3375,3895.9447,0.6694,81.9317,81.9317,81.9317,81.9317,81.9317,81.9317
2020-02-03 15:30:00,2.7264,32.969,5.8555,0.7025,337.8126,307.2454,46.1644,1248.499,775.7685,3905.4579,0.7025,94.449,94.449,94.449,94.449,94.449,94.449
2020-02-03 16:00:00,2.6841,31.6155,7.2542,0.7568,349.84,311.0626,45.9471,1263.7111,773.3557,3939.7105,0.7568,87.5678,87.5678,87.5678,87.5678,87.5678,87.5678
2020-02-03 16:30:00,2.5979,30.8817,9.1645,0.8333,360.2083,313.7708,46.022,1283.5905,767.8051,3996.7329,0.8333,77.8148,77.8148,77.8148,77.8148,77.8148,77.8148
2020-02-03 17:00:00,2.522,29.8411,10.9517,0.9399,368.7149,312.5333,46.4024,1287.1172,753.3009,4023.747,0.9399,81.8822,81.8822,81.8822,81.8822,81.8822,81.8822
2020-02-03 17:30:00,2.528,29.5017,12.2467,1.1081,377.7983,310.0798,47.5394,1289.1333,731.9451,4010.1875,1.1081,96.5696,96.5696,96.5696,96.5696,96.5696,96.5696
2020-02-03 18:00:00,2.4492,27.9756,12.3377,1.1976,377.2624,297.0502,47.027,1274.2651,673.2951,4018.036,1.1976,97.6103,97.6103,97.6103,97.6103,97.6103,97.6103
2020-02-03 18:30:00,2.3408,27.1139,12.0578,1.238,374.1873,291.6759,46.7013,1266.9399,658.2086,4059.3611,1.238,100.0105,100.0105,100.0105,100.0105,100.0105,100.0105
2020-02-03 19:00:00,2.2455,26.1262,11.758,1.2336,367.6964,287.1151,46.205,1258.9805,639.1602,4088.2022,1.2336,97.324,97.324,97.324,97.324,97.324,97.324
2020-02-03 19:30:00,2.1864,25.3983,11.462,1.2384,362.7184,283.9438,45.8786,1246.5743,630.1069,4061.6768,1.2384,95.2707,95.2707,95.2707,95.2707,95.2707,95.2707
2020-02-03 20:00:00,2.1092,24.3228,11.4562,1.256,357.7471,278.2581,44.9369,1233.7072,623.4871,4048.9417,1.256,102.6536,102.6536,102.6536,102.6536,102.6536,102.6536
2020-02-03 20:30:00,2.0309,23.5923,11.4275,1.1877,352.6207,272.1497,44.3517,1224.624,621.114,4037.783,1.1877,100.7588,100.7588,100.7588,100.7588,100.7588,100.7588
2020-02-03 21:00:00,1.9378,22.613,10.8658,1.1353,343.3169,264.6644,43.254,1213.8491,609.9497,4062.215,1.1353,104.0058,104.0058,104.0058,104.0058,104.0058,104.0058
2020-02-03 21:30:00,1.8589,21.5379,10.5612,1.0889,340.042,260.0067,42.3367,1210.7485,603.1918,4078.3739,1.0889,114.9972,114.9972,114.9972,114.9972,114.9972,114.9972
2020-02-03 22:00:00,1.7911,20.568,10.2211,1.0124,331.2308,253.7231,40.976,1198.3403,596.7313,4055.3518,1.0124,111.3979,111.3979,111.3979,111.3979,111.3979,111.3979
2020-02-03 22:30:00,1.747,20.1605,9.7112,0.9341,326.3006,248.2543,39.9405,1188.0776,588.9408,4037.1129,0.9341,104.5007,104.5007,104.5007,104.5007,104.5007,104.5007
2020-02-03 23:00:00,1.7106,19.3132,9.3262,0.8843,322.9194,243.632,38.7095,1177.7476,583.6334,4043.1239,0.8843,113.2786,113.2786,113.2786,113.2786,113.2786,113.2786
2020-02-03 23:30:00,1.688,18.7817,9.3012,0.8303,322.5002,239.0275,38.1542,1166.3289,576.6441,4000.1186,0.8303,111.4151,111.4151,111.4151,111.4151,111.4151,111.4151
2020-02-04 00:00:00,1.653,18.5801,9.0223,0.8092,317.5953,235.2989,37.267,1170.0498,564.4153,4016.2758,0.8092,108.8438,108.8438,108.8438,108.8438,108.8438,108.8438
2020-02-04 00:30:00,1.6395,18.358,9.0452,0.7848,314.1378,233.6719,36.787,1157.2979,559.1427,4003.7814,0.7848,105.3452,105.3452,105.3452,105.3452,105.3452,105.3452
2020-02-04 01:00:00,1.6263,18.2352,9.0059,0.7639,312.3226,231.9297,36.3552,1149.714,547.6379,4025.4021,0.7639,108.5965,108.5965,108.5965,108.5965,108.5965,108.5965
2020-02-04 01:30:00,1.6308,18.2708,9.0005,0.745,310.9888,228.6961,36.25,1148.1301,550.4608,4006.6118,0.745,103.1235,103.1235,103.1235,103.1235,103.1235,103.1235
2020-02-04 02:00:00,1.6394,18.3605,9.0854,0.7462,314.5261,228.9211,36.1298,1138.969,549.2802,3993.5708,0.7462,104.8237,104.8237,104.8237,104.8237,104.8237,104.8237
2020-02-04 02:30:00,1.6325,18.4593,9.1449,0.7254,316.7245,228.4099,36.061,1148.5335,554.6802,4002.098,0.7254,102.3637,102.3637,102.3637,102.3637,102.3637,102.3637
2020-02-04 03:00:00,1.6457,18.6304,9.5839,0.7283,311.0061,230.7465,36.2991,1148.4907,560.7936,3963.8056,0.7283,107.6088,107.6088,107.6088,107.6088,107.6088,107.6088
2020-02-04 03:30:00,1.6545,19.0394,9.5844,0.7347,312.9617,233.0868,36.623,1153.3545,567.6508,3919.0052,0.7347,114.7432,114.7432,114.7432,114.7432,114.7432,114.7432
2020-02-04 04:00:00,1.6956,20.1372,9.5501,0.7383,317.8332,240.4842,37.6315,1160.022,577.3322,3956.4758,0.7383,147.3355,147.3355,147.3355,147.3355,147.3355,147.3355
2020-02-04 04:30:00,1.7433,21.0916,10.0479,0.7691,315.7636,246.3445,38.5721,1176.1983,590.0803,3984.7022,0.7691,155.617,155.617,155.617,155.617,155.617,155.617
2020-02-04 05:00:00,1.8446,23.1602,11.3689,0.8044,329.9809,258.8175,40.434,1207.7116,618.5526,3960.2765,0.8044,158.4836,158.4836,158.4836,158.4836,158.4836,158.4836
2020-02-04 05:30:00,1.9407,25.3544,11.9887,0.8596,344.7687,270.451,41.9294,1240.6859,642.3886,4033.0522,0.8596,159.5258,159.5258,159.5258,159.5258,159.5258,159.5258
2020-02-04 06:00:00,2.1431,28.5785,13.7945,0.9116,366.7448,287.1141,44.2541,1278.2074,686.5085,4088.8517,0.9116,154.1458,154.1458,154.1458,154.1458,154.1458,154.1458
2020-02-04 06:30:00,2.2874,31.4754,15.4942,0.9797,388.7792,300.3042,45.5117,1300.8515,718.2362,4160.9988,0.9797,156.049,156.049,156.049,156.049,156.049,156.049
2020-02-04 07:00:00,2.4629,34.1743,17.5496,1.0256,399.5744,311.673,46.4525,1316.1375,741.7953,4149.6197,1.0256,134.9493,134.9493,134.9493,134.9493,134.9493,134.9493
2020-02-04 07:30:00,2.673,36.3319,17.8476,0.9928,404.5677,317.179,46.9156,1326.8489,763.9474,4110.7612,0.9928,133.2867,133.2867,133.2867,133.2867,133.2867,133.2867
2020-02-04 08:00:00,2.9165,37.9066,16.2592,0.9293,403.2159,320.5132,47.6542,1324.4204,777.8641,4059.9512,0.9293,142.5488,142.5488,142.5488,142.5488,142.5488,142.5488
2020-02-04 08:30:00,3.03,38.5839,13.7618,0.8468,393.3427,318.4911,48.2206,1316.3526,787.192,4030.2327,0.8468,112.3155,112.3155,112.3155,112.3155,112.3155,112.3155
2020-02-04 09:00:00,3.1962,38.4615,11.1781,0.7715,387.0367,316.4058,48.3777,1313.1548,791.6824,4009.3924,0.7715,112.7747,112.7747,112.7747,112.7747,112.7747,112.7747
2020-02-04 09:30:00,3.2262,38.2901,9.4775,0.7571,378.5673,317.4168,48.2632,1310.1546,799.5609,3989.9115,0.7571,126.6162,126.6162,126.6162,126.6162,126.6162,126.6162
2020-02-04 10:00:00,3.2462,38.6155,7.9727,0.7325,374.1607,318.2086,48.3887,1306.4049,802.0876,3988.9934,0.7325,150.9178,150.9178,150.9178,150.9178,150.9178,150.9178
2020-02-04 10:30:00,3.2616,38.8829,7.4576,0.7092,371.3645,315.2158,48.2994,1303.8502,806.1637,4008.0114,0.7092,144.0551,144.0551,144.0551,144.0551,144.0551,144.0551
2020-02-04 11:00:00,3.2111,38.6218,7.1186,0.6936,367.5104,317.9608,47.6683,1296.8145,806.5339,4037.8075,0.6936,143.806,143.806,143.806,143.806,143.806,143.806
2020-02-04 11:30:00,3.1789,38.4365,7.1248,0.6856,367.158,319.0652,47.6597,1297.7975,802.8719,4107.6668,0.6856,143.2275,143.2275,143.2275,143.2275,143.2275,143.2275
2020-02-04 12:00:00,3.1119,38.2345,6.6684,0.6647,364.9012,317.7634,47.5339,1292.8621,800.7605,4124.4241,0.6647,140.8926,140.8926,140.8926,140.8926,140.8926,140.8926
2020-02-04 12:30:00,3.0824,38.0562,6.6567,0.6631,366.7903,318.5375,47.3888,1298.3308,807.3872,4121.0197,0.6631,141.582,141.582,141.582,141.582,141.582,141.582
2020-02-04 13:00:00,3.0597,37.8786,6.623,0.6202,363.692,318.6406,47.3884,1293.4806,806.8598,4130.036,0.6202,124.1804,124.1804,124.1804,124.1804,124.1804,124.1804
2020-02-04 13:30:00,3.0559,37.5073,6.5601,0.6049,358.465,317.8718,47.4247,1286.7732,807.785,4140.6356,0.6049,119.4721,119.4721,119.4721,119.4721,119.4721,119.4721
2020-02-04 14:00:00,3.0149,36.9778,6.3749,0.622,352.4234,316.5052,46.9204,1272.0541,800.5125,4095.3362,0.622,128.1528,128.1528,128.1528,128.1528,128.1528,128.1528
2020-02-04 14:30:00,2.9553,35.886,6.1544,0.634,350.6619,315.124,46.8031,1271.6638,786.9431,4057.517,0.634,116.8834,116.8834,116.8834,116.8834,116.8834,116.8834
2020-02-04 15:00:00,2.8771,35.0143,5.8244,0.6351,351.5375,314.9416,46.4478,1277.9421,784.4843,4017.338,0.6351,120.1544,120.1544,120.1544,120.1544,120.1544,120.1544
2020-02-04 15:30:00,2.7835,33.9707,6.4094,0.6652,353.6684,315.4656,46.2857,1286.6505,778.3669,4020.4089,0.6652,119.1844,119.1844,119.1844,119.1844,119.1844,119.1844
2020-02-04 16:00:00,2.7252,32.9896,7.9097,0.7154,362.2204,317.7875,46.1063,1297.3105,774.035,4048.8426,0.7154,126.1345,126.1345,126.1345,126.1345,126.1345,126.1345
2020-02-04 16:30:00,2.6772,31.7041,9.6693,0.8356,372.0633,319.1109,46.3045,1308.8083,768.5824,4066.323,0.8356,115.1278,115.1278,115.1278,115.1278,115.1278,115.1278
2020-02-04 17:00:00,2.5725,30.5643,11.364,0.9399,376.2105,316.2413,46.4665,1313.4041,758.8543,4096.2322,0.9399,119.8106,119.8106,119.8106,119.8106,119.8106,119.8106
2020-02-04 17:30:00,2.5551,29.961,12.8052,1.0478,384.8839,314.3743,47.4525,1315.1191,733.024,4146.2235,1.0478,135.3318,135.3318,135.3318,135.3318,135.3318,135.3318
2020-02-04 18:00:00,2.4853,28.4638,12.5721,1.1569,381.6452,301.5284,46.7807,1300.41,673.7815,4151.3154,1.1569,133.4647,133.4647,133.4647,133.4647,133.4647,133.4647
2020-02-04 18:30:00,2.3834,27.7472,12.2153,1.188,379.4584,296.5994,46.4289,1291.3542,659.145,4198.3657,1.188,133.619,133.619,133.619,133.619,133.619,133.619
2020-02-04 19:00:00,2.2767,26.9344,12.1557,1.1904,370.7994,290.4921,46.0174,1285.1757,647.3957,4171.993,1.1904,134.0613,134.0613,134.0613,134.0613,134.0613,134.0613
2020-02-04 19:30:00,2.2226,26.1043,11.9604,1.2032,367.5821,286.0865,45.678,1269.4507,642.1599,4163.1938,1.2032,132.9209,132.9209,132.9209,132.9209,132.9209,132.9209
2020-02-04 20:00:00,2.1699,25.1151,11.6509,1.1904,363.2504,279.6967,44.7115,1261.9871,639.0843,4158.1041,1.1904,147.1768,147.1768,147.1768,147.1768,147.1768,147.1768
2020-02-04 20:30:00,2.0698,24.2784,11.4613,1.1522,356.362,273.9774,44.2684,1252.382,635.3727,4202.7832,1.1522,136.7304,136.7304,136.7304,136.7304,136.7304,136.7304
2020-02-04 21:00:00,1.9624,23.1591,11.2309,1.116,346.5188,266.5289,43.1995,1247.3116,621.453,4197.7062,1.116,143.7245,143.7245,143.7245,143.7245,143.7245,143.7245
2020-02-04 21:30:00,1.8884,22.0388,10.5656,1.0704,343.5982,263.0764,42.4745,1246.5568,612.2836,4171.7221,1.0704,145.0797,145.0797,145.0797,145.0797,145.0797,145.0797
2020-02-04 22:00:00,1.8039,21.0431,10.0954,1.0004,333.2557,255.9702,41.1195,1232.3706,607.0364,4121.4737,1.0004,133.3959,133.3959,133.3959,133.3959,133.3959,133.3959
2020-02-04 22:30:00,1.753,20.2378,9.6155,0.9275,330.3201,251.1914,39.9956,1217.2529,601.4035,4110.0153,0.9275,146.0288,146.0288,146.0288,146.0288,146.0288,146.0288
2020-02-04 23:00:00,1.7033,19.5212,9.2356,0.8708,329.0745,246.8881,38.8606,1206.5278,593.2394,4094.4625,0.8708,143.1414,143.1414,143.1414,143.1414,143.1414,143.1414
2020-02-04 23:30:00,1.6667,19.1473,9.0723,0.8279,325.1543,242.0894,38.2969,1195.4109,587.9466,4079.8243,0.8279,136.3994,136.3994,136.3994,136.3994,136.3994,136.3994
2020-02-05 00:00:00,1.6462,18.7066,8.9358,0.8088,321.4674,236.8121,37.3902,1187.0039,580.8445,4084.7901,0.8088,144.6711,144.6711,144.6711,144.6711,144.6711,144.6711
2020-02-05 00:30:00,1.6399,18.436,8.6965,0.7755,316.6417,235.1789,37.0166,1172.9617,570.3029,4037.8729,0.7755,144.3825,144.3825,144.3825,144.3825,144.3825,144.3825
2020-02-05 01:00:00,1.6349,18.3999,8.6665,0.7507,314.7311,233.8086,36.5397,1172.2513,566.8938,4012.7308,0.7507,153.9214,153.9214,153.9214,153.9214,153.9214,153.9214
2020-02-05 01:30:00,1.6362,18.3037,8.7646,0.7401,312.566,230.9414,36.3486,1166.2664,565.4662,3984.4463,0.7401,150.1521,150.1521,150.1521,150.1521,150.1521,150.1521
2020-02-05 02:00:00,1.6224,18.4392,8.8603,0.7273,313.511,230.0743,36.2915,1150.6678,561.3845,3985.2055,0.7273,155.7953,155.7953,155.7953,155.7953,155.7953,155.7953
2020-02-05 02:30:00,1.6286,18.4459,8.8182,0.7141,314.3817,229.5216,36.2953,1150.8905,564.8521,3917.2357,0.7141,139.6991,139.6991,139.6991,139.6991,139.6991,139.6991
2020-02-05 03:00:00,1.6458,18.6795,9.1326,0.7171,312.2704,231.1773,36.3558,1148.6289,571.0336,3902.7377,0.7171,155.9904,155.9904,155.9904,155.9904,155.9904,155.9904
2020-02-05 03:30:00,1.6616,19.1541,9.1645,0.7269,316.0405,234.0039,36.7198,1154.7712,575.8849,3893.6895,0.7269,138.1657,138.1657,138.1657,138.1657,138.1657,138.1657
2020-02-05 04:00:00,1.7008,20.225,9.3724,0.7299,321.6878,241.1204,37.7048,1163.2734,590.5504,3957.5625,0.7299,141.639,141.639,141.639,141.639,141.639,141.639
2020-02-05 04:30:00,1.7435,21.2964,9.9935,0.7565,329.166,247.0953,38.6212,1187.1126,605.1753,3961.5542,0.7565,132.1833,132.1833,132.1833,132.1833,132.1833,132.1833
2020-02-05 05:00:00,1.8502,23.4391,10.8653,0.7948,341.0551,259.8916,40.6797,1214.3016,630.9558,4014.0667,0.7948,146.6717,146.6717,146.6717,146.6717,146.6717,146.6717
2020-02-05 05:30:00,1.9509,25.6022,11.6893,0.8614,352.4217,270.6857,42.3212,1250.0573,649.2936,4086.0111,0.8614,132.3587,132.3587,132.3587,132.3587,132.3587,132.3587
2020-02-05 06:00:00,2.1382,29.1277,13.7022,0.9101,371.003,288.9814,44.4911,1286.7356,690.3399,4145.5543,0.9101,129.1456,129.1456,129.1456,129.1456,129.1456,129.1456
2020-02-05 06:30:00,2.3382,31.8409,15.4329,0.9689,379.3148,300.2527,46.0833,1310.8578,725.155,4218.738,0.9689,134.9651,134.9651,134.9651,134.9651,134.9651,134.9651
2020-02-05 07:00:00,2.5388,34.0297,17.286,1.0146,390.9034,311.8293,46.8996,1322.9116,748.8661,4264.8617,1.0146,110.0742,110.0742,110.0742,110.0742,110.0742,110.0742
2020-02-05 07:30:00,2.7552,36.4496,18.1175,0.9647,400.4627,318.2459,47.2104,1330.5874,772.1572,4246.9249,0.9647,104.3787,104.3787,104.3787,104.3787,104.3787,104.3787
2020-02-05 08:00:00,3.0086,37.672,17.0123,0.8776,398.6431,323.4441,47.9012,1339.1167,788.6891,4216.8417,0.8776,111.1384,111.1384,111.1384,111.1384,111.1384,111.1384
2020-02-05 08:30:00,3.1384,38.4343,14.5214,0.8265,388.4319,323.1146,48.1683,1326.1527,795.9775,4190.4312,0.8265,119.9578,119.9578,119.9578,119.9578,119.9578,119.9578
2020-02-05 09:00:00,3.2163,38.3415,11.5605,0.7679,385.4313,321.841,48.0787,1323.0614,800.2713,4161.7328,0.7679,119.7944,119.7944,119.7944,119.7944,119.7944,119.7944
2020-02-05 09:30:00,3.2369,38.4869,9.8545,0.7219,379.6565,321.8149,48.3959,1315.9983,808.2881,4149.9728,0.7219,123.4015,123.4015,123.4015,123.4015,123.4015,123.4015
2020-02-05 10:00:00,3.2953,38.7894,8.2695,0.7034,371.6325,321.7063,48.584,1308.0373,808.1838,4128.1813,0.7034,140.0799,140.0799,140.0799,140.0799,140.0799,140.0799
2020-02-05 10:30:00,3.2919,38.5609,7.7032,0.6811,366.6416,319.9992,48.4908,1307.732,810.8089,4171.0332,0.6811,147.9793,147.9793,147.9793,147.9793,147.9793,147.9793
2020-02-05 11:00:00,3.208,38.5564,7.0446,0.6557,361.9212,320.5292,48.1745,1309.5791,813.2103,4159.8746,0.6557,137.492,137.492,137.492,137.492,137.492,137.492
2020-02-05 11:30:00,3.2404,38.2689,6.7579,0.651,362.8916,321.4885,47.8465,1310.3039,818.1695,4175.3762,0.651,143.3266,143.3266,143.3266,143.3266,143.3266,143.3266
2020-02-05 12:00:00,3.1771,38.3306,6.42,0.6369,361.7171,321.3797,47.6788,1300.6318,818.3686,4202.8498,0.6369,133.8905,133.8905,133.8905,133.8905,133.8905,133.8905
2020-02-05 12:30:00,3.1553,38.1382,6.4226,0.6267,361.4798,322.7799,47.7102,1307.6888,824.9716,4192.8961,0.6267,145.7566,145.7566,145.7566,145.7566,145.7566,145.7566
2020-02-05 13:00:00,3.1102,38.2217,6.3097,0.6067,360.9271,322.4137,47.888,1313.2154,827.1562,4194.0073,0.6067,135.5757,135.5757,135.5757,135.5757,135.5757,135.5757
2020-02-05 13:30:00,3.1421,37.6658,6.3827,0.602,362.9504,323.5407,47.7542,1313.0146,830.7031,4170.5816,0.602,132.4005,132.4005,132.4005,132.4005,132.4005,132.4005
2020-02-05 14:00:00,3.0835,37.22,5.9081,0.586,359.4152,325.2825,47.8144,1308.8343,824.321,4149.9635,0.586,131.4519,131.4519,131.4519,131.4519,131.4519,131.4519
2020-02-05 14:30:00,2.9359,36.5824,5.7341,0.5864,360.0004,324.8657,47.6817,1302.4178,814.5853,4159.0533,0.5864,141.503,141.503,141.503,141.503,141.503,141.503
2020-02-05 15:00:00,2.873,35.3539,5.7586,0.6015,358.3552,325.3613,47.4692,1303.0447,812.4826,4110.6525,0.6015,131.2566,131.2566,131.2566,131.2566,131.2566,131.2566
2020-02-05 15:30:00,2.8018,34.4197,6.5893,0.6309,362.7435,325.6833,47.3633,1313.8839,803.1652,4088.2024,0.6309,138.6559,138.6559,138.6559,138.6559,138.6559,138.6559
2020-02-05 16:00:00,2.7475,33.2257,7.8803,0.6769,369.2738,325.6869,47.3237,1323.7272,796.3007,4147.7698,0.6769,139.1527,139.1527,139.1527,139.1527,139.1527,139.1527
2020-02-05 16:30:00,2.6735,32.5762,9.1773,0.743,378.7842,324.5357,47.1413,1327.1814,788.9519,4194.7042,0.743,129.1477,129.1477,129.1477,129.1477,129.1477,129.1477
2020-02-05 17:00:00,2.5384,31.058,11.3339,0.8496,383.8043,322.2105,47.1016,1328.1311,772.857,4191.1107,0.8496,129.6522,129.6522,129.6522,129.6522,129.6522,129.6522
2020-02-05 17:30:00,2.5192,30.1425,12.7644,0.9607,385.7375,319.1815,47.8129,1332.6523,747.5731,4225.842,0.9607,152.2697,152.2697,152.2697,152.2697,152.2697,152.2697
2020-02-05 18:00:00,2.4676,28.6702,12.5728,1.0509,387.6415,304.6149,47.1429,1324.1126,688.0498,4265.9744,1.0509,143.5238,143.5238,143.5238,143.5238,143.5238,143.5238
2020-02-05 18:30:00,2.3799,27.5279,12.2668,1.0837,384.7321,298.8855,46.6556,1313.854,674.4094,4270.38,1.0837,145.138,145.138,145.138,145.138,145.138,145.138
2020-02-05 19:00:00,2.2582,26.4832,12.1304,1.0864,377.2227,292.8166,45.9852,1306.059,661.3724,4260.6976,1.0864,147.5559,147.5559,147.5559,147.5559,147.5559,147.5559
2020-02-05 19:30:00,2.1896,25.6341,12.1543,1.0965,372.8526,288.678,45.4783,1295.1752,653.3863,4247.2062,1.0965,138.1081,138.1081,138.1081,138.1081,138.1081,138.1081
2020-02-05 20:00:00,2.1194,24.7088,11.6432,1.0907,365.0273,282.9051,44.6033,1284.4799,643.3172,4214.4952,1.0907,138.9722,138.9722,138.9722,138.9722,138.9722,138.9722
2020-02-05 20:30:00,2.0069,23.8748,11.1021,1.0529,359.9733,276.7658,43.9656,1273.3107,641.511,4208.4893,1.0529,129.4318,129.4318,129.4318,129.4318,129.4318,129.4318
2020-02-05 21:00:00,1.9201,22.5985,10.6979,1.0134,351.7536,268.2383,42.9763,1261.852,626.7502,4195.5016,1.0134,141.8778,141.8778,141.8778,141.8778,141.8778,141.8778
2020-02-05 21:30:00,1.8383,21.4903,10.3556,0.9747,348.3556,263.6012,42.2089,1261.9108,617.2132,4184.9956,0.9747,148.0826,148.0826,148.0826,148.0826,148.0826,148.0826
2020-02-05 22:00:00,1.7536,20.6514,9.4755,0.9129,339.4432,256.8751,40.8167,1245.3376,608.3417,4185.5817,0.9129,154.4254,154.4254,154.4254,154.4254,154.4254,154.4254
2020-02-05 22:30:00,1.7108,20.2669,8.917,0.8466,334.7577,251.1509,39.4434,1232.7949,600.3025,4160.4233,0.8466,164.3296,164.3296,164.3296,164.3296,164.3296,164.3296
2020-02-05 23:00:00,1.6647,19.6175,8.6454,0.7919,331.3357,245.5003,38.5987,1213.5347,592.9323,4159.8088,0.7919,159.7099,159.7099,159.7099,159.7099,159.7099,159.7099
2020-02-05 23:30:00,1.6471,18.9283,8.4896,0.7433,328.471,241.0721,37.8646,1201.0568,589.1032,4161.8275,0.7433,165.8825,165.8825,165.8825,165.8825,165.8825,165.8825
2020-02-06 00:00:00,1.6029,18.2966,8.3965,0.7398,323.2727,237.0412,37.1533,1187.6551,576.5309,4135.2304,0.7398,157.5686,157.5686,157.5686,157.5686,157.5686,157.5686
2020-02-06 00:30:00,1.5843,17.914,8.4545,0.7092,322.8964,234.7458,36.7029,1179.7631,570.9957,4123.0337,0.7092,156.8763,156.8763,156.8763,156.8763,156.8763,156.8763
2020-02-06 01:00:00,1.584,17.7948,8.4393,0.6914,319.5894,231.8442,36.1177,1171.0211,564.7037,4111.9497,0.6914,163.5944,163.5944,163.5944,163.5944,163.5944,163.5944
2020-02-06 01:30:00,1.5804,17.5811,8.4042,0.6867,315.7699,229.6871,35.9481,1165.2568,555.5563,4071.9632,0.6867,152.9007,152.9007,152.9007,152.9007,152.9007,152.9007
2020-02-06 02:00:00,1.5792,17.5172,8.5709,0.6787,315.2929,229.18,35.8962,1155.1271,554.2027,3990.3265,0.6787,156.4723,156.4723,156.4723,156.4723,156.4723,156.4723
2020-02-06 02:30:00,1.5819,17.741,8.6701,0.671,312.5783,228.1948,35.8945,1155.4033,558.6691,3985.5026,0.671,158.4809,158.4809,158.4809,158.4809,158.4809,158.4809
2020-02-06 03:00:00,1.5895,17.8435,8.8971,0.6723,311.3599,229.819,35.9515,1154.7019,561.8744,3978.6891,0.6723,149.9698,149.9698,149.9698,149.9698,149.9698,149.9698
2020-02-06 03:30:00,1.6048,18.2199,9.0303,0.6669,316.1674,231.5237,36.4118,1155.3264,568.1465,3979.2498,0.6669,153.2949,153.2949,153.2949,153.2949,153.2949,153.2949
2020-02-06 04:00:00,1.6344,19.2355,9.1961,0.6746,320.554,238.212,37.3684,1161.773,580.7688,3990.7712,0.6746,156.6788,156.6788,156.6788,156.6788,156.6788,156.6788
2020-02-06 04:30:00,1.6869,20.083,9.8104,0.6939,329.7525,245.4667,38.0661,1185.3383,597.0464,4011.373,0.6939,149.9678,149.9678,149.9678,149.9678,149.9678,149.9678
2020-02-06 05:00:00,1.7858,21.9538,10.9521,0.731,340.1501,257.1188,39.9144,1221.2896,623.8699,4086.4597,0.731,149.8851,149.8851,149.8851,149.8851,149.8851,149.8851
2020-02-06 05:30:00,1.8853,24.4011,11.6982,0.7692,354.3607,268.6448,41.399,1247.9617,649.0099,4112.9143,0.7692,147.8676,147.8676,147.8676,147.8676,147.8676,147.8676
2020-02-06 06:00:00,2.1575,27.6651,13.7304,0.8393,372.0943,286.6669,43.7305,1279.9646,696.2075,4166.5536,0.8393,145.2906,145.2906,145.2906,145.2906,145.2906,145.2906
2020-02-06 06:30:00,2.3554,30.2727,15.2406,0.9079,382.9177,298.4097,45.2257,1307.4555,727.465,4189.9745,0.9079,143.4795,143.4795,143.4795,143.4795,143.4795,143.4795
2020-02-06 07:00:00,2.5567,32.7143,17.4811,0.9373,391.6915,309.3484,45.8803,1321.6155,749.7138,4262.0288,0.9373,122.6322,122.6322,122.6322,122.6322,122.6322,122.6322
2020-02-06 07:30:00,2.7462,35.4086,18.1267,0.9041,397.5541,315.4629,46.2432,1318.4555,761.4964,4240.4687,0.9041,115.5707,115.5707,115.5707,115.5707,115.5707,115.5707
2020-02-06 08:00:00,2.9559,36.8321,16.5313,0.8206,393.4091,319.3228,47.1563,1315.3634,777.1715,4171.8388,0.8206,115.7651,115.7651,115.7651,115.7651,115.7651,115.7651
2020-02-06 08:30:00,3.0078,37.7235,14.1057,0.771,386.3046,317.5775,47.6141,1314.4636,792.3406,4139.0002,0.771,120.9021,120.9021,120.9021,120.9021,120.9021,120.9021
2020-02-06 09:00:00,3.1942,37.1555,11.5172,0.7176,380.9661,318.4158,47.9542,1311.4182,805.1121,4124.0705,0.7176,122.3339,122.3339,122.3339,122.3339,122.3339,122.3339
2020-02-06 09:30:00,3.2004,37.3369,9.8158,0.6758,376.5136,317.9629,48.0792,1305.2904,816.2424,4167.7152,0.6758,128.9132,128.9132,128.9132,128.9132,128.9132,128.9132
2020-02-06 10:00:00,3.2587,38.2352,8.3243,0.6601,369.2806,320.7203,48.2183,1305.124,817.8424,4169.5612,0.6601,153.723,153.723,153.723,153.723,153.723,153.723
2020-02-06 10:30:00,3.2757,38.666,7.7932,0.6228,369.0619,320.8623,48.2437,1307.1533,825.301,4162.3746,0.6228,146.5065,146.5065,146.5065,146.5065,146.5065,146.5065
2020-02-06 11:00:00,3.1611,39.0353,7.3404,0.6176,367.2951,323.5534,48.089,1312.9791,834.2088,4136.0724,0.6176,153.347,153.347,153.347,153.347,153.347,153.347
2020-02-06 11:30:00,3.213,38.6101,6.6897,0.601,362.8533,324.6316,48.2785,1311.8283,837.7866,4134.274,0.601,151.5096,151.5096,151.5096,151.5096,151.5096,151.5096
2020-02-06 12:00:00,3.1367,38.9711,6.5783,0.586,361.8536,324.8796,48.3345,1320.265,833.9458,4124.3593,0.586,158.7855,158.7855,158.7855,158.7855,158.7855,158.7855
2020-02-06 12:30:00,3.1495,39.1404,6.3982,0.5668,362.9294,327.7808,48.6314,1323.5784,844.1998,4161.5111,0.5668,164.147,164.147,164.147,164.147,164.147,164.147
2020-02-06 13:00:00,3.0993,39.2956,6.3823,0.5644,367.3461,330.3751,48.9502,1332.0303,847.0459,4208.2916,0.5644,159.8035,159.8035,159.8035,159.8035,159.8035,159.8035
2020-02-06 13:30:00,3.1243,39.0367,6.2734,0.5538,368.6891,331.4695,48.9875,1328.7519,849.1383,4171.2445,0.5538,180.4285,180.4285,180.4285,180.4285,180.4285,180.4285
2020-02-06 14:00:00,3.0865,38.4115,6.4922,0.5469,366.118,331.658,48.7765,1323.8582,844.4716,4135.7114,0.5469,170.4315,170.4315,170.4315,170.4315,170.4315,170.4315
2020-02-06 14:30:00,2.9615,37.769,6.564,0.5355,360.2492,331.9981,48.6994,1320.4942,836.5526,4120.4407,0.5355,182.8978,182.8978,182.8978,182.8978,182.8978,182.8978
2020-02-06 15:00:00,2.8688,36.6351,6.3192,0.562,362.0665,332.3994,48.5549,1320.4783,831.8314,4100.6522,0.562,179.2043,179.2043,179.2043,179.2043,179.2043,179.2043
2020-02-06 15:30:00,2.7892,35.8605,6.3949,0.574,365.9619,334.6833,48.6057,1326.5339,818.852,4089.5878,0.574,186.4488,186.4488,186.4488,186.4488,186.4488,186.4488
2020-02-06 16:00:00,2.7365,34.6027,7.3864,0.6087,375.2879,337.5327,48.5038,1330.3351,816.9524,4149.5409,0.6087,179.8544,179.8544,179.8544,179.8544,179.8544,179.8544
2020-02-06 16:30:00,2.6466,33.6359,9.3725,0.6785,384.6962,336.7619,48.2128,1340.4998,809.2724,4194.3039,0.6785,179.0557,179.0557,179.0557,179.0557,179.0557,179.0557
2020-02-06 17:00:00,2.5126,32.0435,10.9299,0.7601,388.383,330.9153,48.0934,1342.9292,792.2421,4224.3675,0.7601,148.7172,148.7172,148.7172,148.7172,148.7172,148.7172
2020-02-06 17:30:00,2.4839,30.6958,12.3851,0.8757,391.5391,325.4397,48.208,1338.7264,758.891,4260.5184,0.8757,162.0144,162.0144,162.0144,162.0144,162.0144,162.0144
2020-02-06 18:00:00,2.4453,28.593,12.2796,1.0014,387.3932,309.0948,47.4369,1326.0092,686.5012,4265.0063,1.0014,173.8104,173.8104,173.8104,173.8104,173.8104,173.8104
2020-02-06 18:30:00,2.3486,27.4703,12.217,1.0151,384.5419,300.1834,46.7559,1315.5036,673.012,4258.079,1.0151,170.4267,170.4267,170.4267,170.4267,170.4267,170.4267
2020-02-06 19:00:00,2.2265,26.3139,12.3106,1.0307,378.6749,292.9354,46.2487,1302.3534,659.0387,4220.9924,1.0307,155.5026,155.5026,155.5026,155.5026,155.5026,155.5026
2020-02-06 19:30:00,2.1662,25.4849,11.7642,1.0281,375.578,287.2169,45.6276,1285.3258,652.0589,4195.8478,1.0281,154.0568,154.0568,154.0568,154.0568,154.0568,154.0568
2020-02-06 20:00:00,2.0977,24.6195,11.3758,1.0238,367.7213,281.7056,44.6645,1269.2991,638.834,4194.1458,1.0238,149.1958,149.1958,149.1958,149.1958,149.1958,149.1958
2020-02-06 20:30:00,2.0058,23.7872,11.0792,1.0227,362.7465,274.63,43.7424,1264.6943,635.8677,4183.2453,1.0227,160.9818,160.9818,160.9818,160.9818,160.9818,160.9818
2020-02-06 21:00:00,1.9251,22.5987,10.7036,0.9866,353.8793,267.0074,42.9193,1254.3847,622.6427,4190.2683,0.9866,152.7822,152.7822,152.7822,152.7822,152.7822,152.7822
2020-02-06 21:30:00,1.8438,21.5638,10.4779,0.9205,349.8665,262.2708,41.9973,1249.5399,614.3668,4157.9007,0.9205,148.119,148.119,148.119,148.119,148.119,148.119
2020-02-06 22:00:00,1.7775,20.459,9.6226,0.8727,339.2236,254.7288,40.5228,1229.6447,604.9024,4185.3712,0.8727,149.3329,149.3329,149.3329,149.3329,149.3329,149.3329
2020-02-06 22:30:00,1.726,19.7446,9.1802,0.8117,333.2309,250.0207,39.3945,1213.8249,601.2188,4181.6828,0.8117,150.5649,150.5649,150.5649,150.5649,150.5649,150.5649
2020-02-06 23:00:00,1.6828,19.037,8.7537,0.7749,329.1297,244.2447,38.4054,1203.7394,595.1741,4144.6395,0.7749,154.7359,154.7359,154.7359,154.7359,154.7359,154.7359
2020-02-06 23:30:00,1.6479,18.5097,8.5862,0.7306,327.4578,239.2295,37.6083,1186.8971,584.9939,4175.8938,0.7306,157.5503,157.5503,157.5503,157.5503,157.5503,157.5503
2020-02-07 00:00:00,1.607,17.9548,8.6823,0.701,323.79,235.4453,36.874,1176.4963,580.6323,4148.2395,0.701,161.7544,161.7544,161.7544,161.7544,161.7544,161.7544
2020-02-07 00:30:00,1.5961,17.76,8.7315,0.6743,317.2167,232.9928,36.2672,1161.7091,578.7389,4133.141,0.6743,162.6677,162.6677,162.6677,162.6677,162.6677,162.6677
2020-02-07 01:00:00,1.5803,17.6546,8.7498,0.6465,318.4609,231.0351,35.728,1159.2156,569.6565,4084.7264,0.6465,162.4935,162.4935,162.4935,162.4935,162.4935,162.4935
2020-02-07 01:30:00,1.5777,17.692,8.6128,0.6339,318.8801,228.8708,35.4302,1152.8855,564.063,4039.9813,0.6339,166.7499,166.7499,166.7499,166.7499,166.7499,166.7499
2020-02-07 02:00:00,1.5888,17.8758,8.6505,0.6353,316.0682,228.0697,35.2753,1138.3417,563.8293,4043.4026,0.6353,169.8683,169.8683,169.8683,169.8683,169.8683,169.8683
2020-02-07 02:30:00,1.5863,17.8352,8.661,0.6279,313.6175,226.849,35.3482,1137.9916,561.1567,4013.8302,0.6279,171.0009,171.0009,171.0009,171.0009,171.0009,171.0009
2020-02-07 03:00:00,1.5866,17.9879,9.0718,0.6306,314.0045,228.072,35.4579,1139.2464,563.1592,4036.4419,0.6306,170.2505,170.2505,170.2505,170.2505,170.2505,170.2505
2020-02-07 03:30:00,1.6087,18.4205,9.1271,0.6318,316.3279,230.0698,35.7946,1146.3313,573.3529,4034.6345,0.6318,165.4998,165.4998,165.4998,165.4998,165.4998,165.4998
2020-02-07 04:00:00,1.6401,19.3485,9.4434,0.6435,322.3229,235.9614,36.9596,1155.4028,582.1929,4029.5821,0.6435,164.8396,164.8396,164.8396,164.8396,164.8396,164.8396
2020-02-07 04:30:00,1.6799,20.1335,9.9653,0.6548,328.9137,242.0771,37.6989,1168.0413,595.1882,4008.1416,0.6548,171.0796,171.0796,171.0796,171.0796,171.0796,171.0796
2020-02-07 05:00:00,1.782,22.0805,10.9814,0.705,340.2903,253.8507,39.706,1201.327,626.3593,4025.1621,0.705,167.9717,167.9717,167.9717,167.9717,167.9717,167.9717
2020-02-07 05:30:00,1.8691,24.3485,11.9359,0.7367,350.2234,264.816,41.2616,1225.5917,650.5622,3954.3838,0.7367,162.9865,162.9865,162.9865,162.9865,162.9865,162.9865
2020-02-07 06:00:00,2.1381,27.5191,13.6188,0.7952,365.3542,282.5733,43.5712,1262.0029,695.332,3983.2679,0.7952,155.9493,155.9493,155.9493,155.9493,155.9493,155.9493
2020-02-07 06:30:00,2.3024,29.6398,14.7156,0.8646,376.8822,293.7086,45.0237,1283.051,723.1912,4034.7829,0.8646,147.3398,147.3398,147.3398,147.3398,147.3398,147.3398
2020-02-07 07:00:00,2.435,32.0036,16.5303,0.9234,385.2927,304.7492,45.4507,1297.1383,744.1801,4074.6305,0.9234,129.94,129.94,129.94,129.94,129.94,129.94
2020-02-07 07:30:00,2.639,34.4731,17.109,0.8541,387.5348,310.114,45.654,1308.3376,756.1477,4041.7709,0.8541,123.3956,123.3956,123.3956,123.3956,123.3956,123.3956
2020-02-07 08:00:00,2.8384,36.0377,15.2395,0.7944,377.7518,312.2332,46.5486,1312.8322,769.5659,4018.4394,0.7944,130.9403,130.9403,130.9403,130.9403,130.9403,130.9403
2020-02-07 08:30:00,2.8987,37.0332,12.8308,0.7487,368.0267,310.2323,46.9985,1294.959,780.9097,3990.9756,0.7487,135.2072,135.2072,135.2072,135.2072,135.2072,135.2072
2020-02-07 09:00:00,2.9864,36.9492,10.836,0.7042,362.549,311.1504,47.5414,1290.4299,786.7837,3986.3553,0.7042,214.6085,214.6085,214.6085,214.6085,214.6085,214.6085
2020-02-07 09:30:00,3.0992,37.298,9.5416,0.6888,359.4114,311.2377,47.826,1287.5665,796.5306,3963.0649,0.6888,344.0996,344.0996,344.0996,344.0996,344.0996,344.0996
2020-02-07 10:00:00,3.082,37.7627,8.0515,0.6503,358.954,314.2661,47.9417,1287.0224,800.2347,3992.4181,0.6503,383.922,383.922,383.922,383.922,383.922,383.922
2020-02-07 10:30:00,3.086,37.878,7.7541,0.6202,356.8197,315.7591,48.5014,1282.6079,804.1471,4039.329,0.6202,400.3441,400.3441,400.3441,400.3441,400.3441,400.3441
2020-02-07 11:00:00,3.0374,38.0923,7.4646,0.6037,354.8357,317.6304,48.2261,1283.3764,808.1204,4045.2005,0.6037,400.4922,400.4922,400.4922,400.4922,400.4922,400.4922
2020-02-07 11:30:00,3.0717,37.5233,7.0224,0.5962,354.6316,318.7211,48.3643,1290.733,809.75,4064.944,0.5962,397.0047,397.0047,397.0047,397.0047,397.0047,397.0047
2020-02-07 12:00:00,2.9959,38.0216,6.2996,0.586,356.5332,319.3427,48.2874,1295.728,810.1353,4068.9549,0.586,404.3366,404.3366,404.3366,404.3366,404.3366,404.3366
2020-02-07 12:30:00,2.9938,38.1394,6.1694,0.5738,356.0587,321.7455,48.5716,1303.312,818.8151,4037.5892,0.5738,406.2562,406.2562,406.2562,406.2562,406.2562,406.2562
2020-02-07 13:00:00,2.9713,38.3033,6.1256,0.56,355.6328,322.5513,48.6243,1313.3862,826.5742,4015.464,0.56,392.2734,392.2734,392.2734,392.2734,392.2734,392.2734
2020-02-07 13:30:00,2.961,37.8295,6.1177,0.5449,354.6269,323.6055,49.0189,1310.4313,832.1033,4025.6536,0.5449,374.3534,374.3534,374.3534,374.3534,374.3534,374.3534
2020-02-07 14:00:00,2.933,37.4433,6.5861,0.5433,354.2122,323.1575,48.5538,1307.1566,829.4348,4020.2539,0.5433,383.8478,383.8478,383.8478,383.8478,383.8478,383.8478
2020-02-07 14:30:00,2.8376,36.6185,6.6768,0.5427,351.3719,322.2691,48.58,1304.3267,815.5814,4012.5471,0.5427,373.1304,373.1304,373.1304,373.1304,373.1304,373.1304
2020-02-07 15:00:00,2.7787,35.4288,6.1015,0.5439,349.7205,322.8157,48.5348,1304.0735,812.1217,3988.8917,0.5439,380.2277,380.2277,380.2277,380.2277,380.2277,380.2277
2020-02-07 15:30:00,2.7137,34.4357,6.3327,0.5712,350.9897,323.3825,48.2655,1312.1381,804.8964,3979.8598,0.5712,360.6527,360.6527,360.6527,360.6527,360.6527,360.6527
2020-02-07 16:00:00,2.6584,33.1477,7.3945,0.6258,357.1267,323.466,48.2426,1316.0342,792.7807,4034.9586,0.6258,360.7508,360.7508,360.7508,360.7508,360.7508,360.7508
2020-02-07 16:30:00,2.5709,31.86,8.8253,0.6825,365.008,323.1291,48.0065,1322.6031,777.5989,4076.6231,0.6825,363.8209,363.8209,363.8209,363.8209,363.8209,363.8209
2020-02-07 17:00:00,2.4667,30.27,10.5738,0.7645,368.7695,316.6508,47.5607,1319.3294,760.4653,4077.1075,0.7645,367.8441,367.8441,367.8441,367.8441,367.8441,367.8441
2020-02-07 17:30:00,2.4401,29.2709,11.8516,0.8653,370.6737,311.7021,47.4912,1313.3681,733.4525,4079.4449,0.8653,390.7333,390.7333,390.7333,390.7333,390.7333,390.7333
2020-02-07 18:00:00,2.3987,27.5437,11.8212,0.954,366.8669,296.4895,46.8641,1293.1156,667.985,4090.8029,0.954,384.2941,384.2941,384.2941,384.2941,384.2941,384.2941
2020-02-07 18:30:00,2.3276,26.4616,11.6297,0.9732,363.7189,290.4473,46.26,1277.9025,652.225,4097.2472,0.9732,381.9713,381.9713,381.9713,381.9713,381.9713,381.9713
2020-02-07 19:00:00,2.2175,25.3306,11.623,0.9737,352.239,283.0247,45.5935,1259.7574,637.837,4081.7146,0.9737,371.6426,371.6426,371.6426,371.6426,371.6426,371.6426
2020-02-07 19:30:00,2.1474,24.4858,11.5166,0.9652,348.0889,277.3533,44.9112,1244.6913,628.4451,4094.0116,0.9652,376.4512,376.4512,376.4512,376.4512,376.4512,376.4512
2020-02-07 20:00:00,2.0909,23.519,11.0965,0.9534,343.8517,271.6105,43.9025,1234.8245,623.5626,4096.0595,0.9534,363.4124,363.4124,363.4124,363.4124,363.4124,363.4124
2020-02-07 20:30:00,2.0222,22.7924,10.7597,0.923,338.2335,265.543,43.1376,1225.5997,617.2975,4109.6675,0.923,379.0717,379.0717,379.0717,379.0717,379.0717,379.0717
2020-02-07 21:00:00,1.9402,21.9759,10.4384,0.8977,334.0477,257.6601,42.4114,1211.6092,605.3306,4116.558,0.8977,385.4384,385.4384,385.4384,385.4384,385.4384,385.4384
2020-02-07 21:30:00,1.8705,21.1583,10.267,0.8794,331.4087,252.7559,41.6388,1206.7984,600.1515,4080.1065,0.8794,365.0739,365.0739,365.0739,365.0739,365.0739,365.0739
2020-02-07 22:00:00,1.7876,19.9985,9.6402,0.8503,323.9965,246.0113,40.208,1189.3063,597.5686,4083.6859,0.8503,369.2648,369.2648,369.2648,369.2648,369.2648,369.2648
2020-02-07 22:30:00,1.7238,19.2384,9.0808,0.82,317.9779,240.9664,39.1643,1176.4709,590.7661,4086.5301,0.82,367.5244,367.5244,367.5244,367.5244,367.5244,367.5244
2020-02-07 23:00:00,1.6713,18.472,8.7724,0.7736,314.5726,234.779,38.2481,1165.3862,579.1599,4058.4499,0.7736,356.6807,356.6807,356.6807,356.6807,356.6807,356.6807
2020-02-07 23:30:00,1.6464,18.0228,8.6809,0.72,310.9722,229.2339,37.4629,1148.987,575.646,4069.8781,0.72,364.7053,364.7053,364.7053,364.7053,364.7053,364.7053
