,A1,A10,A6,E1,E19P,E19S,E19V,E20P,E20S,E20T,RES,S19,S1M,S1S,S20,S9M,STBY
2020-01-01 00:00:00,1.5854,15.4077,8.8287,0.7852,258.3888,193.3391,34.8135,941.2675,478.031,3501.1943,0.7852,79.8749,79.8749,79.8749,79.8749,79.8749,79.8749
2020-01-01 00:30:00,1.5592,15.3082,8.693,0.7691,256.9642,192.489,34.5462,938.3035,475.7599,3486.6151,0.7691,109.34,109.34,109.34,109.34,109.34,109.34
2020-01-01 01:00:00,1.5505,15.2085,8.6276,0.7456,255.9071,191.9127,34.2493,934.1764,475.8691,3441.7824,0.7456,95.0028,95.0028,95.0028,95.0028,95.0028,95.0028
2020-01-01 01:30:00,1.5519,15.1047,8.6037,0.7028,255.566,190.6085,34.1085,929.9005,473.2399,3436.1316,0.7028,95.8818,95.8818,95.8818,95.8818,95.8818,95.8818
2020-01-01 02:00:00,1.5368,15.1539,8.4892,0.7045,256.8154,190.3352,34.0288,927.7907,473.0192,3425.6254,0.7045,94.4605,94.4605,94.4605,94.4605,94.4605,94.4605
2020-01-01 02:30:00,1.5357,15.1226,8.4735,0.696,258.1458,190.2161,33.7742,925.7648,472.7461,3410.9813,0.696,91.2447,91.2447,91.2447,91.2447,91.2447,91.2447
2020-01-01 03:00:00,1.5416,15.1329,8.7231,0.6783,256.1233,190.1625,33.8465,923.4667,475.2479,3407.2833,0.6783,108.0611,108.0611,108.0611,108.0611,108.0611,108.0611
2020-01-01 03:30:00,1.542,15.3665,8.7353,0.6586,255.5035,190.4723,33.7763,921.7375,477.3019,3384.5111,0.6586,95.5506,95.5506,95.5506,95.5506,95.5506,95.5506
2020-01-01 04:00:00,1.5512,15.7492,8.6996,0.655,256.6277,192.8905,34.2395,930.3976,478.2234,3337.9373,0.655,84.7485,84.7485,84.7485,84.7485,84.7485,84.7485
2020-01-01 04:30:00,1.5733,16.1908,8.7096,0.6616,256.964,193.5619,34.5492,934.3356,481.3547,3322.586,0.6616,105.1781,105.1781,105.1781,105.1781,105.1781,105.1781
2020-01-01 05:00:00,1.6194,16.9672,9.0353,0.6752,261.4018,196.4867,35.2112,942.2096,485.4927,3324.8359,0.6752,182.353,182.353,182.353,182.353,182.353,182.353
2020-01-01 05:30:00,1.6314,17.5311,9.2587,0.6949,263.7445,199.5157,36.0302,947.2486,490.6336,3270.7828,0.6949,201.5661,201.5661,201.5661,201.5661,201.5661,201.5661
2020-01-01 06:00:00,1.6808,18.1858,9.6006,0.7066,269.3698,205.3624,37.2152,959.3141,501.9966,3276.5415,0.7066,182.3701,182.3701,182.3701,182.3701,182.3701,182.3701
2020-01-01 06:30:00,1.6884,18.5799,9.6377,0.7151,266.9074,208.1029,37.783,965.4461,507.6404,3299.8356,0.7151,200.8115,200.8115,200.8115,200.8115,200.8115,200.8115
2020-01-01 07:00:00,1.6876,18.9021,9.4969,0.7369,266.3108,209.0547,37.9229,963.1696,509.7069,3258.9719,0.7369,175.3508,175.3508,175.3508,175.3508,175.3508,175.3508
2020-01-01 07:30:00,1.6281,18.5535,8.6886,0.7561,264.6134,205.7892,37.4988,951.0278,509.9289,3182.5244,0.7561,196.3335,196.3335,196.3335,196.3335,196.3335,196.3335
2020-01-01 08:00:00,1.6184,18.3147,7.1399,0.7776,257.3391,204.9535,37.5304,940.4336,512.0146,3151.3754,0.7776,174.0417,174.0417,174.0417,174.0417,174.0417,174.0417
2020-01-01 08:30:00,1.6031,18.2092,5.6473,0.7767,246.9569,201.939,37.7142,923.5289,509.2828,3125.1653,0.7767,193.6906,193.6906,193.6906,193.6906,193.6906,193.6906
2020-01-01 09:00:00,1.609,18.6236,4.8443,0.7787,236.9878,200.2707,38.1539,911.5903,509.6069,3107.6943,0.7787,178.5041,178.5041,178.5041,178.5041,178.5041,178.5041
2020-01-01 09:30:00,1.6133,18.7854,4.3854,0.7821,234.6027,198.8626,38.5399,899.4608,512.9399,3081.4453,0.7821,190.5376,190.5376,190.5376,190.5376,190.5376,190.5376
2020-01-01 10:00:00,1.6542,19.1889,3.8902,0.7813,233.1601,200.3966,38.5835,902.2017,514.5031,3065.0941,0.7813,165.5863,165.5863,165.5863,165.5863,165.5863,165.5863
2020-01-01 10:30:00,1.6625,19.31,3.6267,0.7857,235.4993,201.2246,38.6641,907.7638,517.0476,3074.6789,0.7857,197.9015,197.9015,197.9015,197.9015,197.9015,197.9015
2020-01-01 11:00:00,1.6701,19.4242,4.071,0.8133,233.9224,202.822,38.7001,906.4734,518.9557,3067.6511,0.8133,189.8063,189.8063,189.8063,189.8063,189.8063,189.8063
2020-01-01 11:30:00,1.6801,19.5848,3.7292,0.8106,235.6814,203.0343,38.6259,913.8516,517.902,3060.1749,0.8106,178.518,178.518,178.518,178.518,178.518,178.518
2020-01-01 12:00:00,1.6848,19.7496,3.6567,0.783,234.4652,202.9708,38.7417,913.7392,518.0054,3071.1166,0.783,167.49,167.49,167.49,167.49,167.49,167.49
2020-01-01 12:30:00,1.6694,19.8418,4.1299,0.7736,237.1919,205.3016,38.6864,922.9553,521.0971,3060.7356,0.7736,196.5712,196.5712,196.5712,196.5712,196.5712,196.5712
2020-01-01 13:00:00,1.6616,19.8596,3.761,0.7516,236.0421,205.2819,38.7404,926.8812,524.3825,3061.2247,0.7516,178.8312,178.8312,178.8312,178.8312,178.8312,178.8312
2020-01-01 13:30:00,1.666,19.9019,3.6087,0.7435,238.4939,206.8683,38.542,933.6979,526.6135,3074.3374,0.7435,159.3013,159.3013,159.3013,159.3013,159.3013,159.3013
2020-01-01 14:00:00,1.6867,19.6932,4.5049,0.7666,245.1247,209.2859,38.624,946.9828,528.1167,3094.1011,0.7666,171.7763,171.7763,171.7763,171.7763,171.7763,171.7763
2020-01-01 14:30:00,1.6805,19.7885,5.1521,0.7782,247.4173,212.2624,38.7465,957.5839,529.355,3068.9644,0.7782,183.2721,183.2721,183.2721,183.2721,183.2721,183.2721
2020-01-01 15:00:00,1.6857,19.7193,5.2934,0.8035,255.4127,213.8241,38.7345,974.1298,528.7359,3065.6056,0.8035,163.5286,163.5286,163.5286,163.5286,163.5286,163.5286
2020-01-01 15:30:00,1.7,19.8246,5.7187,0.837,260.9321,215.2725,38.8228,984.0885,530.2577,3108.7469,0.837,169.5066,169.5066,169.5066,169.5066,169.5066,169.5066
2020-01-01 16:00:00,1.7331,19.8516,7.2575,0.8694,269.536,217.3675,39.0761,995.9224,529.9884,3169.1812,0.8694,154.1538,154.1538,154.1538,154.1538,154.1538,154.1538
2020-01-01 16:30:00,1.7697,20.2457,8.0908,0.9609,277.6254,220.6966,39.8792,1001.5012,527.3611,3213.9627,0.9609,178.1554,178.1554,178.1554,178.1554,178.1554,178.1554
2020-01-01 17:00:00,1.8926,20.6655,8.2913,1.0463,284.1735,223.6627,41.2452,1010.8535,525.639,3290.1629,1.0463,211.1824,211.1824,211.1824,211.1824,211.1824,211.1824
2020-01-01 17:30:00,1.888,20.5033,8.6666,1.1074,284.5724,222.9397,41.2612,1009.5193,523.2862,3294.771,1.1074,204.823,204.823,204.823,204.823,204.823,204.823
2020-01-01 18:00:00,1.8581,19.8539,8.5725,1.1352,282.9175,217.6628,40.4553,1000.8604,508.8847,3271.4459,1.1352,196.5442,196.5442,196.5442,196.5442,196.5442,196.5442
2020-01-01 18:30:00,1.8531,19.4592,8.3827,1.1378,282.4602,216.6438,40.1056,998.7794,504.4959,3287.3209,1.1378,207.4564,207.4564,207.4564,207.4564,207.4564,207.4564
2020-01-01 19:00:00,1.8244,19.0722,8.5372,1.0972,280.3265,215.4343,39.761,998.1394,501.5084,3298.8895,1.0972,201.314,201.314,201.314,201.314,201.314,201.314
2020-01-01 19:30:00,1.8094,18.7462,9.275,1.0588,277.8787,214.1798,39.1496,996.0935,499.5683,3301.9139,1.0588,205.3808,205.3808,205.3808,205.3808,205.3808,205.3808
2020-01-01 20:00:00,1.7749,18.3901,9.0916,1.0433,274.9167,210.9818,38.8313,996.6073,499.3997,3297.6611,1.0433,202.4998,202.4998,202.4998,202.4998,202.4998,202.4998
2020-01-01 20:30:00,1.7476,18.1752,8.9019,1.0288,274.3563,209.0569,38.3002,996.1827,497.8826,3291.3147,1.0288,201.0705,201.0705,201.0705,201.0705,201.0705,201.0705
2020-01-01 21:00:00,1.7017,17.5969,8.8368,0.9848,271.228,206.7622,37.608,994.6174,494.9584,3285.2166,0.9848,225.0914,225.0914,225.0914,225.0914,225.0914,225.0914
2020-01-01 21:30:00,1.6546,17.0853,9.0696,0.946,269.2317,205.0842,37.2131,998.4613,491.7268,3283.7327,0.946,181.0981,181.0981,181.0981,181.0981,181.0981,181.0981
2020-01-01 22:00:00,1.6216,16.4417,8.8846,0.8904,263.7262,202.0863,36.4595,993.732,493.3047,3309.4171,0.8904,208.0752,208.0752,208.0752,208.0752,208.0752,208.0752
2020-01-01 22:30:00,1.5874,16.1954,8.7587,0.8504,259.8935,199.4727,35.6149,985.0796,493.0318,3304.0821,0.8504,212.4668,212.4668,212.4668,212.4668,212.4668,212.4668
2020-01-01 23:00:00,1.5609,15.6827,8.7079,0.8068,260.5157,197.3784,34.8002,984.7189,490.7362,3283.9119,0.8068,190.923,190.923,190.923,190.923,190.923,190.923
2020-01-01 23:30:00,1.5548,15.6587,8.9031,0.7486,256.7686,196.7671,34.3205,981.4309,486.4576,3289.2932,0.7486,194.8489,194.8489,194.8489,194.8489,194.8489,194.8489
2020-01-02 00:00:00,1.5286,15.3525,8.8979,0.7214,251.8532,196.3069,33.9823,987.6508,482.1841,3289.6912,0.7214,222.0062,222.0062,222.0062,222.0062,222.0062,222.0062
2020-01-02 00:30:00,1.521,15.1933,8.8019,0.6893,250.2245,197.1229,33.7326,988.6303,482.1179,3285.0643,0.6893,227.8487,227.8487,227.8487,227.8487,227.8487,227.8487
2020-01-02 01:00:00,1.5062,15.1616,8.7907,0.6677,251.4194,195.9305,33.4369,987.6494,483.2151,3298.2676,0.6677,217.5608,217.5608,217.5608,217.5608,217.5608,217.5608
2020-01-02 01:30:00,1.5182,15.1913,8.7452,0.6557,250.7241,195.9924,33.272,983.9825,483.3971,3282.2012,0.6557,246.3182,246.3182,246.3182,246.3182,246.3182,246.3182
2020-01-02 02:00:00,1.4995,15.4241,8.6963,0.6423,251.4783,198.5316,33.3702,985.2607,483.9429,3272.0353,0.6423,253.3452,253.3452,253.3452,253.3452,253.3452,253.3452
2020-01-02 02:30:00,1.5033,15.5653,8.7415,0.6249,250.7987,199.7302,33.4003,984.6874,488.9298,3294.8387,0.6249,241.3596,241.3596,241.3596,241.3596,241.3596,241.3596
2020-01-02 03:00:00,1.5022,15.7774,9.0264,0.6263,250.7716,203.4604,33.5155,989.7514,494.3044,3307.1253,0.6263,249.1944,249.1944,249.1944,249.1944,249.1944,249.1944
2020-01-02 03:30:00,1.5245,16.1312,9.1784,0.6252,253.7278,208.293,33.8523,992.6999,500.4474,3320.6325,0.6252,244.1619,244.1619,244.1619,244.1619,244.1619,244.1619
2020-01-02 04:00:00,1.554,17.0744,9.3832,0.6367,259.6228,216.166,34.6785,999.8116,516.8536,3376.4853,0.6367,246.5016,246.5016,246.5016,246.5016,246.5016,246.5016
2020-01-02 04:30:00,1.6032,18.0181,9.7963,0.6405,265.3094,222.8845,35.387,1013.3481,531.435,3416.4983,0.6405,224.2062,224.2062,224.2062,224.2062,224.2062,224.2062
2020-01-02 05:00:00,1.6935,19.708,10.3322,0.6762,273.8544,235.8643,37.0379,1042.8427,559.3103,3460.6924,0.6762,225.2587,225.2587,225.2587,225.2587,225.2587,225.2587
2020-01-02 05:30:00,1.7667,21.5087,10.6988,0.697,284.4436,244.6814,38.41,1071.0453,585.3478,3477.576,0.697,224.314,224.314,224.314,224.314,224.314,224.314
2020-01-02 06:00:00,1.9223,23.8582,11.6517,0.7305,304.3766,261.7797,40.4884,1114.7262,634.1448,3532.4786,0.7305,223.6515,223.6515,223.6515,223.6515,223.6515,223.6515
2020-01-02 06:30:00,2.0384,25.6065,12.1577,0.7715,313.6047,273.0528,41.8998,1143.1161,664.4964,3578.183,0.7715,235.2197,235.2197,235.2197,235.2197,235.2197,235.2197
2020-01-02 07:00:00,2.1825,27.8014,12.4809,0.7916,322.6117,283.1326,42.7196,1163.0959,698.9914,3624.698,0.7916,201.7936,201.7936,201.7936,201.7936,201.7936,201.7936
2020-01-02 07:30:00,2.3019,28.4635,12.1417,0.8085,323.302,286.3039,42.6902,1173.9695,724.3755,3645.7279,0.8085,209.575,209.575,209.575,209.575,209.575,209.575
2020-01-02 08:00:00,2.4722,29.5908,10.3527,0.8235,319.2785,290.0143,43.4923,1180.5997,755.3093,3610.1508,0.8235,162.262,162.262,162.262,162.262,162.262,162.262
2020-01-02 08:30:00,2.5671,30.6128,8.7314,0.804,311.3291,291.6048,43.8763,1181.3254,763.0898,3578.96,0.804,179.4236,179.4236,179.4236,179.4236,179.4236,179.4236
2020-01-02 09:00:00,2.7083,30.9178,8.2771,0.7704,305.2003,295.5756,44.257,1185.065,772.178,3593.1316,0.7704,168.7497,168.7497,168.7497,168.7497,168.7497,168.7497
2020-01-02 09:30:00,2.7859,31.5418,7.0602,0.7437,302.2768,295.9611,44.7959,1178.9156,779.5154,3583.416,0.7437,169.9349,169.9349,169.9349,169.9349,169.9349,169.9349
2020-01-02 10:00:00,2.8246,32.2545,5.7716,0.7519,300.9205,296.3367,45.1785,1171.5084,785.8947,3577.319,0.7519,171.9831,171.9831,171.9831,171.9831,171.9831,171.9831
2020-01-02 10:30:00,2.8644,32.6072,5.5436,0.7303,301.7532,296.6203,45.4343,1178.5802,789.1546,3609.0483,0.7303,174.5397,174.5397,174.5397,174.5397,174.5397,174.5397
2020-01-02 11:00:00,2.8183,32.443,5.3675,0.7294,298.6814,296.6312,44.9482,1178.7101,794.4945,3619.6662,0.7294,151.9504,151.9504,151.9504,151.9504,151.9504,151.9504
2020-01-02 11:30:00,2.7996,32.626,5.0469,0.7148,298.5702,297.8633,45.0871,1173.5468,798.9385,3677.4826,0.7148,170.3283,170.3283,170.3283,170.3283,170.3283,170.3283
2020-01-02 12:00:00,2.7431,32.4284,5.042,0.7033,296.0575,299.6062,45.0089,1174.398,797.0099,3680.7608,0.7033,165.4988,165.4988,165.4988,165.4988,165.4988,165.4988
2020-01-02 12:30:00,2.7739,32.8601,5.0655,0.7042,296.8087,301.6564,45.0539,1179.1784,805.4304,3718.4558,0.7042,149.7499,149.7499,149.7499,149.7499,149.7499,149.7499
2020-01-02 13:00:00,2.7791,32.7744,4.8964,0.6955,298.8833,301.6135,45.1158,1185.9631,807.0746,3686.7325,0.6955,171.799,171.799,171.799,171.799,171.799,171.799
2020-01-02 13:30:00,2.76,31.9816,4.9063,0.6772,299.0365,303.9513,45.3359,1188.5665,809.0104,3682.951,0.6772,147.3637,147.3637,147.3637,147.3637,147.3637,147.3637
2020-01-02 14:00:00,2.7382,31.6338,5.0403,0.6593,295.002,304.1052,45.3033,1190.1978,812.1795,3675.1918,0.6593,168.1359,168.1359,168.1359,168.1359,168.1359,168.1359
2020-01-02 14:30:00,2.7031,31.0492,5.0649,0.6692,299.3263,305.4117,45.1593,1196.5735,800.2812,3657.0035,0.6692,167.7987,167.7987,167.7987,167.7987,167.7987,167.7987
2020-01-02 15:00:00,2.653,30.505,5.5185,0.6848,308.5413,306.6906,44.7074,1202.1018,789.722,3659.533,0.6848,197.1274,197.1274,197.1274,197.1274,197.1274,197.1274
2020-01-02 15:30:00,2.5814,29.8385,6.7481,0.7205,321.811,309.3109,44.6899,1207.0421,782.0936,3704.5126,0.7205,152.3761,152.3761,152.3761,152.3761,152.3761,152.3761
2020-01-02 16:00:00,2.5504,29.4147,8.0915,0.7806,329.1791,308.5021,44.8817,1210.8331,773.6522,3732.686,0.7806,169.6152,169.6152,169.6152,169.6152,169.6152,169.6152
2020-01-02 16:30:00,2.5017,28.7379,9.1354,0.8557,336.0508,306.2152,45.0408,1210.9983,759.763,3770.4902,0.8557,176.4116,176.4116,176.4116,176.4116,176.4116,176.4116
2020-01-02 17:00:00,2.4783,27.8794,9.7362,0.9749,339.9336,301.3584,45.9628,1211.4769,743.1466,3794.4114,0.9749,205.9845,205.9845,205.9845,205.9845,205.9845,205.9845
2020-01-02 17:30:00,2.4089,26.708,10.009,1.0623,338.3921,295.3918,45.5099,1197.1939,716.4889,3778.8604,1.0623,211.8081,211.8081,211.8081,211.8081,211.8081,211.8081
2020-01-02 18:00:00,2.2967,24.9812,9.9171,1.0781,332.6115,281.4445,44.6861,1176.0386,650.0452,3778.2903,1.0781,220.7511,220.7511,220.7511,220.7511,220.7511,220.7511
2020-01-02 18:30:00,2.2174,24.437,9.5104,1.1019,331.8186,276.461,44.1574,1166.6629,637.2463,3778.2371,1.1019,206.2639,206.2639,206.2639,206.2639,206.2639,206.2639
2020-01-02 19:00:00,2.1199,23.5975,9.4396,1.1042,329.9806,269.9797,43.4135,1152.8518,628.8553,3787.3415,1.1042,226.3468,226.3468,226.3468,226.3468,226.3468,226.3468
2020-01-02 19:30:00,2.0642,23.1902,9.4318,1.0928,327.7879,265.4075,42.8146,1151.7211,619.9418,3758.5456,1.0928,203.2643,203.2643,203.2643,203.2643,203.2643,203.2643
2020-01-02 20:00:00,2.0025,22.4889,9.2894,1.0748,322.3235,261.2004,42.1292,1139.261,610.1637,3807.237,1.0748,224.8657,224.8657,224.8657,224.8657,224.8657,224.8657
2020-01-02 20:30:00,1.9573,21.9611,8.8297,1.065,320.8393,255.6335,41.6642,1133.3159,604.1952,3802.12,1.065,205.7569,205.7569,205.7569,205.7569,205.7569,205.7569
2020-01-02 21:00:00,1.8862,21.1881,8.889,1.035,313.4696,249.1085,40.9312,1126.7483,589.9868,3793.5164,1.035,205.8931,205.8931,205.8931,205.8931,205.8931,205.8931
2020-01-02 21:30:00,1.8011,20.3971,8.7216,0.9889,311.3503,244.5998,40.266,1124.272,586.171,3786.5094,0.9889,219.5856,219.5856,219.5856,219.5856,219.5856,219.5856
2020-01-02 22:00:00,1.7214,19.447,8.3478,0.9223,304.726,238.5418,38.7613,1117.0759,577.6667,3767.4585,0.9223,218.8787,218.8787,218.8787,218.8787,218.8787,218.8787
2020-01-02 22:30:00,1.6757,18.7294,8.2362,0.8687,297.1966,235.8287,37.9633,1103.6263,570.109,3754.8076,0.8687,212.4275,212.4275,212.4275,212.4275,212.4275,212.4275
2020-01-02 23:00:00,1.6391,18.1135,8.1016,0.8138,293.7297,231.3216,37.06,1101.018,561.5734,3734.1255,0.8138,204.4883,204.4883,204.4883,204.4883,204.4883,204.4883
2020-01-02 23:30:00,1.6079,17.6529,8.1882,0.7544,290.7268,228.8252,36.5633,1097.9743,560.6431,3700.8686,0.7544,208.0776,208.0776,208.0776,208.0776,208.0776,208.0776
2020-01-03 00:00:00,1.5724,17.359,7.8748,0.7497,285.4727,225.7285,35.9035,1100.3965,553.2609,3794.8149,0.7497,210.1903,210.1903,210.1903,210.1903,210.1903,210.1903
2020-01-03 00:30:00,1.5644,17.1622,7.8749,0.72,284.1696,224.0026,35.2941,1096.3194,542.588,3777.1368,0.72,196.8822,196.8822,196.8822,196.8822,196.8822,196.8822
2020-01-03 01:00:00,1.5434,16.9746,7.8909,0.6832,282.2849,221.0246,34.8419,1083.6804,539.6583,3768.983,0.6832,132.8044,132.8044,132.8044,132.8044,132.8044,132.8044
2020-01-03 01:30:00,1.5432,16.8148,7.9034,0.6525,281.7508,219.3893,34.785,1080.4699,535.2113,3770.469,0.6525,91.5931,91.5931,91.5931,91.5931,91.5931,91.5931
2020-01-03 02:00:00,1.556,16.7905,7.9233,0.6498,277.8965,217.241,34.6312,1068.0183,534.9394,3741.7352,0.6498,95.219,95.219,95.219,95.219,95.219,95.219
2020-01-03 02:30:00,1.5582,16.7618,8.0,0.6397,279.6806,216.694,34.5798,1062.1705,531.4459,3739.512,0.6397,93.2313,93.2313,93.2313,93.2313,93.2313,93.2313
2020-01-03 03:00:00,1.5411,16.9381,8.5384,0.6354,279.5628,218.4612,34.8334,1064.542,535.3685,3756.8614,0.6354,112.7868,112.7868,112.7868,112.7868,112.7868,112.7868
2020-01-03 03:30:00,1.5754,17.274,8.3532,0.63,278.7071,221.3109,35.0774,1064.3177,544.1585,3757.857,0.63,102.5393,102.5393,102.5393,102.5393,102.5393,102.5393
2020-01-03 04:00:00,1.5975,18.329,8.4109,0.6375,281.9949,228.4463,35.8635,1077.1962,558.2441,3800.7134,0.6375,98.4741,98.4741,98.4741,98.4741,98.4741,98.4741
2020-01-03 04:30:00,1.65,18.8813,8.8918,0.6497,287.7701,233.9378,36.7203,1090.9169,572.4639,3860.4065,0.6497,105.1162,105.1162,105.1162,105.1162,105.1162,105.1162
2020-01-03 05:00:00,1.7448,20.7467,9.6563,0.6764,297.6264,246.3821,38.2223,1114.3876,597.5144,3907.0108,0.6764,107.997,107.997,107.997,107.997,107.997,107.997
2020-01-03 05:30:00,1.8095,22.3638,10.0298,0.7153,307.4998,254.92,39.49,1140.443,624.9265,3898.3818,0.7153,99.478,99.478,99.478,99.478,99.478,99.478
2020-01-03 06:00:00,1.9307,24.7264,10.9577,0.753,322.6429,270.0953,41.5846,1172.6152,668.3688,3957.3118,0.753,109.0386,109.0386,109.0386,109.0386,109.0386,109.0386
2020-01-03 06:30:00,2.082,26.3599,11.6214,0.7852,332.3998,279.9979,42.7721,1195.455,696.816,3989.4939,0.7852,95.4936,95.4936,95.4936,95.4936,95.4936,95.4936
2020-01-03 07:00:00,2.2213,28.3811,13.1444,0.8293,340.3777,290.9382,43.9617,1210.0497,728.2659,3982.0122,0.8293,78.0074,78.0074,78.0074,78.0074,78.0074,78.0074
2020-01-03 07:30:00,2.3188,29.1685,13.2881,0.8386,338.0096,292.7479,43.9631,1210.6968,743.235,3970.888,0.8386,43.6788,43.6788,43.6788,43.6788,43.6788,43.6788
2020-01-03 08:00:00,2.5093,30.1733,11.4767,0.8482,335.3723,295.6687,44.5842,1217.3877,764.0014,3938.9761,0.8482,49.7858,49.7858,49.7858,49.7858,49.7858,49.7858
2020-01-03 08:30:00,2.6159,30.5431,9.758,0.8006,328.9672,297.2145,45.0805,1210.2097,775.7166,3882.1419,0.8006,31.6927,31.6927,31.6927,31.6927,31.6927,31.6927
2020-01-03 09:00:00,2.7329,30.7714,8.4686,0.7721,319.9178,299.4246,45.3586,1207.6382,782.2176,3833.772,0.7721,60.3672,60.3672,60.3672,60.3672,60.3672,60.3672
2020-01-03 09:30:00,2.798,31.358,7.7631,0.7679,317.2733,300.3144,45.5975,1202.2607,792.5703,3842.809,0.7679,44.6895,44.6895,44.6895,44.6895,44.6895,44.6895
2020-01-03 10:00:00,2.8544,32.1681,7.0587,0.7547,318.3423,298.9702,45.5954,1195.5341,791.3865,3840.1622,0.7547,48.927,48.927,48.927,48.927,48.927,48.927
2020-01-03 10:30:00,2.8609,32.5345,6.1831,0.7166,312.5111,298.044,45.9531,1207.0336,789.6112,3881.7765,0.7166,56.9085,56.9085,56.9085,56.9085,56.9085,56.9085
2020-01-03 11:00:00,2.8607,32.3876,6.0178,0.7131,307.7256,298.4054,45.9271,1201.3775,792.813,3924.3004,0.7131,40.6121,40.6121,40.6121,40.6121,40.6121,40.6121
2020-01-03 11:30:00,2.8329,32.3753,5.6365,0.6976,307.7983,299.5542,45.9386,1207.1379,801.8257,3975.4367,0.6976,54.0911,54.0911,54.0911,54.0911,54.0911,54.0911
2020-01-03 12:00:00,2.753,32.1185,5.6255,0.6827,308.7469,300.5819,45.6984,1208.4424,802.5744,3965.5004,0.6827,35.1502,35.1502,35.1502,35.1502,35.1502,35.1502
2020-01-03 12:30:00,2.7439,32.2933,5.6273,0.6794,312.7697,302.0014,45.8947,1205.3455,807.6797,3911.1889,0.6794,54.7522,54.7522,54.7522,54.7522,54.7522,54.7522
2020-01-03 13:00:00,2.7442,32.4848,5.4244,0.6715,312.2276,302.9186,45.9498,1211.6561,810.0335,3878.5614,0.6715,46.4834,46.4834,46.4834,46.4834,46.4834,46.4834
2020-01-03 13:30:00,2.731,31.8368,5.2696,0.6716,307.2829,305.3336,46.0306,1217.7901,812.3818,3887.0077,0.6716,54.375,54.375,54.375,54.375,54.375,54.375
2020-01-03 14:00:00,2.697,31.4019,5.4865,0.6653,306.3996,305.3199,45.8163,1222.4991,807.5036,3898.197,0.6653,30.56,30.56,30.56,30.56,30.56,30.56
2020-01-03 14:30:00,2.6694,30.6888,5.9358,0.6745,308.3451,305.4075,45.7473,1220.8138,788.5959,3903.8516,0.6745,61.3195,61.3195,61.3195,61.3195,61.3195,61.3195
2020-01-03 15:00:00,2.6166,29.9335,6.2713,0.6775,306.9507,305.7594,45.3885,1212.852,781.4279,3894.6667,0.6775,27.8616,27.8616,27.8616,27.8616,27.8616,27.8616
2020-01-03 15:30:00,2.5577,29.338,6.8163,0.7122,314.4057,305.7737,45.2448,1220.2632,774.4059,3947.8356,0.7122,67.3013,67.3013,67.3013,67.3013,67.3013,67.3013
2020-01-03 16:00:00,2.5181,28.6273,7.7766,0.7689,322.4284,304.2522,45.2603,1233.4313,763.4786,3990.502,0.7689,43.4822,43.4822,43.4822,43.4822,43.4822,43.4822
2020-01-03 16:30:00,2.4967,28.2018,9.183,0.8516,331.7937,302.7135,45.3309,1235.5964,757.4289,4012.1725,0.8516,54.1445,54.1445,54.1445,54.1445,54.1445,54.1445
2020-01-03 17:00:00,2.4872,27.8302,9.8545,0.9823,337.9482,300.0489,46.2522,1223.8049,747.5135,4045.9628,0.9823,87.6038,87.6038,87.6038,87.6038,87.6038,87.6038
2020-01-03 17:30:00,2.4222,26.6185,9.982,1.0753,337.8554,296.025,45.904,1209.9039,726.0664,4084.7587,1.0753,96.9891,96.9891,96.9891,96.9891,96.9891,96.9891
2020-01-03 18:00:00,2.2952,25.188,9.6407,1.0773,332.011,281.723,44.8725,1200.0145,657.2948,4071.8528,1.0773,102.6941,102.6941,102.6941,102.6941,102.6941,102.6941
2020-01-03 18:30:00,2.2395,24.7396,9.7397,1.1012,325.7025,276.0009,44.1888,1188.6882,645.4389,4057.9067,1.1012,114.425,114.425,114.425,114.425,114.425,114.425
2020-01-03 19:00:00,2.1455,23.7299,9.8139,1.0934,323.294,270.417,43.6162,1177.5978,630.1996,4060.7374,1.0934,99.1695,99.1695,99.1695,99.1695,99.1695,99.1695
2020-01-03 19:30:00,2.0829,22.9948,9.7225,1.0642,317.6948,267.8329,43.2888,1166.5765,622.9621,4018.6368,1.0642,104.0484,104.0484,104.0484,104.0484,104.0484,104.0484
2020-01-03 20:00:00,2.0243,22.1221,9.4835,1.0486,313.386,263.666,42.5774,1153.167,614.9597,3996.5501,1.0486,100.4184,100.4184,100.4184,100.4184,100.4184,100.4184
2020-01-03 20:30:00,1.9617,21.6621,9.3418,1.0354,310.7802,258.0272,41.9975,1145.8296,608.5151,3996.2813,1.0354,102.9488,102.9488,102.9488,102.9488,102.9488,102.9488
2020-01-03 21:00:00,1.8798,20.8934,9.4257,1.0041,304.7213,250.7841,41.2802,1130.8601,597.7581,3996.72,1.0041,106.9886,106.9886,106.9886,106.9886,106.9886,106.9886
2020-01-03 21:30:00,1.819,20.2077,9.4914,0.977,303.983,246.5825,40.7221,1134.1809,592.755,4014.8315,0.977,104.7723,104.7723,104.7723,104.7723,104.7723,104.7723
2020-01-03 22:00:00,1.7589,19.2116,9.1892,0.9375,296.6682,239.5137,39.6128,1122.7669,584.8397,4009.4361,0.9375,98.6497,98.6497,98.6497,98.6497,98.6497,98.6497
2020-01-03 22:30:00,1.6996,18.5351,8.9057,0.8945,289.6186,236.2733,38.4787,1112.1821,578.2055,4007.3285,0.8945,113.1081,113.1081,113.1081,113.1081,113.1081,113.1081
2020-01-03 23:00:00,1.6572,17.6208,8.6659,0.8288,285.5427,231.3799,37.4612,1097.6683,563.8776,3998.4443,0.8288,96.4671,96.4671,96.4671,96.4671,96.4671,96.4671
2020-01-03 23:30:00,1.6112,17.1247,8.6575,0.7765,284.4124,228.4362,36.6722,1087.8638,561.099,3988.3326,0.7765,115.0379,115.0379,115.0379,115.0379,115.0379,115.0379
2020-01-04 00:00:00,1.5825,16.6574,8.3346,0.7398,272.4766,219.2943,35.3421,1068.0574,528.9165,3558.4743,0.7398,57.0666,57.0666,57.0666,57.0666,57.0666,57.0666
2020-01-04 00:30:00,1.5523,16.5368,8.2408,0.7078,269.3881,216.4081,34.8622,1063.735,524.1062,3557.2518,0.7078,85.8771,85.8771,85.8771,85.8771,85.8771,85.8771
2020-01-04 01:00:00,1.5343,16.3466,8.0855,0.6724,264.8387,214.331,34.4888,1056.577,520.1983,3528.32,0.6724,71.76,71.76,71.76,71.76,71.76,71.76
2020-01-04 01:30:00,1.528,16.3986,8.1603,0.6579,263.9155,211.5932,34.1534,1053.6989,513.6034,3505.514,0.6579,72.4574,72.4574,72.4574,72.4574,72.4574,72.4574
2020-01-04 02:00:00,1.5238,16.2299,8.1086,0.6357,264.5917,209.3875,34.1664,1050.0005,511.5748,3494.5365,0.6357,89.594,89.594,89.594,89.594,89.594,89.594
2020-01-04 02:30:00,1.5237,16.1394,8.2243,0.632,263.1603,209.318,33.8661,1044.7929,512.4866,3459.4,0.632,68.8399,68.8399,68.8399,68.8399,68.8399,68.8399
2020-01-04 03:00:00,1.5182,15.9857,8.2428,0.6319,263.3538,209.6768,33.7919,1037.1572,514.7572,3467.368,0.6319,66.8272,66.8272,66.8272,66.8272,66.8272,66.8272
2020-01-04 03:30:00,1.5158,16.0686,8.3249,0.626,263.0764,209.9016,33.7631,1039.1157,514.1296,3469.5902,0.626,68.5851,68.5851,68.5851,68.5851,68.5851,68.5851
2020-01-04 04:00:00,1.5393,16.3524,8.2791,0.6279,262.84,212.5545,34.3339,1042.4485,514.8093,3431.218,0.6279,79.9826,79.9826,79.9826,79.9826,79.9826,79.9826
2020-01-04 04:30:00,1.5552,16.4242,8.4255,0.6326,267.5625,215.2707,34.7137,1043.9769,519.0968,3425.8828,0.6326,58.3016,58.3016,58.3016,58.3016,58.3016,58.3016
2020-01-04 05:00:00,1.6017,16.7975,8.5007,0.6532,273.9323,219.5527,35.5859,1061.68,524.8518,3460.8826,0.6532,80.0024,80.0024,80.0024,80.0024,80.0024,80.0024
2020-01-04 05:30:00,1.6243,17.236,8.953,0.6792,277.5045,222.5003,36.1967,1063.7096,530.3574,3471.5087,0.6792,67.6073,67.6073,67.6073,67.6073,67.6073,67.6073
2020-01-04 06:00:00,1.6736,18.3833,8.6863,0.6972,283.3813,228.5739,37.5638,1075.7125,543.7918,3488.2896,0.6972,78.2328,78.2328,78.2328,78.2328,78.2328,78.2328
2020-01-04 06:30:00,1.7137,19.0612,8.7346,0.7157,285.7791,231.3414,38.2712,1080.6505,550.4212,3531.5402,0.7157,68.0369,68.0369,68.0369,68.0369,68.0369,68.0369
2020-01-04 07:00:00,1.7476,19.5846,8.5779,0.7434,285.676,234.7697,38.7506,1079.1056,560.2364,3534.7212,0.7434,59.8449,59.8449,59.8449,59.8449,59.8449,59.8449
2020-01-04 07:30:00,1.7422,20.0536,7.9856,0.7583,281.7915,232.1226,38.5064,1081.1023,560.0543,3499.1303,0.7583,24.0348,24.0348,24.0348,24.0348,24.0348,24.0348
2020-01-04 08:00:00,1.8192,20.3903,7.0206,0.8071,275.7722,232.8405,38.666,1078.9305,562.7998,3506.3865,0.8071,40.7479,40.7479,40.7479,40.7479,40.7479,40.7479
2020-01-04 08:30:00,1.8858,20.4621,5.6272,0.8195,267.7613,231.746,38.8995,1068.5376,566.0687,3517.4516,0.8195,61.368,61.368,61.368,61.368,61.368,61.368
2020-01-04 09:00:00,1.9668,20.8673,4.8729,0.8199,258.5508,230.9359,39.1588,1059.9744,574.8187,3550.1485,0.8199,46.3203,46.3203,46.3203,46.3203,46.3203,46.3203
2020-01-04 09:30:00,2.0458,21.0531,4.2793,0.8178,255.7679,230.6351,39.5461,1053.5708,576.9593,3517.2793,0.8178,65.7626,65.7626,65.7626,65.7626,65.7626,65.7626
2020-01-04 10:00:00,2.1138,21.4606,3.9306,0.7984,256.8891,230.6136,39.7838,1056.3834,576.3385,3543.3144,0.7984,32.4344,32.4344,32.4344,32.4344,32.4344,32.4344
2020-01-04 10:30:00,2.1103,21.6504,3.8152,0.7914,252.7525,230.0986,39.7478,1066.3022,580.504,3533.4463,0.7914,58.7523,58.7523,58.7523,58.7523,58.7523,58.7523
2020-01-04 11:00:00,2.1171,21.6423,3.7486,0.7851,248.8406,229.4783,39.7393,1060.5823,581.1015,3535.3362,0.7851,64.9638,64.9638,64.9638,64.9638,64.9638,64.9638
2020-01-04 11:30:00,2.1102,21.6272,3.6828,0.7667,248.4286,230.2817,39.6936,1065.0574,581.333,3569.6754,0.7667,32.2976,32.2976,32.2976,32.2976,32.2976,32.2976
2020-01-04 12:00:00,2.1019,21.6026,3.6866,0.7725,248.1922,229.3449,39.504,1063.624,578.4843,3582.3625,0.7725,52.2335,52.2335,52.2335,52.2335,52.2335,52.2335
2020-01-04 12:30:00,2.0791,21.5081,3.5536,0.7689,250.147,229.7817,39.7448,1060.6573,576.5335,3542.7603,0.7689,50.3971,50.3971,50.3971,50.3971,50.3971,50.3971
2020-01-04 13:00:00,2.0477,21.7126,3.5309,0.7681,252.8092,229.1327,39.521,1065.142,567.2851,3523.8428,0.7681,29.0756,29.0756,29.0756,29.0756,29.0756,29.0756
2020-01-04 13:30:00,2.0425,21.5505,3.6184,0.7501,250.8142,229.1601,39.7044,1065.2138,567.274,3519.0638,0.7501,57.7437,57.7437,57.7437,57.7437,57.7437,57.7437
2020-01-04 14:00:00,2.0201,21.4201,3.7551,0.7281,250.2413,228.8494,39.5054,1057.5947,559.8449,3519.4274,0.7281,47.5323,47.5323,47.5323,47.5323,47.5323,47.5323
2020-01-04 14:30:00,2.0175,21.1354,4.0945,0.7486,254.5368,230.4505,39.6796,1067.1767,553.3772,3517.172,0.7486,30.0536,30.0536,30.0536,30.0536,30.0536,30.0536
2020-01-04 15:00:00,2.0,21.0348,4.65,0.7549,259.0455,232.6988,39.7218,1071.5842,555.7373,3530.6005,0.7549,41.0698,41.0698,41.0698,41.0698,41.0698,41.0698
2020-01-04 15:30:00,1.9751,21.0052,5.7181,0.7764,268.1374,234.1312,39.5469,1089.345,557.9315,3537.8644,0.7764,32.9705,32.9705,32.9705,32.9705,32.9705,32.9705
2020-01-04 16:00:00,1.9797,20.9749,6.7848,0.8289,274.048,235.6221,39.63,1096.1254,554.6523,3569.4533,0.8289,33.1953,33.1953,33.1953,33.1953,33.1953,33.1953
2020-01-04 16:30:00,2.0142,21.338,7.9564,0.9094,281.5281,237.8127,40.0845,1108.4523,553.1299,3583.8497,0.9094,41.0212,41.0212,41.0212,41.0212,41.0212,41.0212
2020-01-04 17:00:00,2.103,21.4821,9.0069,1.0014,289.987,240.1056,41.3475,1112.1524,552.9314,3606.0236,1.0014,80.0116,80.0116,80.0116,80.0116,80.0116,80.0116
2020-01-04 17:30:00,2.0989,21.5089,9.3691,1.0713,288.6055,240.5285,41.6388,1109.1627,551.3727,3600.2504,1.0713,70.4444,70.4444,70.4444,70.4444,70.4444,70.4444
2020-01-04 18:00:00,2.0595,21.3097,9.2598,1.0682,288.3907,237.9124,41.2617,1101.0098,545.0761,3615.8886,1.0682,65.0794,65.0794,65.0794,65.0794,65.0794,65.0794
2020-01-04 18:30:00,2.03,20.8832,8.8997,1.0616,285.5298,235.2206,40.9307,1097.7677,539.3949,3615.1925,1.0616,87.0792,87.0792,87.0792,87.0792,87.0792,87.0792
2020-01-04 19:00:00,1.9762,20.4152,8.9893,1.0658,286.4888,232.8539,40.6054,1091.2495,536.247,3620.5357,1.0658,73.6486,73.6486,73.6486,73.6486,73.6486,73.6486
2020-01-04 19:30:00,1.9365,19.941,9.0273,1.0368,281.2583,230.725,40.3582,1089.552,531.6696,3611.0025,1.0368,78.0456,78.0456,78.0456,78.0456,78.0456,78.0456
2020-01-04 20:00:00,1.9057,19.6692,8.8055,1.0081,279.197,227.5314,39.7541,1083.8576,527.1604,3576.8355,1.0081,87.3665,87.3665,87.3665,87.3665,87.3665,87.3665
2020-01-04 20:30:00,1.8786,19.5034,8.8658,0.9989,279.8065,225.9881,39.5335,1075.3089,525.6834,3576.8502,0.9989,78.1497,78.1497,78.1497,78.1497,78.1497,78.1497
2020-01-04 21:00:00,1.7942,19.2594,9.0228,0.9813,274.1684,221.5508,38.9542,1070.1494,521.8935,3569.7465,0.9813,70.6818,70.6818,70.6818,70.6818,70.6818,70.6818
2020-01-04 21:30:00,1.7482,18.695,8.8734,0.9536,272.9783,219.6658,38.3626,1065.2837,520.2342,3578.7857,0.9536,87.2656,87.2656,87.2656,87.2656,87.2656,87.2656
2020-01-04 22:00:00,1.688,18.0156,8.5755,0.9235,269.3351,215.2086,37.4922,1055.7986,512.5744,3572.3875,0.9235,67.7494,67.7494,67.7494,67.7494,67.7494,67.7494
2020-01-04 22:30:00,1.6321,17.493,8.7406,0.8842,264.8473,212.1331,36.6132,1051.3755,508.0857,3574.7268,0.8842,67.8316,67.8316,67.8316,67.8316,67.8316,67.8316
2020-01-04 23:00:00,1.6011,16.7928,9.0113,0.8441,258.2657,207.3059,35.8077,1038.8991,501.1743,3571.7769,0.8441,87.3922,87.3922,87.3922,87.3922,87.3922,87.3922
2020-01-04 23:30:00,1.5875,16.563,8.9944,0.7791,257.2177,204.4364,35.4854,1035.1238,499.0699,3542.7663,0.7791,78.2484,78.2484,78.2484,78.2484,78.2484,78.2484
2020-01-05 00:00:00,1.5407,15.9353,8.5155,0.7516,257.1018,200.7323,33.6003,993.5924,489.3058,3842.37,0.7516,80.4209,80.4209,80.4209,80.4209,80.4209,80.4209
2020-01-05 00:30:00,1.5319,15.7341,8.4173,0.7148,256.0252,198.91299999999998,33.1509,986.2452,489.4856,3818.59,0.7148,97.6843,97.6843,97.6843,97.6843,97.6843,97.6843
2020-01-05 01:00:00,1.5145,15.5027,8.5801,0.6812,253.1676,198.0155,32.6667,985.7403,488.8943,3789.16,0.6812,59.4902,59.4902,59.4902,59.4902,59.4902,59.4902
2020-01-05 01:30:00,1.5143,15.4447,8.4532,0.6636,253.2534,196.9783,32.3379,984.6956,488.6973,3775.62,0.6636,99.7901,99.7901,99.7901,99.7901,99.7901,99.7901
2020-01-05 02:00:00,1.5127,15.3844,8.4953,0.6494,254.4959,195.8924,32.0328,982.888,485.5685,3779.93,0.6494,110.8321,110.8321,110.8321,110.8321,110.8321,110.8321
2020-01-05 02:30:00,1.5124,15.4103,8.4152,0.6371,253.2822,195.8961,32.0282,977.922,487.5812,3752.26,0.6371,64.303,64.303,64.303,64.303,64.303,64.303
2020-01-05 03:00:00,1.5049,15.435,8.4503,0.6359,253.5434,195.7173,32.0637,974.3764,489.3261,3728.74,0.6359,102.1649,102.1649,102.1649,102.1649,102.1649,102.1649
2020-01-05 03:30:00,1.5036,15.5473,8.6153,0.6268,253.0584,197.0562,31.9692,970.9963,489.0586,3693.79,0.6268,83.4319,83.4319,83.4319,83.4319,83.4319,83.4319
2020-01-05 04:00:00,1.5143,15.6917,8.6039,0.6375,256.2658,199.7223,32.4903,970.1587,489.7782,3691.69,0.6375,102.0508,102.0508,102.0508,102.0508,102.0508,102.0508
2020-01-05 04:30:00,1.5308,15.842,8.6827,0.6342,258.5543,200.3906,32.9102,972.9673,487.9298,3694.84,0.6342,76.556,76.556,76.556,76.556,76.556,76.556
2020-01-05 05:00:00,1.5575,16.1925,8.7989,0.6483,259.595,202.033,33.876,974.1119,486.5824,3707.19,0.6483,103.6307,103.6307,103.6307,103.6307,103.6307,103.6307
2020-01-05 05:30:00,1.587,16.6129,8.8844,0.6829999999999999,260.9587,203.1702,34.6443,973.5045,485.1115,3708.01,0.6829999999999999,100.4724,100.4724,100.4724,100.4724,100.4724,100.4724
2020-01-05 06:00:00,1.6271,17.19,9.0525,0.7111,262.5612,207.3398,35.8764,980.582,493.5474,3734.24,0.7111,86.9058,86.9058,86.9058,86.9058,86.9058,86.9058
2020-01-05 06:30:00,1.6722,17.6262,9.2055,0.7403,262.7083,209.1167,36.7095,982.8033,496.5763,3753.13,0.7403,91.8642,91.8642,91.8642,91.8642,91.8642,91.8642
2020-01-05 07:00:00,1.6665,17.9325,9.1112,0.7863,263.8689,211.5465,37.1979,980.8632,500.5188,3760.96,0.7863,86.5064,86.5064,86.5064,86.5064,86.5064,86.5064
2020-01-05 07:30:00,1.6219999999999999,17.7386,8.6664,0.8112,260.5474,209.734,36.592,976.2361,497.2884,3712.34,0.8112,75.4276,75.4276,75.4276,75.4276,75.4276,75.4276
2020-01-05 08:00:00,1.6474,18.0165,7.6442,0.8357,255.6709,209.23,37.0788,965.5538,497.4982,3695.99,0.8357,56.5494,56.5494,56.5494,56.5494,56.5494,56.5494
2020-01-05 08:30:00,1.6580000000000001,18.3943,6.3377,0.8273,248.6528,206.6909,37.2998,951.3881,500.2707,3647.38,0.8273,64.7316,64.7316,64.7316,64.7316,64.7316,64.7316
2020-01-05 09:00:00,1.7257,18.5472,5.4896,0.8279,243.6368,205.5819,37.6658,939.0782,506.06300000000005,3582.17,0.8279,93.4202,93.4202,93.4202,93.4202,93.4202,93.4202
2020-01-05 09:30:00,1.787,18.9959,5.329,0.8096,238.7615,205.3254,37.6776,939.9236,508.3252,3532.29,0.8096,86.954,86.954,86.954,86.954,86.954,86.954
2020-01-05 10:00:00,1.8461,19.296,5.1733,0.828,242.1742,206.31799999999998,37.9127,940.1726,508.4011,3489.93,0.828,67.0579,67.0579,67.0579,67.0579,67.0579,67.0579
2020-01-05 10:30:00,1.8659999999999999,19.48,5.0373,0.8216,239.9141,207.0312,38.0525,936.4143,510.5927,3509.73,0.8216,71.8623,71.8623,71.8623,71.8623,71.8623,71.8623
2020-01-05 11:00:00,1.8577,19.7611,4.3621,0.8216,241.3481,209.7189,37.9714,938.7783,512.9584,3516.18,0.8216,104.6516,104.6516,104.6516,104.6516,104.6516,104.6516
2020-01-05 11:30:00,1.8693,19.9921,4.8397,0.7958,242.325,209.78900000000002,37.9661,939.3635,513.6255,3534.99,0.7958,94.4894,94.4894,94.4894,94.4894,94.4894,94.4894
2020-01-05 12:00:00,1.8643,19.9488,4.7711,0.782,242.7991,209.2194,37.9136,938.3693,513.7277,3586.59,0.782,55.5134,55.5134,55.5134,55.5134,55.5134,55.5134
2020-01-05 12:30:00,1.8402,20.0023,3.883,0.7789,243.2019,208.8297,37.8799,939.575,514.6669999999999,3571.17,0.7789,94.4925,94.4925,94.4925,94.4925,94.4925,94.4925
2020-01-05 13:00:00,1.8187,19.8765,4.1352,0.7691,241.8542,208.9912,37.8256,943.5396,518.0913,3547.94,0.7691,70.6637,70.6637,70.6637,70.6637,70.6637,70.6637
2020-01-05 13:30:00,1.8193,19.7445,4.0861,0.7626,243.6662,210.0326,37.8439,949.3997,518.4069999999999,3527.05,0.7626,81.347,81.347,81.347,81.347,81.347,81.347
2020-01-05 14:00:00,1.8198,19.8527,3.7460000000000004,0.7707,243.4116,211.6005,37.9103,952.1759,518.0988,3518.62,0.7707,85.7171,85.7171,85.7171,85.7171,85.7171,85.7171
2020-01-05 14:30:00,1.8019,19.5773,3.7674,0.7702,243.1794,213.4767,37.8636,960.2103,515.2568,3544.81,0.7702,58.5011,58.5011,58.5011,58.5011,58.5011,58.5011
2020-01-05 15:00:00,1.7874,19.5352,4.1247,0.7954,245.4612,215.7138,37.701,972.2064,514.0189,3518.84,0.7954,78.0461,78.0461,78.0461,78.0461,78.0461,78.0461
2020-01-05 15:30:00,1.7979,19.5322,4.769,0.8208,254.0136,218.597,37.6549,984.8476,512.6104,3560.25,0.8208,41.0986,41.0986,41.0986,41.0986,41.0986,41.0986
2020-01-05 16:00:00,1.8159,19.4938,5.9541,0.8786,263.8379,221.1079,37.7082,998.9607,512.0377,3644.0,0.8786,73.7209,73.7209,73.7209,73.7209,73.7209,73.7209
2020-01-05 16:30:00,1.871,20.0377,7.4422,0.9626,272.8411,223.903,38.1983,1014.16,512.4502,3704.23,0.9626,76.9197,76.9197,76.9197,76.9197,76.9197,76.9197
2020-01-05 17:00:00,1.9689,20.6086,8.6013,1.0729,279.5727,227.0677,39.6596,1022.32,512.5257,3742.6,1.0729,113.2336,113.2336,113.2336,113.2336,113.2336,113.2336
2020-01-05 17:30:00,2.0125,20.7553,9.005,1.1643,281.1813,226.7962,39.8023,1020.9,510.0191,3765.37,1.1643,102.4075,102.4075,102.4075,102.4075,102.4075,102.4075
2020-01-05 18:00:00,1.9809,20.5227,8.8291,1.2043,281.184,224.1733,39.6133,1011.11,502.8419,3789.71,1.2043,108.0065,108.0065,108.0065,108.0065,108.0065,108.0065
2020-01-05 18:30:00,1.9447,20.3302,8.822000000000001,1.2023,278.8801,221.6466,39.2718,1011.06,500.7459,3797.91,1.2023,124.2237,124.2237,124.2237,124.2237,124.2237,124.2237
2020-01-05 19:00:00,1.9156,19.7545,8.9727,1.1936,277.9448,218.8789,38.8784,1012.18,496.0998,3806.59,1.1936,95.7452,95.7452,95.7452,95.7452,95.7452,95.7452
2020-01-05 19:30:00,1.8909,19.3242,8.9329,1.1709,277.2866,217.1385,38.6656,1012.47,495.1876,3808.79,1.1709,116.6573,116.6573,116.6573,116.6573,116.6573,116.6573
2020-01-05 20:00:00,1.8404,19.0328,8.8117,1.1393,273.5041,214.1874,38.1884,1009.27,493.10900000000004,3810.57,1.1393,111.7633,111.7633,111.7633,111.7633,111.7633,111.7633
2020-01-05 20:30:00,1.8116,18.7079,8.6656,1.0815,272.1462,212.3454,37.8197,1001.92,491.9444,3806.43,1.0815,75.0167,75.0167,75.0167,75.0167,75.0167,75.0167
2020-01-05 21:00:00,1.7463,18.4079,8.7392,1.0622,267.8573,211.205,37.1757,995.9763,489.4201,3811.08,1.0622,114.7842,114.7842,114.7842,114.7842,114.7842,114.7842
2020-01-05 21:30:00,1.6808,17.815,8.4474,1.0125,266.7795,209.9759,36.6444,996.3858,490.2071,3835.22,1.0125,103.9078,103.9078,103.9078,103.9078,103.9078,103.9078
2020-01-05 22:00:00,1.6427,17.2655,8.2211,0.9272,265.7103,208.0126,35.637,989.212,488.3725,3846.87,0.9272,102.1801,102.1801,102.1801,102.1801,102.1801,102.1801
2020-01-05 22:30:00,1.6173,16.9477,8.2085,0.8688,263.5906,206.1343,34.7643,988.0865,487.9681,3828.18,0.8688,110.4154,110.4154,110.4154,110.4154,110.4154,110.4154
2020-01-05 23:00:00,1.5865,16.445,8.0554,0.8215,261.4673,203.1709,34.2504,988.7317,485.8128,3837.01,0.8215,92.8415,92.8415,92.8415,92.8415,92.8415,92.8415
2020-01-05 23:30:00,1.5663,16.2382,8.0871,0.7839,259.296,201.4483,33.7017,991.9291,486.5003,3840.61,0.7839,95.4227,95.4227,95.4227,95.4227,95.4227,95.4227
2020-01-06 00:00:00,1.5515,16.1829,7.8144,0.758,251.9721,197.7134,32.2867,1011.73,473.1359,3494.29,0.758,196.822,196.822,196.822,196.822,196.822,196.822
2020-01-06 00:30:00,1.5505,16.1526,7.8473,0.7108,252.6329,197.6935,31.910999999999998,1012.09,475.3713,3479.77,0.7108,211.516,211.516,211.516,211.516,211.516,211.516
2020-01-06 01:00:00,1.5442,16.1887,7.8962,0.6898,252.5137,198.4902,31.6746,1006.96,475.2711,3476.68,0.6898,191.2919,191.2919,191.2919,191.2919,191.2919,191.2919
2020-01-06 01:30:00,1.5423,16.2107,7.7749,0.6683,252.6979,198.9807,31.5784,1003.59,473.4057,3457.5,0.6683,217.0236,217.0236,217.0236,217.0236,217.0236,217.0236
2020-01-06 02:00:00,1.5423,16.425,7.8909,0.6655,252.5038,200.5697,31.5403,1004.7,477.1029,3451.77,0.6655,182.3826,182.3826,182.3826,182.3826,182.3826,182.3826
2020-01-06 02:30:00,1.5358,16.5326,8.1228,0.6539,253.668,202.1236,31.6244,1007.93,483.43199999999996,3450.55,0.6539,216.7496,216.7496,216.7496,216.7496,216.7496,216.7496
2020-01-06 03:00:00,1.5731,17.1069,8.5264,0.6554,253.542,206.4475,31.8172,1013.92,489.4514,3436.33,0.6554,207.5831,207.5831,207.5831,207.5831,207.5831,207.5831
2020-01-06 03:30:00,1.5811,17.6645,8.738,0.6534,256.7765,210.8024,32.2058,1018.09,498.1056,3420.78,0.6534,191.1707,191.1707,191.1707,191.1707,191.1707,191.1707
2020-01-06 04:00:00,1.6193,18.6222,8.9931,0.6665,263.1147,219.0514,33.4477,1027.17,514.2402,3450.29,0.6665,203.8866,203.8866,203.8866,203.8866,203.8866,203.8866
2020-01-06 04:30:00,1.6578,19.5795,9.476,0.6836,268.9762,225.57299999999998,34.4995,1040.76,528.0477,3477.38,0.6836,237.6217,237.6217,237.6217,237.6217,237.6217,237.6217
2020-01-06 05:00:00,1.758,21.3487,10.1001,0.7266,279.7295,238.9301,35.7546,1063.38,555.0093,3510.93,0.7266,295.1768,295.1768,295.1768,295.1768,295.1768,295.1768
2020-01-06 05:30:00,1.8489,23.1479,10.812000000000001,0.7704,289.2963,250.9858,37.0456,1094.14,567.1468,3550.52,0.7704,318.3779,318.3779,318.3779,318.3779,318.3779,318.3779
2020-01-06 06:00:00,2.0308,25.9635,12.0546,0.8283,305.8655,267.54400000000004,39.0766,1143.11,604.6990000000001,3633.54,0.8283,300.5796,300.5796,300.5796,300.5796,300.5796,300.5796
2020-01-06 06:30:00,2.1595,28.4589,13.3877,0.8877,317.3017,279.0902,40.413000000000004,1169.5,628.0788,3688.03,0.8877,305.6084,305.6084,305.6084,305.6084,305.6084,305.6084
2020-01-06 07:00:00,2.3597,30.8466,15.4883,0.9275,325.5898,292.4848,41.4838,1194.8,656.1472,3709.95,0.9275,297.9529,297.9529,297.9529,297.9529,297.9529,297.9529
2020-01-06 07:30:00,2.529,33.2491,16.1217,0.9211,331.7584,298.2895,41.7769,1203.93,676.12,3708.48,0.9211,276.3502,276.3502,276.3502,276.3502,276.3502,276.3502
2020-01-06 08:00:00,2.7739,34.7783,15.0449,0.8819,334.9442,305.0639,42.5919,1208.3,696.3769,3700.85,0.8819,289.3233,289.3233,289.3233,289.3233,289.3233,289.3233
2020-01-06 08:30:00,2.9002,35.5194,13.0988,0.8328,332.3598,306.9059,42.9336,1212.92,708.7415,3671.83,0.8328,300.1555,300.1555,300.1555,300.1555,300.1555,300.1555
2020-01-06 09:00:00,2.9883,35.4984,11.2523,0.7873,331.2118,308.6351,43.0292,1222.28,718.3093,3609.55,0.7873,315.6221,315.6221,315.6221,315.6221,315.6221,315.6221
2020-01-06 09:30:00,3.0681,35.6689,9.6812,0.7562,327.9823,308.1169,43.174,1221.76,729.6529,3595.46,0.7562,306.4517,306.4517,306.4517,306.4517,306.4517,306.4517
2020-01-06 10:00:00,3.0529,36.1634,7.9916,0.7456,327.2829,310.0434,43.2709,1221.87,735.3328,3608.54,0.7456,344.0719,344.0719,344.0719,344.0719,344.0719,344.0719
2020-01-06 10:30:00,3.0521,36.3438,7.3791,0.7367,321.6127,309.1237,43.4938,1228.78,741.9972,3624.09,0.7367,337.1553,337.1553,337.1553,337.1553,337.1553,337.1553
2020-01-06 11:00:00,3.0654,36.428000000000004,6.9175,0.7063,319.7183,310.0178,43.4005,1227.63,744.2701,3625.64,0.7063,308.6535,308.6535,308.6535,308.6535,308.6535,308.6535
2020-01-06 11:30:00,3.0133,35.946,5.9534,0.6979,320.3409,311.0446,43.4265,1227.91,743.7891,3622.51,0.6979,301.6142,301.6142,301.6142,301.6142,301.6142,301.6142
2020-01-06 12:00:00,2.9387,35.7122,5.9459,0.6759,318.1214,312.0174,43.156000000000006,1225.77,739.5268,3614.13,0.6759,279.2256,279.2256,279.2256,279.2256,279.2256,279.2256
2020-01-06 12:30:00,2.9344,35.7255,5.7884,0.6706,319.8007,312.6046,43.2417,1234.41,739.4654,3603.21,0.6706,308.9736,308.9736,308.9736,308.9736,308.9736,308.9736
2020-01-06 13:00:00,2.929,35.7829,5.6568,0.6491,322.8118,312.7533,42.9571,1232.73,743.4694,3597.43,0.6491,310.3781,310.3781,310.3781,310.3781,310.3781,310.3781
2020-01-06 13:30:00,2.8992,35.2633,5.8776,0.6513,325.9415,313.0344,43.0248,1231.24,743.8676,3556.43,0.6513,212.2134,212.2134,212.2134,212.2134,212.2134,212.2134
2020-01-06 14:00:00,2.8554,34.7427,5.7620000000000005,0.6551,322.8279,312.1425,42.8765,1229.63,743.6855,3555.93,0.6551,195.7506,195.7506,195.7506,195.7506,195.7506,195.7506
2020-01-06 14:30:00,2.8354,33.9365,6.2314,0.6486,320.3163,312.9052,42.8067,1234.31,736.4727,3527.77,0.6486,180.5159,180.5159,180.5159,180.5159,180.5159,180.5159
2020-01-06 15:00:00,2.804,33.1473,6.6235,0.6576,321.5583,312.6464,42.4176,1240.22,728.4153,3509.15,0.6576,175.2808,175.2808,175.2808,175.2808,175.2808,175.2808
2020-01-06 15:30:00,2.7234,32.2755,7.8541,0.6993,327.2521,313.123,42.2201,1253.02,721.2518,3565.59,0.6993,180.2443,180.2443,180.2443,180.2443,180.2443,180.2443
2020-01-06 16:00:00,2.6654,30.8235,9.6162,0.7644,330.5121,312.8464,42.3558,1257.1,716.7886,3644.01,0.7644,431.6251,431.6251,431.6251,431.6251,431.6251,431.6251
2020-01-06 16:30:00,2.6147,30.0129,10.5936,0.8494,332.6955,310.7744,42.2805,1261.28,701.1826,3699.08,0.8494,449.7682,449.7682,449.7682,449.7682,449.7682,449.7682
2020-01-06 17:00:00,2.5627,29.219,11.5916,0.9908,341.4679,305.8022,43.1652,1250.49,687.8412,3701.27,0.9908,481.921,481.921,481.921,481.921,481.921,481.921
2020-01-06 17:30:00,2.5082,28.3515,11.4816,1.1108,341.6346,300.7344,43.2793,1238.32,663.8960000000001,3704.47,1.1108,471.5808,471.5808,471.5808,471.5808,471.5808,471.5808
2020-01-06 18:00:00,2.3461,26.4531,10.9419,1.1485,339.1124,287.0398,42.5578,1219.16,609.4692,3648.13,1.1485,505.6351,505.6351,505.6351,505.6351,505.6351,505.6351
2020-01-06 18:30:00,2.2512,25.5809,10.8978,1.1681,334.0457,281.4582,42.1003,1212.02,595.8329,3650.39,1.1681,486.2051,486.2051,486.2051,486.2051,486.2051,486.2051
2020-01-06 19:00:00,2.1444,24.686999999999998,10.9933,1.1635,329.4988,275.4225,41.7911,1204.06,586.2724,3624.65,1.1635,492.7524,492.7524,492.7524,492.7524,492.7524,492.7524
2020-01-06 19:30:00,2.0983,24.0564,11.0121,1.1847,324.877,271.3554,41.5083,1194.87,578.127,3624.54,1.1847,490.2834,490.2834,490.2834,490.2834,490.2834,490.2834
2020-01-06 20:00:00,2.0465,23.1267,10.8446,1.1475,316.897,266.6951,40.8123,1176.72,572.3346,3604.91,1.1475,493.9661,493.9661,493.9661,493.9661,493.9661,493.9661
2020-01-06 20:30:00,1.9682,22.368000000000002,10.5133,1.1093,310.6442,260.3038,40.0983,1168.47,566.2249,3592.8,1.1093,497.0873,497.0873,497.0873,497.0873,497.0873,497.0873
2020-01-06 21:00:00,1.8895,21.4967,10.0403,1.0693,303.494,252.9605,39.356,1167.34,559.1896,3607.88,1.0693,482.7766,482.7766,482.7766,482.7766,482.7766,482.7766
2020-01-06 21:30:00,1.8237,20.5389,9.4855,1.0398,298.2221,248.7836,38.5427,1168.23,553.4089,3588.65,1.0398,500.1443,500.1443,500.1443,500.1443,500.1443,500.1443
2020-01-06 22:00:00,1.7632,19.8516,9.3255,0.9654,291.2276,243.2627,37.1688,1148.59,548.0596,3584.73,0.9654,486.8534,486.8534,486.8534,486.8534,486.8534,486.8534
2020-01-06 22:30:00,1.7161,19.2414,9.0058,0.8976,287.1811,238.8235,36.3134,1131.41,541.6135,3582.77,0.8976,452.0431,452.0431,452.0431,452.0431,452.0431,452.0431
2020-01-06 23:00:00,1.6732,18.5067,8.8773,0.8483,280.8225,235.1251,35.4279,1120.12,539.8629,3548.29,0.8483,331.6217,331.6217,331.6217,331.6217,331.6217,331.6217
2020-01-06 23:30:00,1.6319,17.9538,8.8145,0.8038,279.0616,229.3389,34.7135,1118.63,534.0676,3544.96,0.8038,295.2678,295.2678,295.2678,295.2678,295.2678,295.2678
2020-01-07 00:00:00,1.6079,17.7192,8.5637,0.7647,295.7429,232.4074,36.2006,1152.16,579.1080000000001,4082.65,0.7647,217.6522,217.6522,217.6522,217.6522,217.6522,217.6522
2020-01-07 00:30:00,1.6008,17.57,8.533999999999999,0.7404,293.9058,230.3033,35.7752,1146.53,578.3505,4064.98,0.7404,213.9885,213.9885,213.9885,213.9885,213.9885,213.9885
2020-01-07 01:00:00,1.5821,17.5167,8.4193,0.7240000000000001,290.4973,228.4519,35.5885,1140.33,567.0196,4045.7,0.7240000000000001,215.3707,215.3707,215.3707,215.3707,215.3707,215.3707
2020-01-07 01:30:00,1.5731,17.4316,8.4985,0.7047,284.4137,226.0123,35.3331,1132.76,560.4096,4051.14,0.7047,222.5893,222.5893,222.5893,222.5893,222.5893,222.5893
2020-01-07 02:00:00,1.5821,17.3971,8.4013,0.6913,284.9008,224.2779,35.4663,1132.27,558.6707,4046.46,0.6913,209.8976,209.8976,209.8976,209.8976,209.8976,209.8976
2020-01-07 02:30:00,1.5881,17.2979,8.5254,0.6799,283.7078,223.8849,35.2669,1125.03,559.1828,4016.54,0.6799,208.2417,208.2417,208.2417,208.2417,208.2417,208.2417
2020-01-07 03:00:00,1.5942,17.5426,8.7518,0.6835,284.6876,225.6149,35.4096,1124.24,563.3236,3994.32,0.6835,213.2237,213.2237,213.2237,213.2237,213.2237,213.2237
2020-01-07 03:30:00,1.5951,18.0114,9.0083,0.6836,287.0454,228.25400000000002,35.7281,1125.17,570.7644,4009.76,0.6836,213.8496,213.8496,213.8496,213.8496,213.8496,213.8496
2020-01-07 04:00:00,1.6361,19.198,9.0223,0.7023,292.2399,235.8368,36.9002,1130.18,580.1201,4040.23,0.7023,218.5359,218.5359,218.5359,218.5359,218.5359,218.5359
2020-01-07 04:30:00,1.6846,20.093,9.5741,0.7091,297.5441,241.5483,37.5357,1142.59,589.24,4075.41,0.7091,194.3039,194.3039,194.3039,194.3039,194.3039,194.3039
2020-01-07 05:00:00,1.7854,21.7497,10.4104,0.7531,306.8875,255.0023,39.2377,1178.42,624.1485,4090.82,0.7531,143.0082,143.0082,143.0082,143.0082,143.0082,143.0082
2020-01-07 05:30:00,1.8718,23.7717,10.955,0.7941,320.5853,265.6079,40.7763,1205.85,652.236,4114.71,0.7941,161.9331,161.9331,161.9331,161.9331,161.9331,161.9331
2020-01-07 06:00:00,2.0806,26.8731,12.8508,0.8457,336.5802,280.6473,43.2573,1244.99,699.4669,4168.49,0.8457,153.9335,153.9335,153.9335,153.9335,153.9335,153.9335
2020-01-07 06:30:00,2.2265,29.1562,14.4799,0.9129999999999999,352.1827,294.1887,44.6178,1272.53,730.0477,4221.11,0.9129999999999999,166.2786,166.2786,166.2786,166.2786,166.2786,166.2786
2020-01-07 07:00:00,2.4227,31.788,16.625999999999998,0.981,359.4764,308.2792,45.8373,1295.94,756.4496,4248.94,0.981,165.8052,165.8052,165.8052,165.8052,165.8052,165.8052
2020-01-07 07:30:00,2.6210000000000004,34.0223,17.6292,0.9624,367.8514,313.5199,46.2594,1305.02,784.1071,4239.49,0.9624,131.2945,131.2945,131.2945,131.2945,131.2945,131.2945
2020-01-07 08:00:00,2.8406,35.6683,17.1163,0.9412,373.2334,322.1077,47.074,1317.24,806.1373,4209.73,0.9412,129.5189,129.5189,129.5189,129.5189,129.5189,129.5189
2020-01-07 08:30:00,2.9924,36.2069,15.6182,0.8709,367.0669,325.3063,47.4251,1315.67,816.2717,4191.42,0.8709,122.1812,122.1812,122.1812,122.1812,122.1812,122.1812
2020-01-07 09:00:00,3.1152,36.6554,14.0984,0.8189,362.9526,326.5098,47.5758,1315.44,823.8981,4176.62,0.8189,134.2654,134.2654,134.2654,134.2654,134.2654,134.2654
2020-01-07 09:30:00,3.2005,37.2638,12.6235,0.7957,359.12199999999996,327.5019,47.8291,1318.07,832.5741,4159.89,0.7957,138.3212,138.3212,138.3212,138.3212,138.3212,138.3212
2020-01-07 10:00:00,3.2567,37.7808,11.5669,0.7746,354.9987,329.0409,47.7251,1307.72,840.9764,4123.46,0.7746,137.3945,137.3945,137.3945,137.3945,137.3945,137.3945
2020-01-07 10:30:00,3.2576,38.2371,10.8239,0.7444,348.99,327.9411,47.4909,1315.48,839.6169,4165.06,0.7444,127.0814,127.0814,127.0814,127.0814,127.0814,127.0814
2020-01-07 11:00:00,3.2381,37.8442,9.9336,0.7241,344.2413,327.4147,47.5794,1312.3,850.2521,4130.73,0.7241,124.1961,124.1961,124.1961,124.1961,124.1961,124.1961
2020-01-07 11:30:00,3.1641,37.5613,9.4428,0.7238,340.7481,326.6818,47.2246,1307.68,854.1944,4149.9,0.7238,128.5261,128.5261,128.5261,128.5261,128.5261,128.5261
2020-01-07 12:00:00,3.0994,37.4814,9.3964,0.715,339.4216,327.5151,47.1082,1305.58,850.8536,4177.45,0.715,128.5356,128.5356,128.5356,128.5356,128.5356,128.5356
2020-01-07 12:30:00,3.127,37.2923,9.0747,0.6995,342.7086,328.8402,47.423,1307.04,852.0046,4189.46,0.6995,126.9547,126.9547,126.9547,126.9547,126.9547,126.9547
2020-01-07 13:00:00,3.0869999999999997,37.1035,8.5317,0.6877,337.6926,326.2305,47.2762,1307.57,855.0673,4232.19,0.6877,133.1486,133.1486,133.1486,133.1486,133.1486,133.1486
2020-01-07 13:30:00,3.0589,36.6201,8.1908,0.684,337.2658,325.0087,47.17100000000001,1308.54,852.1251,4150.75,0.684,119.0718,119.0718,119.0718,119.0718,119.0718,119.0718
2020-01-07 14:00:00,3.0241,35.9553,8.4577,0.6806,333.3298,322.6546,46.9057,1297.87,846.6821,4153.65,0.6806,119.4109,119.4109,119.4109,119.4109,119.4109,119.4109
2020-01-07 14:30:00,2.9701,35.1561,8.7928,0.6833,336.5352,323.318,46.8486,1292.16,834.4131,4113.42,0.6833,119.1439,119.1439,119.1439,119.1439,119.1439,119.1439
2020-01-07 15:00:00,2.9113,33.977,8.4925,0.7102,338.4025,323.1467,46.4126,1292.34,826.7663,4102.52,0.7102,122.6003,122.6003,122.6003,122.6003,122.6003,122.6003
2020-01-07 15:30:00,2.8341,32.7753,9.6277,0.7381,346.6238,324.1485,46.309,1300.33,816.5951,4144.84,0.7381,133.5036,133.5036,133.5036,133.5036,133.5036,133.5036
2020-01-07 16:00:00,2.7858,31.8337,10.3257,0.8152,351.9421,322.175,46.3578,1303.66,804.5488,4207.03,0.8152,238.2604,238.2604,238.2604,238.2604,238.2604,238.2604
2020-01-07 16:30:00,2.7163,30.8704,11.0903,0.9157,357.9281,320.4474,46.3,1299.01,791.9929,4267.82,0.9157,265.0453,265.0453,265.0453,265.0453,265.0453,265.0453
2020-01-07 17:00:00,2.6455,30.2465,11.8569,1.0584,358.3706,316.9707,47.3049,1296.37,775.1273,4282.04,1.0584,290.1951,290.1951,290.1951,290.1951,290.1951,290.1951
2020-01-07 17:30:00,2.5707,29.1712,11.9042,1.1473,359.4479,310.8336,47.258,1285.67,747.2056,4273.91,1.1473,286.1402,286.1402,286.1402,286.1402,286.1402,286.1402
2020-01-07 18:00:00,2.4455,27.4971,11.9119,1.1989,355.2224,297.2317,46.0836,1268.98,681.0112,4261.47,1.1989,294.1606,294.1606,294.1606,294.1606,294.1606,294.1606
2020-01-07 18:30:00,2.3605,26.3892,11.8331,1.2127,355.4935,292.9663,45.528999999999996,1267.32,666.6898,4244.41,1.2127,299.2605,299.2605,299.2605,299.2605,299.2605,299.2605
2020-01-07 19:00:00,2.2608,25.7517,11.5757,1.2036,352.8804,285.3907,44.9468,1259.54,656.8359,4246.74,1.2036,287.0784,287.0784,287.0784,287.0784,287.0784,287.0784
2020-01-07 19:30:00,2.1787,25.1968,11.5003,1.1874,347.9805,281.2375,44.3427,1251.36,651.5512,4296.41,1.1874,294.0129,294.0129,294.0129,294.0129,294.0129,294.0129
2020-01-07 20:00:00,2.1,24.1457,11.2098,1.1793,340.9843,275.6087,43.7283,1238.14,643.6163,4342.65,1.1793,286.8504,286.8504,286.8504,286.8504,286.8504,286.8504
2020-01-07 20:30:00,2.0167,23.3888,10.9345,1.136,336.2963,269.8116,42.9899,1228.74,639.4587,4330.32,1.136,295.1032,295.1032,295.1032,295.1032,295.1032,295.1032
2020-01-07 21:00:00,1.9284,22.4009,10.2427,1.0874,328.9723,262.6235,42.3396,1218.14,628.659,4326.37,1.0874,291.9408,291.9408,291.9408,291.9408,291.9408,291.9408
2020-01-07 21:30:00,1.8336,21.4215,9.955,1.0243,323.7639,258.7386,41.4831,1224.94,622.1681,4238.36,1.0243,258.6371,258.6371,258.6371,258.6371,258.6371,258.6371
2020-01-07 22:00:00,1.7484,20.6775,9.1683,0.9536,312.7446,252.4548,40.0351,1218.94,612.4516,4160.61,0.9536,196.1966,196.1966,196.1966,196.1966,196.1966,196.1966
2020-01-07 22:30:00,1.6865,19.9525,8.7035,0.8976,306.8696,249.3927,39.0617,1208.28,608.7582,4133.22,0.8976,200.1723,200.1723,200.1723,200.1723,200.1723,200.1723
2020-01-07 23:00:00,1.6526,19.3469,8.568999999999999,0.8309,298.3871,244.1368,37.7438,1182.79,598.4892,4110.56,0.8309,190.9113,190.9113,190.9113,190.9113,190.9113,190.9113
2020-01-07 23:30:00,1.6249,18.9,8.3642,0.7685,295.6817,239.4961,37.08,1175.7,589.9507,4115.84,0.7685,189.4074,189.4074,189.4074,189.4074,189.4074,189.4074
2020-01-08 00:00:00,1.5915,18.4299,8.3993,0.7538,293.0353,234.097,36.2774,1168.53,572.5254,3998.1,0.7538,51.3906,51.3906,51.3906,51.3906,51.3906,51.3906
2020-01-08 00:30:00,1.5755,18.2276,8.3649,0.7385,290.1357,232.2111,35.7765,1164.67,573.4284,3957.49,0.7385,50.3889,50.3889,50.3889,50.3889,50.3889,50.3889
2020-01-08 01:00:00,1.5545,18.1267,8.3842,0.7122,285.9049,229.3566,35.4816,1157.05,561.1193,3923.92,0.7122,49.3627,49.3627,49.3627,49.3627,49.3627,49.3627
2020-01-08 01:30:00,1.5478,18.0241,8.3212,0.6795,283.5904,226.8468,35.2254,1146.75,559.9834,3938.89,0.6795,50.8026,50.8026,50.8026,50.8026,50.8026,50.8026
2020-01-08 02:00:00,1.5452,17.7567,8.4391,0.6646,283.8109,224.7247,35.0648,1140.32,555.9717,3892.27,0.6646,45.1816,45.1816,45.1816,45.1816,45.1816,45.1816
2020-01-08 02:30:00,1.5457,17.5937,8.3846,0.6587,280.7689,224.0949,35.0292,1141.48,552.4258,3870.08,0.6587,47.2507,47.2507,47.2507,47.2507,47.2507,47.2507
2020-01-08 03:00:00,1.5536,17.7555,8.4461,0.6561,284.2388,225.582,35.0337,1142.98,554.265,3865.75,0.6561,44.7146,44.7146,44.7146,44.7146,44.7146,44.7146
2020-01-08 03:30:00,1.5706,18.229,8.4297,0.6483,286.95599999999996,229.5559,35.287,1143.4,563.5546,3862.52,0.6483,56.8019,56.8019,56.8019,56.8019,56.8019,56.8019
2020-01-08 04:00:00,1.5838,19.4054,8.5567,0.6448,291.8375,236.4905,36.1214,1145.99,579.5457,3888.0,0.6448,54.6815,54.6815,54.6815,54.6815,54.6815,54.6815
2020-01-08 04:30:00,1.6384,20.0558,9.1097,0.6653,296.7539,242.62400000000002,37.0811,1161.59,594.1317,3931.2,0.6653,43.7938,43.7938,43.7938,43.7938,43.7938,43.7938
2020-01-08 05:00:00,1.7447,21.9005,9.9813,0.7001,305.3925,254.7658,38.6061,1187.92,613.3622,4000.99,0.7001,53.3685,53.3685,53.3685,53.3685,53.3685,53.3685
2020-01-08 05:30:00,1.8506,23.5921,10.7837,0.7534,320.4076,264.7913,39.8656,1223.36,630.6975,4037.01,0.7534,54.4982,54.4982,54.4982,54.4982,54.4982,54.4982
2020-01-08 06:00:00,2.0145,26.5942,12.3261,0.7928,340.6894,283.0475,41.9631,1276.19,672.6079,4057.55,0.7928,59.2036,59.2036,59.2036,59.2036,59.2036,59.2036
2020-01-08 06:30:00,2.1416,29.1049,13.789000000000001,0.8429,351.6634,296.4406,43.3842,1306.36,709.9336,4101.9,0.8429,49.1331,49.1331,49.1331,49.1331,49.1331,49.1331
2020-01-08 07:00:00,2.364,31.908,15.9368,0.9095,363.0047,308.1329,44.8403,1324.88,743.4989999999999,4141.99,0.9095,51.4994,51.4994,51.4994,51.4994,51.4994,51.4994
2020-01-08 07:30:00,2.5558,33.9628,16.8421,0.8849,372.2769,317.0207,45.0655,1331.72,767.4106,4152.5,0.8849,42.8297,42.8297,42.8297,42.8297,42.8297,42.8297
2020-01-08 08:00:00,2.7635,35.5151,16.3317,0.8553,376.0097,323.079,45.842,1347.24,790.7895,4140.76,0.8553,42.7227,42.7227,42.7227,42.7227,42.7227,42.7227
2020-01-08 08:30:00,2.9111,36.4152,15.1734,0.8235,376.6895,327.9767,46.4131,1355.43,805.2658,4105.42,0.8235,42.6924,42.6924,42.6924,42.6924,42.6924,42.6924
2020-01-08 09:00:00,2.9844,36.6712,13.3207,0.7814,377.4368,330.5227,46.7918,1352.1,819.497,4036.21,0.7814,35.3112,35.3112,35.3112,35.3112,35.3112,35.3112
2020-01-08 09:30:00,3.0915,37.2088,12.8252,0.768,377.6565,333.7716,47.1306,1349.97,828.738,4067.67,0.768,42.0018,42.0018,42.0018,42.0018,42.0018,42.0018
2020-01-08 10:00:00,3.1655,37.6126,12.1224,0.7622,375.0072,335.2536,47.3152,1355.44,833.2926,4052.02,0.7622,41.2899,41.2899,41.2899,41.2899,41.2899,41.2899
2020-01-08 10:30:00,3.2185,37.7663,12.241,0.748,373.3256,335.038,47.4699,1354.35,830.1218,4068.36,0.748,41.8746,41.8746,41.8746,41.8746,41.8746,41.8746
2020-01-08 11:00:00,3.2201,37.6201,11.2789,0.7516,366.0927,334.0809,46.9347,1357.98,832.0655,4076.91,0.7516,39.8653,39.8653,39.8653,39.8653,39.8653,39.8653
2020-01-08 11:30:00,3.1701,37.2481,10.4392,0.7456,363.0395,332.7227,46.9912,1353.92,833.5845,4097.8,0.7456,36.67,36.67,36.67,36.67,36.67,36.67
2020-01-08 12:00:00,3.0974,37.3797,9.9965,0.7242,357.3407,331.0831,46.7552,1337.29,829.4636,4125.02,0.7242,31.2067,31.2067,31.2067,31.2067,31.2067,31.2067
2020-01-08 12:30:00,3.0622,37.1619,9.8991,0.6964,359.2249,330.6806,46.7425,1330.73,834.0413,4113.31,0.6964,30.6674,30.6674,30.6674,30.6674,30.6674,30.6674
2020-01-08 13:00:00,3.0536,36.6884,9.7641,0.6972,358.9066,329.6797,46.3708,1337.44,838.0989999999999,4119.1,0.6972,32.0993,32.0993,32.0993,32.0993,32.0993,32.0993
2020-01-08 13:30:00,3.0198,36.069,9.4357,0.6932,350.9112,329.2162,46.4655,1332.94,836.5503,4043.75,0.6932,27.203000000000003,27.203000000000003,27.203000000000003,27.203000000000003,27.203000000000003,27.203000000000003
2020-01-08 14:00:00,3.0024,35.5882,9.1314,0.6972,345.5779,325.8819,46.3193,1313.73,828.5547,4017.48,0.6972,28.2673,28.2673,28.2673,28.2673,28.2673,28.2673
2020-01-08 14:30:00,2.9563,34.492,9.1224,0.6924,340.3173,325.3788,46.0731,1313.62,817.4753,3967.63,0.6924,25.5515,25.5515,25.5515,25.5515,25.5515,25.5515
2020-01-08 15:00:00,2.8869,33.4872,9.4275,0.7137,344.5245,324.0845,45.7739,1308.24,803.4146,3921.08,0.7137,28.3242,28.3242,28.3242,28.3242,28.3242,28.3242
2020-01-08 15:30:00,2.8316,32.2371,10.0889,0.7575,347.8507,322.7977,45.6639,1307.55,789.5599,3910.47,0.7575,30.2139,30.2139,30.2139,30.2139,30.2139,30.2139
2020-01-08 16:00:00,2.7892,31.5249,10.9167,0.8401,348.9036,320.2586,45.9224,1303.3,786.8561,3936.79,0.8401,24.2586,24.2586,24.2586,24.2586,24.2586,24.2586
2020-01-08 16:30:00,2.7444,31.1329,11.2092,0.9264,355.1691,320.3119,46.1449,1303.2,772.5389,4002.56,0.9264,31.627,31.627,31.627,31.627,31.627,31.627
2020-01-08 17:00:00,2.6929,30.2239,11.5477,1.0327,358.6031,316.7244,47.28,1301.16,760.1965,4015.02,1.0327,43.7711,43.7711,43.7711,43.7711,43.7711,43.7711
2020-01-08 17:30:00,2.6119,29.0343,11.6851,1.1023,357.9587,311.7766,47.1021,1288.56,734.6735,4031.35,1.1023,36.6419,36.6419,36.6419,36.6419,36.6419,36.6419
2020-01-08 18:00:00,2.4413,27.4411,11.3734,1.1505,352.1578,297.6029,46.0187,1274.88,673.4019999999999,4009.69,1.1505,43.063,43.063,43.063,43.063,43.063,43.063
2020-01-08 18:30:00,2.3443,26.7257,11.1828,1.1795,350.2981,290.7376,45.1685,1275.35,657.7067,4012.25,1.1795,42.9491,42.9491,42.9491,42.9491,42.9491,42.9491
2020-01-08 19:00:00,2.2507,25.8821,10.9863,1.149,340.1762,285.1995,44.783,1263.86,644.4143,3991.8,1.149,35.9763,35.9763,35.9763,35.9763,35.9763,35.9763
2020-01-08 19:30:00,2.1694,25.068,10.6288,1.1496,333.9186,282.0262,44.2732,1251.45,636.5599,4034.84,1.1496,40.3926,40.3926,40.3926,40.3926,40.3926,40.3926
2020-01-08 20:00:00,2.0828,24.2162,10.4988,1.1383,329.3525,276.5625,43.5035,1243.4,629.8567,4051.6,1.1383,41.6979,41.6979,41.6979,41.6979,41.6979,41.6979
2020-01-08 20:30:00,1.9902,23.3407,10.2782,1.1141,329.80400000000003,271.1728,43.2246,1236.12,622.1257,4009.29,1.1141,38.3442,38.3442,38.3442,38.3442,38.3442,38.3442
2020-01-08 21:00:00,1.9114,22.2057,9.662,1.0549,322.5913,262.2832,42.49,1227.29,608.6871,4019.95,1.0549,43.7565,43.7565,43.7565,43.7565,43.7565,43.7565
2020-01-08 21:30:00,1.8246,21.099,9.734,1.0062,317.9323,259.4816,41.7036,1220.53,599.349,4028.16,1.0062,42.891000000000005,42.891000000000005,42.891000000000005,42.891000000000005,42.891000000000005,42.891000000000005
2020-01-08 22:00:00,1.757,20.2332,9.2861,0.9377,309.2541,253.4948,40.0766,1205.12,598.6515,4006.72,0.9377,43.5021,43.5021,43.5021,43.5021,43.5021,43.5021
2020-01-08 22:30:00,1.7069,19.7148,9.0429,0.8809999999999999,304.7741,249.5239,39.0282,1194.02,596.0037,3983.89,0.8809999999999999,47.0247,47.0247,47.0247,47.0247,47.0247,47.0247
2020-01-08 23:00:00,1.6485,18.9092,9.1907,0.8248,297.6063,244.1062,37.8765,1183.59,591.1292,3958.63,0.8248,49.6769,49.6769,49.6769,49.6769,49.6769,49.6769
2020-01-08 23:30:00,1.6219999999999999,18.3709,9.1197,0.7816,294.0724,239.2605,37.0737,1176.83,581.9205,3911.49,0.7816,48.7901,48.7901,48.7901,48.7901,48.7901,48.7901
